timestamp,total_rec_per_sec,checkpoint_mb,heap_pct,gc_sec,managed_mb,managed_used_mb,managed_pct,backpressure,rocksdb_compactions,rocksdb_pending_comp_mb,rocksdb_mem_tables_mb,rocksdb_stall_ms,rocksdb_write_stopped,rocksdb_flushes,rocksdb_immutable_mems,rocksdb_flush_pending,rocksdb_live_data_mb,rocksdb_cache_hit_rate_pct
2025-10-13 01:39:12,19183,251.56,60,29,2846,2846.72,100,ok,0,0,0,0.00,0,0,0,0,0,N/A
2025-10-13 01:39:29,26072,407.70,60,30,2846,2846.72,100,ok,0,0,0,0.00,0,0,0,0,0,N/A
2025-10-13 01:39:49,29563,487.72,76,30,2846,2846.72,100,ok,0,0,0,0.00,0,0,0,0,0,N/A
2025-10-13 01:39:53,29563,587.74,76,30,2846,2846.72,100,ok,0,0,0,0.00,0,0,0,0,0,N/A
2025-10-13 01:40:01,28497,587.74,24,30,2846,2846.72,100,ok,0,0,0,0.00,0,0,0,0,0,N/A
2025-10-13 01:40:06,26794,662.73,73,30,2846,2846.72,100,ok,0,0,0,0.00,0,0,0,0,0,N/A
2025-10-13 01:40:15,28107,662.73,65,30,2846,2846.72,100,ok,0,0,0,0.00,0,0,0,0,0,N/A
2025-10-13 01:40:20,28107,745.95,65,30,2846,2846.72,100,ok,0,0,0,0.00,0,0,0,0,0,N/A
2025-10-13 01:40:24,28107,745.95,65,30,2846,2846.72,100,ok,0,0,0,0.00,0,0,0,0,0,N/A
2025-10-13 01:40:29,25764,810.35,47,30,2846,2846.72,100,ok,0,0,0,0.00,0,0,0,0,0,N/A
2025-10-13 01:40:33,25764,810.35,47,30,2846,2846.72,100,ok,0,0,0,0.00,0,0,0,0,0,N/A
2025-10-13 01:40:44,25654,810.35,42,30,2846,2846.72,100,ok,0,0,0,0.00,0,0,0,0,0,N/A
2025-10-13 01:40:48,20346,877.60,80,30,2846,2846.72,100,ok,0,0,0,0.00,0,0,0,0,0,N/A
2025-10-13 01:40:56,20346,877.60,69,30,2846,2846.72,100,ok,0,0,0,0.00,0,0,0,0,0,N/A
2025-10-13 01:41:01,19998,961.83,69,30,2846,2846.72,100,ok,0,0,0,0.00,0,0,0,0,0,N/A
2025-10-13 01:41:05,19998,961.83,69,30,2846,2846.72,100,ok,0,0,0,0.00,0,0,0,0,0,N/A
2025-10-13 01:41:13,19484,1012.52,49,30,2846,2846.72,100,ok,0,0,0,0.00,0,0,0,0,0,N/A
2025-10-13 01:41:17,19484,1012.52,49,30,2846,2846.72,100,ok,0,0,0,0.00,0,0,0,0,0,N/A
2025-10-13 01:41:27,19720,1065.39,65,31,2846,2846.72,100,ok,0,0,0,0.00,0,0,0,0,0,N/A
2025-10-13 01:41:31,17538,1065.39,53,31,2846,2846.72,100,ok,0,0,0,0.00,0,0,0,0,0,N/A
2025-10-13 01:41:38,17538,1135.32,53,31,2846,2846.72,100,ok,0,0,0,0.00,0,0,0,0,0,N/A
2025-10-13 01:41:43,17580,1135.32,50,31,2846,2846.72,100,ok,0,0,0,0.00,0,0,0,0,0,N/A
2025-10-13 01:41:51,21604,1210.96,41,31,2846,2846.72,100,ok,0,0,0,0.00,0,0,0,0,0,N/A
2025-10-13 01:41:55,21604,1210.96,41,31,2846,2846.72,100,ok,0,0,0,0.00,0,0,0,0,0,N/A
2025-10-13 01:42:03,21998,1210.96,43,31,2846,2846.72,100,ok,0,0,0,0.00,0,0,0,0,0,N/A
2025-10-13 01:42:07,21998,1277.21,43,31,2846,2846.72,100,ok,0,0,0,0.00,0,0,0,0,0,N/A
2025-10-13 01:42:13,18929,1277.21,34,31,2846,2846.72,100,ok,0,0,0,0.00,0,0,0,0,0,N/A
2025-10-13 01:42:20,18929,1342.27,19,31,2846,2846.72,100,ok,0,0,0,0.00,0,0,0,0,0,N/A
2025-10-13 01:42:25,20349,1342.27,19,31,2846,2846.72,100,ok,0,0,0,0.00,0,0,0,0,0,N/A
2025-10-13 01:42:32,19478,1416.90,80,31,2846,2846.72,100,ok,0,0,0,0.00,0,0,0,0,0,N/A
2025-10-13 01:42:37,19478,1416.90,80,31,2846,2846.72,100,ok,0,0,0,0.00,0,0,0,0,0,N/A
2025-10-13 01:42:44,19386,1481.27,73,31,2846,2846.72,100,ok,0,0,0,0.00,0,0,0,0,0,N/A
2025-10-13 01:42:48,19386,1481.27,73,31,2846,2846.72,100,ok,0,0,0,0.00,0,0,0,0,0,N/A
2025-10-13 01:42:58,21857,1540.34,72,31,2846,2846.72,100,ok,0,0,0,0.00,0,0,0,0,0,N/A
2025-10-13 01:43:03,18909,1540.34,45,31,2846,2846.72,100,ok,0,0,0,0.00,0,0,0,0,0,N/A
2025-10-13 01:43:14,15658,1598.41,70,31,2846,2846.72,100,ok,0,0,0,0.00,0,0,0,0,0,N/A
2025-10-13 01:43:18,15658,1598.41,70,31,2846,2846.72,100,ok,0,0,0,0.00,0,0,0,0,0,N/A
2025-10-13 01:43:27,15859,1631.98,48,31,2846,2846.72,100,ok,0,0,0,0.00,0,0,0,0,0,N/A
2025-10-13 01:43:31,15859,1631.98,24,31,2846,2846.72,100,ok,0,0,0,0.00,0,0,0,0,0,N/A
2025-10-13 01:43:40,14226,1693.97,24,31,2846,2846.72,100,ok,0,0,0,0.00,0,0,0,0,0,N/A
2025-10-13 01:43:44,11840,1693.97,55,31,2846,2846.72,100,ok,0,0,0,0.00,0,0,0,0,0,N/A
2025-10-13 01:43:53,11840,1719.10,55,31,2846,2846.72,100,ok,0,0,0,0.00,0,0,0,0,0,N/A
2025-10-13 01:43:57,10967,1719.10,64,31,2846,2846.72,100,ok,0,0,0,0.00,0,0,0,0,0,N/A
2025-10-13 01:44:06,11543,1785.24,21,31,2846,2846.72,100,ok,0,0,0,0.00,0,0,0,0,0,N/A
2025-10-13 01:44:10,11543,1785.24,21,31,2846,2846.72,100,ok,0,0,0,0.00,0,0,0,0,0,N/A
2025-10-13 01:44:18,13799,1802.44,78,31,2846,2846.72,100,ok,0,0,0,0.00,0,0,0,0,0,N/A
2025-10-13 01:44:23,13799,1802.44,31,31,2846,2846.72,100,ok,0,0,0,0.00,0,0,0,0,0,N/A
2025-10-13 01:44:29,15168,1802.44,31,31,2846,2846.72,100,ok,0,0,0,0.00,0,0,0,0,0,N/A
2025-10-13 01:44:34,15168,1849.21,37,31,2846,2846.72,100,ok,0,0,0,0.00,0,0,0,0,0,N/A
2025-10-13 01:44:43,15709,1849.21,37,31,2846,2846.72,100,ok,0,0,0,0.00,0,0,0,0,0,N/A
2025-10-13 01:44:47,17959,1908.06,69,31,2846,2846.72,100,ok,0,0,0,0.00,0,0,0,0,0,N/A
2025-10-13 01:44:51,17959,1908.06,69,31,2846,2846.72,100,ok,0,0,0,0.00,0,0,0,0,0,N/A
2025-10-13 01:44:58,17861,1957.81,61,31,2846,2846.72,100,ok,0,0,0,0.00,0,0,0,0,0,N/A
2025-10-13 01:45:02,17861,1957.81,61,31,2846,2846.72,100,ok,0,0,0,0.00,0,0,0,0,0,N/A
2025-10-13 01:45:11,17340,2013.51,56,31,2846,2846.72,100,ok,0,0,0,0.00,0,0,0,0,0,N/A
2025-10-13 01:45:14,17340,2013.51,56,31,2846,2846.72,100,ok,0,0,0,0.00,0,0,0,0,0,N/A
2025-10-13 01:45:21,18811,2013.51,53,31,2846,2846.72,100,ok,0,0,0,0.00,0,0,0,0,0,N/A
2025-10-13 01:45:25,18811,2075.66,53,31,2846,2846.72,100,ok,0,0,0,0.00,0,0,0,0,0,N/A
2025-10-13 01:45:30,14746,2075.66,30,31,2846,2846.72,100,ok,0,0,0,0.00,0,0,0,0,0,N/A
2025-10-13 01:45:38,14746,2122.65,30,31,2846,2846.72,100,ok,0,0,0,0.00,0,0,0,0,0,N/A
2025-10-13 01:45:42,12770,2122.65,30,31,2846,2846.72,100,ok,0,0,0,0.00,0,0,0,0,0,N/A
2025-10-13 01:45:50,12770,2122.65,30,31,2846,2846.72,100,ok,0,0,0,0.00,0,0,0,0,0,N/A
2025-10-13 01:45:54,15880,2172.42,34,32,2846,2846.72,100,ok,0,0,0,0.00,0,0,0,0,0,N/A
2025-10-13 01:45:58,15880,2172.42,34,32,2846,2846.72,100,ok,0,0,0,0.00,0,0,0,0,0,N/A
2025-10-13 01:46:04,16767,2225.33,45,32,2846,2846.72,100,ok,0,0,0,0.00,0,0,0,0,0,N/A
2025-10-13 01:46:08,16767,2225.33,45,32,2846,2846.72,100,ok,0,0,0,0.00,0,0,0,0,0,N/A
2025-10-13 01:46:16,16516,2225.33,43,32,2846,2846.72,100,ok,0,0,0,0.00,0,0,0,0,0,N/A
2025-10-13 01:46:20,16516,2287.08,43,32,2846,2846.72,100,ok,0,0,0,0.00,0,0,0,0,0,N/A
2025-10-13 01:46:29,14470,2287.08,77,32,2846,2846.72,100,ok,0,0,0,0.00,0,0,0,0,0,N/A
2025-10-13 01:46:33,12111,2327.36,43,32,2846,2846.72,100,ok,0,0,0,0.00,0,0,0,0,0,N/A
2025-10-13 01:46:38,12111,2327.36,43,32,2846,2846.72,100,ok,0,0,0,0.00,0,0,0,0,0,N/A
2025-10-13 01:46:44,12111,2338.50,20,32,2846,2846.72,100,ok,0,0,0,0.00,0,0,0,0,0,N/A
2025-10-13 01:46:48,11271,2338.50,20,32,2846,2846.72,100,ok,0,0,0,0.00,0,0,0,0,0,N/A
2025-10-13 01:46:54,11271,2338.50,20,32,2846,2846.72,100,ok,0,0,0,0.00,0,0,0,0,0,N/A
2025-10-13 01:46:58,12219,2361.21,59,32,2846,2846.72,100,ok,0,0,0,0.00,0,0,0,0,0,N/A
2025-10-13 01:47:05,10326,2361.21,38,32,2846,2846.72,100,ok,0,0,0,0.00,0,0,0,0,0,N/A
2025-10-13 01:47:10,10326,2399.32,38,32,2846,2846.72,100,ok,0,0,0,0.00,0,0,0,0,0,N/A
2025-10-13 01:47:14,10326,2399.32,38,32,2846,2846.72,100,ok,0,0,0,0.00,0,0,0,0,0,N/A
2025-10-13 01:47:22,8348,2417.88,68,32,2846,2846.72,100,ok,0,0,0,0.00,0,0,0,0,0,N/A
2025-10-13 01:47:26,8489,2417.88,26,32,2846,2846.72,100,ok,0,0,0,0.00,0,0,0,0,0,N/A
2025-10-13 01:47:34,8489,2422.57,26,32,2846,2846.72,100,ok,0,0,0,0.00,0,0,0,0,0,N/A
2025-10-13 01:47:40,7357,2422.57,50,32,2846,2846.72,100,ok,0,0,0,0.00,0,0,0,0,0,N/A
2025-10-13 01:47:48,7357,2429.01,50,32,2846,2846.72,100,ok,0,0,0,0.00,0,0,0,0,0,N/A
2025-10-13 01:47:52,5575,2429.01,66,32,2846,2846.72,100,ok,0,0,0,0.00,0,0,0,0,0,N/A
2025-10-13 01:47:59,5575,2437.39,66,32,2846,2846.72,100,ok,0,0,0,0.00,0,0,0,0,0,N/A
2025-10-13 01:48:02,5787,2437.39,34,32,2846,2846.72,100,ok,0,0,0,0.00,0,0,0,0,0,N/A
2025-10-13 01:48:11,5787,2459.51,34,32,2846,2846.72,100,ok,0,0,0,0.00,0,0,0,0,0,N/A
2025-10-13 01:48:15,5612,2459.51,71,32,2846,2846.72,100,ok,0,0,0,0.00,0,0,0,0,0,N/A
2025-10-13 01:48:22,5612,2488.81,45,32,2846,2846.72,100,ok,0,0,0,0.00,0,0,0,0,0,N/A
2025-10-13 01:48:27,5669,2488.81,45,32,2846,2846.72,100,ok,0,0,0,0.00,0,0,0,0,0,N/A
2025-10-13 01:48:35,6443,2507.52,75,32,2846,2846.72,100,ok,0,0,0,0.00,0,0,0,0,0,N/A
2025-10-13 01:48:39,6443,2507.52,75,32,2846,2846.72,100,ok,0,0,0,0.00,0,0,0,0,0,N/A
2025-10-13 01:48:46,7823,2533.57,68,32,2846,2846.72,100,ok,0,0,0,0.00,0,0,0,0,0,N/A
2025-10-13 01:48:50,7823,2533.57,68,32,2846,2846.72,100,ok,0,0,0,0.00,0,0,0,0,0,N/A
2025-10-13 01:48:57,8557,2533.57,54,32,2846,2846.72,100,ok,0,0,0,0.00,0,0,0,0,0,N/A
2025-10-13 01:49:01,8557,2575.44,54,32,2846,2846.72,100,ok,0,0,0,0.00,0,0,0,0,0,N/A
2025-10-13 01:49:06,8683,2575.44,45,32,2846,2846.72,100,ok,0,0,0,0.00,0,0,0,0,0,N/A
2025-10-13 01:49:12,8683,2606.93,45,32,2846,2846.72,100,ok,0,0,0,0.00,0,0,0,0,0,N/A
2025-10-13 01:49:16,9216,2606.93,69,32,2846,2846.72,100,ok,0,0,0,0.00,0,0,0,0,0,N/A
2025-10-13 01:49:24,9216,2634.82,69,32,2846,2846.72,100,ok,0,0,0,0.00,0,0,0,0,0,N/A
2025-10-13 01:49:28,9382,2634.82,44,32,2846,2846.72,100,ok,0,0,0,0.00,0,0,0,0,0,N/A
2025-10-13 01:49:35,9382,2648.54,44,32,2846,2846.72,100,ok,0,0,0,0.00,0,0,0,0,0,N/A
2025-10-13 01:49:40,9628,2648.54,21,32,2846,2846.72,100,ok,0,0,0,0.00,0,0,0,0,0,N/A
2025-10-13 01:49:47,9628,2667.04,21,32,2846,2846.72,100,ok,0,0,0,0.00,0,0,0,0,0,N/A
2025-10-13 01:49:51,9157,2667.04,65,32,2846,2846.72,100,ok,0,0,0,0.00,0,0,0,0,0,N/A
2025-10-13 01:49:55,9157,2667.04,65,32,2846,2846.72,100,ok,0,0,0,0.00,0,0,0,0,0,N/A
2025-10-13 01:50:02,8609,2701.26,34,32,2846,2846.72,100,ok,0,0,0,0.00,0,0,0,0,0,N/A
2025-10-13 01:50:07,8609,2701.26,34,32,2846,2846.72,100,ok,0,0,0,0.00,0,0,0,0,0,N/A
2025-10-13 01:50:14,7377,2708.94,60,32,2846,2846.72,100,ok,0,0,0,0.00,0,0,0,0,0,N/A
2025-10-13 01:50:18,6733,2708.94,20,32,2846,2846.72,100,ok,0,0,0,0.00,0,0,0,0,0,N/A
2025-10-13 01:50:25,6733,2716.39,20,32,2846,2846.72,100,ok,0,0,0,0.00,0,0,0,0,0,N/A
2025-10-13 01:50:29,6733,2716.39,20,32,2846,2846.72,100,ok,0,0,0,0.00,0,0,0,0,0,N/A
2025-10-13 01:50:36,6151,2730.49,50,32,2846,2846.72,100,ok,0,0,0,0.00,0,0,0,0,0,N/A
2025-10-13 01:50:40,6151,2730.49,21,32,2846,2846.72,100,ok,0,0,0,0.00,0,0,0,0,0,N/A
2025-10-13 01:50:49,5440,2747.55,21,32,2846,2846.72,100,ok,0,0,0,0.00,0,0,0,0,0,N/A
2025-10-13 01:50:53,5385,2747.55,63,32,2846,2846.72,100,ok,0,0,0,0.00,0,0,0,0,0,N/A
2025-10-13 01:51:01,5385,2766.55,63,32,2846,2846.72,100,ok,0,0,0,0.00,0,0,0,0,0,N/A
2025-10-13 01:51:05,5420,2766.55,29,32,2846,2846.72,100,ok,0,0,0,0.00,0,0,0,0,0,N/A
2025-10-13 01:51:13,5420,2787.06,29,32,2846,2846.72,100,ok,0,0,0,0.00,0,0,0,0,0,N/A
2025-10-13 01:51:17,5647,2787.06,60,32,2846,2846.72,100,ok,0,0,0,0.00,0,0,0,0,0,N/A
2025-10-13 01:51:24,5647,2794.29,60,32,2846,2846.72,100,ok,0,0,0,0.00,0,0,0,0,0,N/A
2025-10-13 01:51:28,5847,2794.29,30,32,2846,2846.72,100,ok,0,0,0,0.00,0,0,0,0,0,N/A
2025-10-13 01:51:35,5847,2808.35,30,32,2846,2846.72,100,ok,0,0,0,0.00,0,0,0,0,0,N/A
2025-10-13 01:51:39,6106,2808.35,68,32,2846,2846.72,100,ok,0,0,0,0.00,0,0,0,0,0,N/A
2025-10-13 01:51:47,6106,2828.98,68,32,2846,2846.72,100,ok,0,0,0,0.00,0,0,0,0,0,N/A
2025-10-13 01:51:50,6236,2828.98,38,32,2846,2846.72,100,ok,0,0,0,0.00,0,0,0,0,0,N/A
2025-10-13 01:51:58,6236,2844.53,38,32,2846,2846.72,100,ok,0,0,0,0.00,0,0,0,0,0,N/A
2025-10-13 01:52:02,6526,2844.53,19,32,2846,2846.72,100,ok,0,0,0,0.00,0,0,0,0,0,N/A
2025-10-13 01:52:09,6526,2863.68,19,32,2846,2846.72,100,ok,0,0,0,0.00,0,0,0,0,0,N/A
2025-10-13 01:52:13,7250,2863.68,77,32,2846,2846.72,100,ok,0,0,0,0.00,0,0,0,0,0,N/A
2025-10-13 01:52:22,7250,2888.92,77,32,2846,2846.72,100,ok,0,0,0,0.00,0,0,0,0,0,N/A
2025-10-13 01:52:26,7105,2888.92,55,32,2846,2846.72,100,ok,0,0,0,0.00,0,0,0,0,0,N/A
2025-10-13 01:52:33,7105,2919.31,55,32,2846,2846.72,100,ok,0,0,0,0.00,0,0,0,0,0,N/A
2025-10-13 01:52:37,7296,2919.31,23,32,2846,2846.72,100,ok,0,0,0,0.00,0,0,0,0,0,N/A
2025-10-13 01:52:45,7296,2925.67,23,32,2846,2846.72,100,ok,0,0,0,0.00,0,0,0,0,0,N/A
2025-10-13 01:52:48,7595,2925.67,68,32,2846,2846.72,100,ok,0,0,0,0.00,0,0,0,0,0,N/A
2025-10-13 01:52:56,7595,2936.38,68,32,2846,2846.72,100,ok,0,0,0,0.00,0,0,0,0,0,N/A
2025-10-13 01:53:00,7659,2936.38,55,32,2846,2846.72,100,ok,0,0,0,0.00,0,0,0,0,0,N/A
2025-10-13 01:53:09,7659,2964.66,55,32,2846,2846.72,100,ok,0,0,0,0.00,0,0,0,0,0,N/A
2025-10-13 01:53:13,7020,2964.66,42,32,2846,2846.72,100,ok,0,0,0,0.00,0,0,0,0,0,N/A
2025-10-13 01:53:22,7020,2993.94,42,32,2846,2846.72,100,ok,0,0,0,0.00,0,0,0,0,0,N/A
2025-10-13 01:53:25,6826,2993.94,62,32,2846,2846.72,100,ok,0,0,0,0.00,0,0,0,0,0,N/A
2025-10-13 01:53:33,6826,3009.66,62,32,2846,2846.72,100,ok,0,0,0,0.00,0,0,0,0,0,N/A
2025-10-13 01:53:37,6565,3009.66,25,32,2846,2846.72,100,ok,0,0,0,0.00,0,0,0,0,0,N/A
2025-10-13 01:53:44,6565,3011.58,25,32,2846,2846.72,100,ok,0,0,0,0.00,0,0,0,0,0,N/A
2025-10-13 01:53:48,6636,3011.58,54,32,2846,2846.72,100,ok,0,0,0,0.00,0,0,0,0,0,N/A
2025-10-13 01:53:55,6636,3027.35,54,32,2846,2846.72,100,ok,0,0,0,0.00,0,0,0,0,0,N/A
2025-10-13 01:53:59,5968,3027.35,31,32,2846,2846.72,100,ok,0,0,0,0.00,0,0,0,0,0,N/A
2025-10-13 01:54:15,5476,3046.88,55,32,2846,2846.72,100,ok,0,0,0,0.00,0,0,0,0,0,N/A
2025-10-13 01:54:20,4462,3046.88,18,32,2846,2846.72,100,ok,0,0,0,0.00,0,0,0,0,0,N/A
2025-10-13 01:54:27,4462,3068.52,38,32,2846,2846.72,100,ok,0,0,0,0.00,0,0,0,0,0,N/A
2025-10-13 01:54:31,4716,3068.52,38,32,2846,2846.72,100,ok,0,0,0,0.00,0,0,0,0,0,N/A
2025-10-13 01:54:39,4347,3077.25,66,32,2846,2846.72,100,ok,0,0,0,0.00,0,0,0,0,0,N/A
2025-10-13 01:54:46,4347,3077.25,66,32,2846,2846.72,100,ok,0,0,0,0.00,0,0,0,0,0,N/A
2025-10-13 01:54:50,3904,3087.22,25,33,2846,2846.72,100,ok,0,0,0,0.00,0,0,0,0,0,N/A
2025-10-13 01:54:56,3904,3087.22,25,33,2846,2846.72,100,ok,0,0,0,0.00,0,0,0,0,0,N/A
2025-10-13 01:55:02,4193,3093.62,60,33,2846,2846.72,100,ok,0,0,0,0.00,0,0,0,0,0,N/A
2025-10-13 01:55:05,4193,3093.62,60,33,2846,2846.72,100,ok,0,0,0,0.00,0,0,0,0,0,N/A
2025-10-13 01:55:14,5319,3120.20,43,33,2846,2846.72,100,ok,0,0,0,0.00,0,0,0,0,0,N/A
2025-10-13 01:55:18,5259,3120.20,18,33,2846,2846.72,100,ok,0,0,0,0.00,0,0,0,0,0,N/A
2025-10-13 01:55:26,5259,3142.84,18,33,2846,2846.72,100,ok,0,0,0,0.00,0,0,0,0,0,N/A
2025-10-13 01:55:30,5746,3142.84,53,33,2846,2846.72,100,ok,0,0,0,0.00,0,0,0,0,0,N/A
2025-10-13 01:55:37,5746,3153.83,53,33,2846,2846.72,100,ok,0,0,0,0.00,0,0,0,0,0,N/A
2025-10-13 01:55:41,5813,3153.83,37,33,2846,2846.72,100,ok,0,0,0,0.00,0,0,0,0,0,N/A
2025-10-13 01:55:48,5813,3174.18,37,33,2846,2846.72,100,ok,0,0,0,0.00,0,0,0,0,0,N/A
2025-10-13 01:55:52,6327,3174.18,23,33,2846,2846.72,100,ok,0,0,0,0.00,0,0,0,0,0,N/A
2025-10-13 01:56:00,6327,3193.91,23,33,2846,2846.72,100,ok,0,0,0,0.00,0,0,0,0,0,N/A
2025-10-13 01:56:08,6432,3193.91,56,33,2846,2846.72,100,ok,0,0,0,0.00,0,0,0,0,0,N/A
2025-10-13 01:56:13,6432,3216.76,56,33,2846,2846.72,100,ok,0,0,0,0.00,0,0,0,0,0,N/A
2025-10-13 01:56:17,6282,3216.76,27,33,2846,2846.72,100,ok,0,0,0,0.00,0,0,0,0,0,N/A
2025-10-13 01:56:25,6282,3229.44,57,33,2846,2846.72,100,ok,0,0,0,0.00,0,0,0,0,0,N/A
2025-10-13 01:56:29,6135,3229.44,57,33,2846,2846.72,100,ok,0,0,0,0.00,0,0,0,0,0,N/A
2025-10-13 01:56:36,6135,3236.54,26,33,2846,2846.72,100,ok,0,0,0,0.00,0,0,0,0,0,N/A
2025-10-13 01:56:40,5940,3236.54,26,33,2846,2846.72,100,ok,0,0,0,0.00,0,0,0,0,0,N/A
2025-10-13 01:56:48,5940,3246.93,26,33,2846,2846.72,100,ok,0,0,0,0.00,0,0,0,0,0,N/A
2025-10-13 01:56:52,5399,3246.93,55,33,2846,2846.72,100,ok,0,0,0,0.00,0,0,0,0,0,N/A
2025-10-13 01:57:00,5399,3258.58,28,33,2846,2846.72,100,ok,0,0,0,0.00,0,0,0,0,0,N/A
2025-10-13 01:57:04,5009,3258.58,28,33,2846,2846.72,100,ok,0,0,0,0.00,0,0,0,0,0,N/A
2025-10-13 01:57:11,5009,3259.88,28,33,2846,2846.72,100,ok,0,0,0,0.00,0,0,0,0,0,N/A
2025-10-13 01:57:17,4738,3259.88,55,33,2846,2846.72,100,ok,0,0,0,0.00,0,0,0,0,0,N/A
2025-10-13 01:57:22,4738,3274.59,55,33,2846,2846.72,100,ok,0,0,0,0.00,0,0,0,0,0,N/A
2025-10-13 01:57:29,4639,3274.59,27,33,2846,2846.72,100,ok,0,0,0,0.00,0,0,0,0,0,N/A
2025-10-13 01:57:33,4639,3295.66,58,33,2846,2846.72,100,ok,0,0,0,0.00,0,0,0,0,0,N/A
2025-10-13 01:57:41,4408,3307.09,58,33,2846,2846.72,100,ok,0,0,0,0.00,0,0,0,0,0,N/A
2025-10-13 01:57:46,4181,3307.09,25,33,2846,2846.72,100,ok,0,0,0,0.00,0,0,0,0,0,N/A
2025-10-13 01:57:55,4181,3316.62,25,33,2846,2846.72,100,ok,0,0,0,0.00,0,0,0,0,0,N/A
2025-10-13 01:58:02,4108,3323.52,58,33,2846,2846.72,100,ok,0,0,0,0.00,0,0,0,0,0,N/A
2025-10-13 01:58:06,4108,3323.52,58,33,2846,2846.72,100,ok,0,0,0,0.00,0,0,0,0,0,N/A
2025-10-13 01:58:15,4157,3331.23,28,33,2846,2846.72,100,ok,0,0,0,0.00,0,0,0,0,0,N/A
2025-10-13 01:58:20,4129,3331.23,68,33,2846,2846.72,100,ok,0,0,0,0.00,0,0,0,0,0,N/A
2025-10-13 01:58:28,4129,3345.84,52,33,2846,2846.72,100,ok,0,0,0,0.00,0,0,0,0,0,N/A
2025-10-13 01:58:32,4968,3345.84,52,33,2846,2846.72,100,ok,0,0,0,0.00,0,0,0,0,0,N/A
2025-10-13 01:58:41,5471,3388.13,34,33,2846,2846.72,100,ok,0,0,0,0.00,0,0,0,0,0,N/A
2025-10-13 01:58:45,5471,3388.13,34,33,2846,2846.72,100,ok,0,0,0,0.00,0,0,0,0,0,N/A
2025-10-13 01:58:53,6078,3420.06,22,33,2846,2846.72,100,ok,0,0,0,0.00,0,0,0,0,0,N/A
2025-10-13 01:58:57,6078,3420.06,22,33,2846,2846.72,100,ok,0,0,0,0.00,0,0,0,0,0,N/A
2025-10-13 01:59:04,6080,3422.74,51,33,2846,2846.72,100,ok,0,0,0,0.00,0,0,0,0,0,N/A
2025-10-13 01:59:10,6461,3422.74,29,33,2846,2846.72,100,ok,0,0,0,0.00,0,0,0,0,0,N/A
2025-10-13 01:59:15,6461,3430.19,29,33,2846,2846.72,100,ok,0,0,0,0.00,0,0,0,0,0,N/A
2025-10-13 01:59:19,6461,3430.19,29,33,2846,2846.72,100,ok,0,0,0,0.00,0,0,0,0,0,N/A
2025-10-13 01:59:25,6395,3440.83,70,33,2846,2846.72,100,ok,0,0,0,0.00,0,0,0,0,0,N/A
2025-10-13 01:59:29,6395,3440.83,70,33,2846,2846.72,100,ok,0,0,0,0.00,0,0,0,0,0,N/A
2025-10-13 01:59:35,6580,3448.53,39,33,2846,2846.72,100,ok,0,0,0,0.00,0,0,0,0,0,N/A
2025-10-13 01:59:40,6580,3448.53,77,33,2846,2846.72,100,ok,0,0,0,0.00,0,0,0,0,0,N/A
2025-10-13 01:59:46,6204,3461.96,77,33,2846,2846.72,100,ok,0,0,0,0.00,0,0,0,0,0,N/A
2025-10-13 01:59:50,5623,3461.96,59,33,2846,2846.72,100,ok,0,0,0,0.00,0,0,0,0,0,N/A
2025-10-13 01:59:58,5623,3480.25,59,33,2846,2846.72,100,ok,0,0,0,0.00,0,0,0,0,0,N/A
2025-10-13 02:00:02,5447,3480.25,26,33,2846,2846.72,100,ok,0,0,0,0.00,0,0,0,0,0,N/A
2025-10-13 02:00:10,5447,3498.84,26,33,2846,2846.72,100,ok,0,0,0,0.00,0,0,0,0,0,N/A
2025-10-13 02:00:14,5517,3498.84,63,33,2846,2846.72,100,ok,0,0,0,0.00,0,0,0,0,0,N/A
2025-10-13 02:00:21,5517,3508.32,63,33,2846,2846.72,100,ok,0,0,0,0.00,0,0,0,0,0,N/A
2025-10-13 02:00:25,5249,3508.32,40,33,2846,2846.72,100,ok,0,0,0,0.00,0,0,0,0,0,N/A
2025-10-13 02:00:32,5249,3515.44,40,33,2846,2846.72,100,ok,0,0,0,0.00,0,0,0,0,0,N/A
2025-10-13 02:00:36,4892,3515.44,69,33,2846,2846.72,100,ok,0,0,0,0.00,0,0,0,0,0,N/A
2025-10-13 02:00:43,4892,3529.35,69,33,2846,2846.72,100,ok,0,0,0,0.00,0,0,0,0,0,N/A
2025-10-13 02:00:49,4313,3529.35,42,33,2846,2846.72,100,ok,0,0,0,0.00,0,0,0,0,0,N/A
2025-10-13 02:00:54,4313,3537.53,42,33,2846,2846.72,100,ok,0,0,0,0.00,0,0,0,0,0,N/A
2025-10-13 02:00:58,4313,3537.53,42,33,2846,2846.72,100,ok,0,0,0,0.00,0,0,0,0,0,N/A
2025-10-13 02:01:05,4696,3557.16,77,33,2846,2846.72,100,ok,0,0,0,0.00,0,0,0,0,0,N/A
2025-10-13 02:01:09,4822,3557.16,44,33,2846,2846.72,100,ok,0,0,0,0.00,0,0,0,0,0,N/A
2025-10-13 02:01:16,4822,3567.48,44,33,2846,2846.72,100,ok,0,0,0,0.00,0,0,0,0,0,N/A
2025-10-13 02:01:21,4607,3567.48,74,33,2846,2846.72,100,ok,0,0,0,0.00,0,0,0,0,0,N/A
2025-10-13 02:01:28,4607,3571.12,74,33,2846,2846.72,100,ok,0,0,0,0.00,0,0,0,0,0,N/A
2025-10-13 02:01:35,4607,3571.12,74,33,2846,2846.72,100,ok,0,0,0,0.00,0,0,0,0,0,N/A
2025-10-13 02:01:39,4179,3585.73,52,33,2846,2846.72,100,ok,0,0,0,0.00,0,0,0,0,0,N/A
2025-10-13 02:01:43,4179,3585.73,52,33,2846,2846.72,100,ok,0,0,0,0.00,0,0,0,0,0,N/A
2025-10-13 02:01:49,4139,3592.05,75,33,2846,2846.72,100,ok,0,0,0,0.00,0,0,0,0,0,N/A
2025-10-13 02:01:53,4139,3592.05,75,33,2846,2846.72,100,ok,0,0,0,0.00,0,0,0,0,0,N/A
2025-10-13 02:01:59,4368,3592.36,44,33,2846,2846.72,100,ok,0,0,0,0.00,0,0,0,0,0,N/A
2025-10-13 02:02:03,4368,3592.36,44,33,2846,2846.72,100,ok,0,0,0,0.00,0,0,0,0,0,N/A
2025-10-13 02:02:09,4445,3603.40,76,33,2846,2846.72,100,ok,0,0,0,0.00,0,0,0,0,0,N/A
2025-10-13 02:02:13,4445,3603.40,76,33,2846,2846.72,100,ok,0,0,0,0.00,0,0,0,0,0,N/A
2025-10-13 02:02:20,4463,3612.56,47,33,2846,2846.72,100,ok,0,0,0,0.00,0,0,0,0,0,N/A
2025-10-13 02:02:24,4463,3612.56,47,33,2846,2846.72,100,ok,0,0,0,0.00,0,0,0,0,0,N/A
2025-10-13 02:02:32,4480,3635.68,31,33,2846,2846.72,100,ok,0,0,0,0.00,0,0,0,0,0,N/A
2025-10-13 02:02:36,4339,3635.68,75,33,2846,2846.72,100,ok,0,0,0,0.00,0,0,0,0,0,N/A
2025-10-13 02:02:44,4339,3664.75,75,33,2846,2846.72,100,ok,0,0,0,0.00,0,0,0,0,0,N/A
2025-10-13 02:02:48,5034,3664.75,49,34,2846,2846.72,100,ok,0,0,0,0.00,0,0,0,0,0,N/A
2025-10-13 02:02:54,5034,3667.45,49,34,2846,2846.72,100,ok,0,0,0,0.00,0,0,0,0,0,N/A
2025-10-13 02:02:59,5177,3667.45,27,34,2846,2846.72,100,ok,0,0,0,0.00,0,0,0,0,0,N/A
2025-10-13 02:03:05,5177,3676.36,27,34,2846,2846.72,100,ok,0,0,0,0.00,0,0,0,0,0,N/A
2025-10-13 02:03:10,5464,3676.36,19,34,2846,2846.72,100,ok,0,0,0,0.00,0,0,0,0,0,N/A
2025-10-13 02:03:16,5464,3694.30,19,34,2846,2846.72,100,ok,0,0,0,0.00,0,0,0,0,0,N/A
2025-10-13 02:03:21,5551,3694.30,44,34,2846,2846.72,100,ok,0,0,0,0.00,0,0,0,0,0,N/A
2025-10-13 02:03:27,5551,3697.78,44,34,2846,2846.72,100,ok,0,0,0,0.00,0,0,0,0,0,N/A
2025-10-13 02:03:34,5298,3697.78,22,34,2846,2846.72,100,ok,0,0,0,0.00,0,0,0,0,0,N/A
2025-10-13 02:03:39,5298,3716.64,22,34,2846,2846.72,100,ok,0,0,0,0.00,0,0,0,0,0,N/A
2025-10-13 02:03:47,5367,3716.64,70,34,2846,2846.72,100,ok,0,0,0,0.00,0,0,0,0,0,N/A
2025-10-13 02:03:51,5367,3742.59,70,34,2846,2846.72,100,ok,0,0,0,0.00,0,0,0,0,0,N/A
2025-10-13 02:03:59,5302,3742.59,48,34,2846,2846.72,100,ok,0,0,0,0.00,0,0,0,0,0,N/A
2025-10-13 02:04:18,3646,3764.64,69,34,2846,2846.72,100,ok,0,0,0,0.00,0,0,0,0,0,N/A
2025-10-13 02:04:22,3646,3762.82,69,34,2846,2846.72,100,ok,0,0,0,0.00,0,0,0,0,0,N/A
2025-10-13 02:04:30,3438,3761.56,24,34,2846,2846.72,100,ok,0,0,0,0.00,0,0,0,0,0,N/A
2025-10-13 02:04:33,3438,3761.56,24,34,2846,2846.72,100,ok,0,0,0,0.00,0,0,0,0,0,N/A
2025-10-13 02:04:41,3407,3770.00,58,34,2846,2846.72,100,ok,0,0,0,0.00,0,0,0,0,0,N/A
2025-10-13 02:04:45,3407,3770.00,42,34,2846,2846.72,100,ok,0,0,0,0.00,0,0,0,0,0,N/A
2025-10-13 02:04:54,3063,3779.46,42,34,2846,2846.72,100,ok,0,0,0,0.00,0,0,0,0,0,N/A
2025-10-13 02:04:59,2863,3779.46,60,34,2846,2846.72,100,ok,0,0,0,0.00,0,0,0,0,0,N/A
2025-10-13 02:05:04,2863,3779.97,60,34,2846,2846.72,100,ok,0,0,0,0.00,0,0,0,0,0,N/A
2025-10-13 02:05:08,3392,3779.97,32,34,2846,2846.72,100,ok,0,0,0,0.00,0,0,0,0,0,N/A
2025-10-13 02:05:14,3392,3792.87,32,34,2846,2846.72,100,ok,0,0,0,0.00,0,0,0,0,0,N/A
2025-10-13 02:05:19,3629,3792.87,64,34,2846,2846.72,100,ok,0,0,0,0.00,0,0,0,0,0,N/A
2025-10-13 02:05:26,3629,3801.04,64,34,2846,2846.72,100,ok,0,0,0,0.00,0,0,0,0,0,N/A
2025-10-13 02:05:30,4281,3801.04,43,34,2846,2846.72,100,ok,0,0,0,0.00,0,0,0,0,0,N/A
2025-10-13 02:05:36,4281,3812.55,43,34,2846,2846.72,100,ok,0,0,0,0.00,0,0,0,0,0,N/A
2025-10-13 02:05:40,4209,3812.55,22,34,2846,2846.72,100,ok,0,0,0,0.00,0,0,0,0,0,N/A
2025-10-13 02:05:47,4209,3827.63,54,34,2846,2846.72,100,ok,0,0,0,0.00,0,0,0,0,0,N/A
2025-10-13 02:05:51,4431,3827.63,54,34,2846,2846.72,100,ok,0,0,0,0.00,0,0,0,0,0,N/A
2025-10-13 02:05:59,4687,3854.24,34,34,2846,2846.72,100,ok,0,0,0,0.00,0,0,0,0,0,N/A
2025-10-13 02:06:03,4687,3854.24,34,34,2846,2846.72,100,ok,0,0,0,0.00,0,0,0,0,0,N/A
2025-10-13 02:06:10,4668,3869.32,63,34,2846,2846.72,100,ok,0,0,0,0.00,0,0,0,0,0,N/A
2025-10-13 02:06:14,4668,3869.32,63,34,2846,2846.72,100,ok,0,0,0,0.00,0,0,0,0,0,N/A
2025-10-13 02:06:20,5130,3868.79,37,34,2846,2846.72,100,ok,0,0,0,0.00,0,0,0,0,0,N/A
2025-10-13 02:06:24,5130,3868.79,37,34,2846,2846.72,100,ok,0,0,0,0.00,0,0,0,0,0,N/A
2025-10-13 02:06:31,4690,3875.21,69,34,2846,2846.72,100,ok,0,0,0,0.00,0,0,0,0,0,N/A
2025-10-13 02:06:36,4690,3875.21,69,34,2846,2846.72,100,ok,0,0,0,0.00,0,0,0,0,0,N/A
2025-10-13 02:06:41,4783,3888.40,45,34,2846,2846.72,100,ok,0,0,0,0.00,0,0,0,0,0,N/A
2025-10-13 02:06:45,4783,3888.40,45,34,2846,2846.72,100,ok,0,0,0,0.00,0,0,0,0,0,N/A
2025-10-13 02:06:51,4809,3905.06,30,34,2846,2846.72,100,ok,0,0,0,0.00,0,0,0,0,0,N/A
2025-10-13 02:06:55,4809,3905.06,30,34,2846,2846.72,100,ok,0,0,0,0.00,0,0,0,0,0,N/A
2025-10-13 02:07:01,4344,3906.72,59,34,2846,2846.72,100,ok,0,0,0,0.00,0,0,0,0,0,N/A
2025-10-13 02:07:05,4344,3906.72,59,34,2846,2846.72,100,ok,0,0,0,0.00,0,0,0,0,0,N/A
2025-10-13 02:07:10,4344,3906.72,59,34,2846,2846.72,100,ok,0,0,0,0.00,0,0,0,0,0,N/A
2025-10-13 02:07:14,4512,3914.99,34,34,2846,2846.72,100,ok,0,0,0,0.00,0,0,0,0,0,N/A
2025-10-13 02:07:22,4512,3922.05,34,34,2846,2846.72,100,ok,0,0,0,0.00,0,0,0,0,0,N/A
2025-10-13 02:07:26,4386,3922.05,78,34,2846,2846.72,100,ok,0,0,0,0.00,0,0,0,0,0,N/A
2025-10-13 02:07:33,4386,3936.88,60,34,2846,2846.72,100,ok,0,0,0,0.00,0,0,0,0,0,N/A
2025-10-13 02:07:38,4229,3936.88,60,34,2846,2846.72,100,ok,0,0,0,0.00,0,0,0,0,0,N/A
2025-10-13 02:07:44,4229,3952.89,60,34,2846,2846.72,100,ok,0,0,0,0.00,0,0,0,0,0,N/A
2025-10-13 02:07:48,3973,3952.89,42,34,2846,2846.72,100,ok,0,0,0,0.00,0,0,0,0,0,N/A
2025-10-13 02:07:54,3973,3968.60,42,34,2846,2846.72,100,ok,0,0,0,0.00,0,0,0,0,0,N/A
2025-10-13 02:07:58,4126,3968.60,75,34,2846,2846.72,100,ok,0,0,0,0.00,0,0,0,0,0,N/A
2025-10-13 02:08:04,4126,3972.82,51,34,2846,2846.72,100,ok,0,0,0,0.00,0,0,0,0,0,N/A
2025-10-13 02:08:08,4041,3972.82,51,34,2846,2846.72,100,ok,0,0,0,0.00,0,0,0,0,0,N/A
2025-10-13 02:08:15,4041,3990.94,51,34,2846,2846.72,100,ok,0,0,0,0.00,0,0,0,0,0,N/A
2025-10-13 02:08:19,4428,3990.94,35,34,2846,2846.72,100,ok,0,0,0,0.00,0,0,0,0,0,N/A
2025-10-13 02:08:25,4428,4009.08,35,34,2846,2846.72,100,ok,0,0,0,0.00,0,0,0,0,0,N/A
2025-10-13 02:08:29,4314,4009.08,69,34,2846,2846.72,100,ok,0,0,0,0.00,0,0,0,0,0,N/A
2025-10-13 02:08:35,4314,4014.90,69,34,2846,2846.72,100,ok,0,0,0,0.00,0,0,0,0,0,N/A
2025-10-13 02:08:40,4363,4014.90,44,34,2846,2846.72,100,ok,0,0,0,0.00,0,0,0,0,0,N/A
2025-10-13 02:08:47,4363,4021.93,44,34,2846,2846.72,100,ok,0,0,0,0.00,0,0,0,0,0,N/A
2025-10-13 02:08:51,4744,4021.93,42,34,2846,2846.72,100,ok,0,0,0,0.00,0,0,0,0,0,N/A
2025-10-13 02:08:58,4744,4033.16,18,34,2846,2846.72,100,ok,0,0,0,0.00,0,0,0,0,0,N/A
2025-10-13 02:09:02,4710,4033.16,18,34,2846,2846.72,100,ok,0,0,0,0.00,0,0,0,0,0,N/A
2025-10-13 02:09:07,4710,4038.11,18,34,2846,2846.72,100,ok,0,0,0,0.00,0,0,0,0,0,N/A
2025-10-13 02:09:12,4957,4038.11,58,34,2846,2846.72,100,ok,0,0,0,0.00,0,0,0,0,0,N/A
2025-10-13 02:09:19,4957,4051.26,42,34,2846,2846.72,100,ok,0,0,0,0.00,0,0,0,0,0,N/A
2025-10-13 02:09:23,4716,4051.26,42,34,2846,2846.72,100,ok,0,0,0,0.00,0,0,0,0,0,N/A
2025-10-13 02:09:28,4716,4061.93,42,34,2846,2846.72,100,ok,0,0,0,0.00,0,0,0,0,0,N/A
2025-10-13 02:09:32,4536,4061.93,74,34,2846,2846.72,100,ok,0,0,0,0.00,0,0,0,0,0,N/A
2025-10-13 02:09:41,4536,4076.41,76,34,2846,2846.72,100,ok,0,0,0,0.00,0,0,0,0,0,N/A
2025-10-13 02:09:49,4688,4093.63,76,34,2846,2846.72,100,ok,0,0,0,0.00,0,0,0,0,0,N/A
2025-10-13 02:09:53,4688,4093.63,66,34,2846,2846.72,100,ok,0,0,0,0.00,0,0,0,0,0,N/A
2025-10-13 02:10:00,4479,4096.67,66,34,2846,2846.72,100,ok,0,0,0,0.00,0,0,0,0,0,N/A
2025-10-13 02:10:04,4825,4096.67,37,34,2846,2846.72,100,ok,0,0,0,0.00,0,0,0,0,0,N/A
2025-10-13 02:10:10,4825,4099.95,37,34,2846,2846.72,100,ok,0,0,0,0.00,0,0,0,0,0,N/A
2025-10-13 02:10:14,4825,4099.95,37,34,2846,2846.72,100,ok,0,0,0,0.00,0,0,0,0,0,N/A
2025-10-13 02:10:20,5259,4119.22,29,35,2846,2846.72,100,ok,0,0,0,0.00,0,0,0,0,0,N/A
2025-10-13 02:10:24,5259,4119.22,29,35,2846,2846.72,100,ok,0,0,0,0.00,0,0,0,0,0,N/A
2025-10-13 02:10:32,4860,4152.57,79,35,2846,2846.72,100,ok,0,0,0,0.00,0,0,0,0,0,N/A
2025-10-13 02:10:36,4566,4152.57,54,35,2846,2846.72,100,ok,0,0,0,0.00,0,0,0,0,0,N/A
2025-10-13 02:10:42,4566,4157.57,54,35,2846,2846.72,100,ok,0,0,0,0.00,0,0,0,0,0,N/A
2025-10-13 02:10:46,4817,4157.57,49,35,2846,2846.72,100,ok,0,0,0,0.00,0,0,0,0,0,N/A
2025-10-13 02:10:52,4817,4169.25,49,35,2846,2846.72,100,ok,0,0,0,0.00,0,0,0,0,0,N/A
2025-10-13 02:10:56,4817,4169.25,49,35,2846,2846.72,100,ok,0,0,0,0.00,0,0,0,0,0,N/A
2025-10-13 02:11:04,4430,4177.49,30,35,2846,2846.72,100,ok,0,0,0,0.00,0,0,0,0,0,N/A
2025-10-13 02:11:08,4828,4177.49,60,35,2846,2846.72,100,ok,0,0,0,0.00,0,0,0,0,0,N/A
2025-10-13 02:11:15,4828,4176.91,60,35,2846,2846.72,100,ok,0,0,0,0.00,0,0,0,0,0,N/A
2025-10-13 02:11:19,4881,4176.91,43,35,2846,2846.72,100,ok,0,0,0,0.00,0,0,0,0,0,N/A
2025-10-13 02:11:25,4881,4186.28,43,35,2846,2846.72,100,ok,0,0,0,0.00,0,0,0,0,0,N/A
2025-10-13 02:11:29,4881,4186.28,70,35,2846,2846.72,100,ok,0,0,0,0.00,0,0,0,0,0,N/A
2025-10-13 02:11:35,4594,4188.01,70,35,2846,2846.72,100,ok,0,0,0,0.00,0,0,0,0,0,N/A
2025-10-13 02:11:39,4594,4188.01,70,35,2846,2846.72,100,ok,0,0,0,0.00,0,0,0,0,0,N/A
2025-10-13 02:11:45,4552,4196.48,46,35,2846,2846.72,100,ok,0,0,0,0.00,0,0,0,0,0,N/A
2025-10-13 02:11:49,4552,4196.48,40,35,2846,2846.72,100,ok,0,0,0,0.00,0,0,0,0,0,N/A
2025-10-13 02:11:56,4396,4210.67,40,35,2846,2846.72,100,ok,0,0,0,0.00,0,0,0,0,0,N/A
2025-10-13 02:12:00,4396,4210.67,73,35,2846,2846.72,100,ok,0,0,0,0.00,0,0,0,0,0,N/A
2025-10-13 02:12:05,4163,4221.87,73,35,2846,2846.72,100,ok,0,0,0,0.00,0,0,0,0,0,N/A
2025-10-13 02:12:09,4163,4221.87,73,35,2846,2846.72,100,ok,0,0,0,0.00,0,0,0,0,0,N/A
2025-10-13 02:12:17,4688,4230.51,74,35,2846,2846.72,100,ok,0,0,0,0.00,0,0,0,0,0,N/A
2025-10-13 02:12:21,4321,4230.51,47,35,2846,2846.72,100,ok,0,0,0,0.00,0,0,0,0,0,N/A
2025-10-13 02:12:28,4321,4248.32,47,35,2846,2846.72,100,ok,0,0,0,0.00,0,0,0,0,0,N/A
2025-10-13 02:12:34,4798,4248.51,30,35,2846,2846.72,100,ok,0,0,0,0.00,0,0,0,0,0,N/A
2025-10-13 02:12:39,4798,4248.51,30,35,2846,2846.72,100,ok,0,0,0,0.00,0,0,0,0,0,N/A
2025-10-13 02:12:46,4762,4273.52,77,35,2846,2846.72,100,ok,0,0,0,0.00,0,0,0,0,0,N/A
2025-10-13 02:12:50,4762,4273.52,77,35,2846,2846.72,100,ok,0,0,0,0.00,0,0,0,0,0,N/A
2025-10-13 02:12:57,4650,4293.52,60,35,2846,2846.72,100,ok,0,0,0,0.00,0,0,0,0,0,N/A
2025-10-13 02:13:02,4935,4293.52,46,35,2846,2846.72,100,ok,0,0,0,0.00,0,0,0,0,0,N/A
2025-10-13 02:13:07,4935,4296.86,46,35,2846,2846.72,100,ok,0,0,0,0.00,0,0,0,0,0,N/A
2025-10-13 02:13:11,4935,4296.86,46,35,2846,2846.72,100,ok,0,0,0,0.00,0,0,0,0,0,N/A
2025-10-13 02:13:17,4550,4301.44,22,35,2846,2846.72,100,ok,0,0,0,0.00,0,0,0,0,0,N/A
2025-10-13 02:13:21,4550,4301.44,22,35,2846,2846.72,100,ok,0,0,0,0.00,0,0,0,0,0,N/A
2025-10-13 02:13:27,5055,4320.96,20,35,2846,2846.72,100,ok,0,0,0,0.00,0,0,0,0,0,N/A
2025-10-13 02:13:31,5055,4320.96,20,35,2846,2846.72,100,ok,0,0,0,0.00,0,0,0,0,0,N/A
2025-10-13 02:13:36,4825,4319.81,59,35,2846,2846.72,100,ok,0,0,0,0.00,0,0,0,0,0,N/A
2025-10-13 02:13:40,4825,4319.81,59,35,2846,2846.72,100,ok,0,0,0,0.00,0,0,0,0,0,N/A
2025-10-13 02:13:47,4844,4347.04,47,35,2846,2846.72,100,ok,0,0,0,0.00,0,0,0,0,0,N/A
2025-10-13 02:13:52,4844,4347.04,47,35,2846,2846.72,100,ok,0,0,0,0.00,0,0,0,0,0,N/A
2025-10-13 02:13:59,4948,4369.48,39,35,2846,2846.72,100,ok,0,0,0,0.00,0,0,0,0,0,N/A
2025-10-13 02:14:03,4948,4369.48,72,35,2846,2846.72,100,ok,0,0,0,0.00,0,0,0,0,0,N/A
2025-10-13 02:14:09,4550,4373.24,72,35,2846,2846.72,100,ok,0,0,0,0.00,0,0,0,0,0,N/A
2025-10-13 02:14:13,4550,4373.24,72,35,2846,2846.72,100,ok,0,0,0,0.00,0,0,0,0,0,N/A
2025-10-13 02:14:19,4908,4376.53,65,35,2846,2846.72,100,ok,0,0,0,0.00,0,0,0,0,0,N/A
2025-10-13 02:14:23,4908,4376.53,65,35,2846,2846.72,100,ok,0,0,0,0.00,0,0,0,0,0,N/A
2025-10-13 02:14:29,4921,4381.33,58,35,2846,2846.72,100,ok,0,0,0,0.00,0,0,0,0,0,N/A
2025-10-13 02:14:33,4921,4381.33,58,35,2846,2846.72,100,ok,0,0,0,0.00,0,0,0,0,0,N/A
2025-10-13 02:14:45,4538,4391.83,56,35,2846,2846.72,100,ok,0,0,0,0.00,0,0,0,0,0,N/A
2025-10-13 02:14:54,4538,4390.13,56,35,2846,2846.72,100,ok,0,0,0,0.00,0,0,0,0,0,N/A
2025-10-13 02:15:02,3735,4389.15,65,35,2846,2846.72,100,ok,0,0,0,0.00,0,0,0,0,0,N/A
2025-10-13 02:15:06,3735,4389.15,31,35,2846,2846.72,100,ok,0,0,0,0.00,0,0,0,0,0,N/A
2025-10-13 02:15:11,3525,4394.32,31,35,2846,2846.72,100,ok,0,0,0,0.00,0,0,0,0,0,N/A
2025-10-13 02:15:15,3525,4394.32,61,35,2846,2846.72,100,ok,0,0,0,0.00,0,0,0,0,0,N/A
2025-10-13 02:15:23,2786,4411.20,61,35,2846,2846.72,100,ok,0,0,0,0.00,0,0,0,0,0,N/A
2025-10-13 02:15:29,2786,4411.20,52,35,2846,2846.72,100,ok,0,0,0,0.00,0,0,0,0,0,N/A
2025-10-13 02:15:33,2357,4414.97,52,35,2846,2846.72,100,ok,0,0,0,0.00,0,0,0,0,0,N/A
2025-10-13 02:15:41,2673,4426.94,38,35,2846,2846.72,100,ok,0,0,0,0.00,0,0,0,0,0,N/A
2025-10-13 02:15:46,2673,4426.94,38,35,2846,2846.72,100,ok,0,0,0,0.00,0,0,0,0,0,N/A
2025-10-13 02:15:52,3401,4432.96,22,35,2846,2846.72,100,ok,0,0,0,0.00,0,0,0,0,0,N/A
2025-10-13 02:15:57,3401,4432.96,22,35,2846,2846.72,100,ok,0,0,0,0.00,0,0,0,0,0,N/A
2025-10-13 02:16:02,3683,4445.62,56,35,2846,2846.72,100,ok,0,0,0,0.00,0,0,0,0,0,N/A
2025-10-13 02:16:06,3683,4445.62,56,35,2846,2846.72,100,ok,0,0,0,0.00,0,0,0,0,0,N/A
2025-10-13 02:16:15,3827,4469.72,35,35,2846,2846.72,100,ok,0,0,0,0.00,0,0,0,0,0,N/A
2025-10-13 02:16:23,3897,4473.79,64,35,2846,2846.72,100,ok,0,0,0,0.00,0,0,0,0,0,N/A
2025-10-13 02:16:29,3897,4473.79,64,35,2846,2846.72,100,ok,0,0,0,0.00,0,0,0,0,0,N/A
2025-10-13 02:16:35,3785,4474.01,44,35,2846,2846.72,100,ok,0,0,0,0.00,0,0,0,0,0,N/A
2025-10-13 02:16:42,3754,4475.39,21,35,2846,2846.72,100,ok,0,0,0,0.00,0,0,0,0,0,N/A
2025-10-13 02:16:47,3754,4475.39,21,35,2846,2846.72,100,ok,0,0,0,0.00,0,0,0,0,0,N/A
2025-10-13 02:16:53,3473,4491.26,60,35,2846,2846.72,100,ok,0,0,0,0.00,0,0,0,0,0,N/A
2025-10-13 02:16:58,3473,4491.26,60,35,2846,2846.72,100,ok,0,0,0,0.00,0,0,0,0,0,N/A
2025-10-13 02:17:04,3846,4507.43,47,35,2846,2846.72,100,ok,0,0,0,0.00,0,0,0,0,0,N/A
2025-10-13 02:17:08,3846,4507.43,47,35,2846,2846.72,100,ok,0,0,0,0.00,0,0,0,0,0,N/A
2025-10-13 02:17:14,3916,4514.01,30,35,2846,2846.72,100,ok,0,0,0,0.00,0,0,0,0,0,N/A
2025-10-13 02:17:18,3916,4514.01,30,35,2846,2846.72,100,ok,0,0,0,0.00,0,0,0,0,0,N/A
2025-10-13 02:17:24,4098,4536.11,73,35,2846,2846.72,100,ok,0,0,0,0.00,0,0,0,0,0,N/A
2025-10-13 02:17:29,4098,4536.11,73,35,2846,2846.72,100,ok,0,0,0,0.00,0,0,0,0,0,N/A
2025-10-13 02:17:35,3845,4535.29,47,35,2846,2846.72,100,ok,0,0,0,0.00,0,0,0,0,0,N/A
2025-10-13 02:17:40,3845,4535.29,47,35,2846,2846.72,100,ok,0,0,0,0.00,0,0,0,0,0,N/A
2025-10-13 02:17:45,3954,4536.77,28,35,2846,2846.72,100,ok,0,0,0,0.00,0,0,0,0,0,N/A
2025-10-13 02:17:49,3954,4536.77,28,35,2846,2846.72,100,ok,0,0,0,0.00,0,0,0,0,0,N/A
2025-10-13 02:17:54,3777,4548.93,63,35,2846,2846.72,100,ok,0,0,0,0.00,0,0,0,0,0,N/A
2025-10-13 02:17:58,3777,4548.93,63,35,2846,2846.72,100,ok,0,0,0,0.00,0,0,0,0,0,N/A
2025-10-13 02:18:03,3779,4557.57,46,36,2846,2846.72,100,ok,0,0,0,0.00,0,0,0,0,0,N/A
2025-10-13 02:18:07,3779,4557.57,46,36,2846,2846.72,100,ok,0,0,0,0.00,0,0,0,0,0,N/A
2025-10-13 02:18:14,3682,4566.86,27,36,2846,2846.72,100,ok,0,0,0,0.00,0,0,0,0,0,N/A
2025-10-13 02:18:18,3682,4566.86,27,36,2846,2846.72,100,ok,0,0,0,0.00,0,0,0,0,0,N/A
2025-10-13 02:18:25,3958,4583.45,19,36,2846,2846.72,100,ok,0,0,0,0.00,0,0,0,0,0,N/A
2025-10-13 02:18:31,3958,4583.45,19,36,2846,2846.72,100,ok,0,0,0,0.00,0,0,0,0,0,N/A
2025-10-13 02:18:35,4281,4594.96,76,36,2846,2846.72,100,ok,0,0,0,0.00,0,0,0,0,0,N/A
2025-10-13 02:18:41,4281,4594.96,76,36,2846,2846.72,100,ok,0,0,0,0.00,0,0,0,0,0,N/A
2025-10-13 02:18:45,4039,4606.38,50,36,2846,2846.72,100,ok,0,0,0,0.00,0,0,0,0,0,N/A
2025-10-13 02:18:51,4039,4606.38,50,36,2846,2846.72,100,ok,0,0,0,0.00,0,0,0,0,0,N/A
2025-10-13 02:18:56,4481,4604.65,41,36,2846,2846.72,100,ok,0,0,0,0.00,0,0,0,0,0,N/A
2025-10-13 02:19:03,4481,4609.85,41,36,2846,2846.72,100,ok,0,0,0,0.00,0,0,0,0,0,N/A
2025-10-13 02:19:08,4101,4609.85,75,36,2846,2846.72,100,ok,0,0,0,0.00,0,0,0,0,0,N/A
2025-10-13 02:19:14,4101,4631.46,76,36,2846,2846.72,100,ok,0,0,0,0.00,0,0,0,0,0,N/A
2025-10-13 02:19:18,4428,4631.46,76,36,2846,2846.72,100,ok,0,0,0,0.00,0,0,0,0,0,N/A
2025-10-13 02:19:25,4428,4637.38,76,36,2846,2846.72,100,ok,0,0,0,0.00,0,0,0,0,0,N/A
2025-10-13 02:19:29,4189,4637.38,22,36,2846,2846.72,100,ok,0,0,0,0.00,0,0,0,0,0,N/A
2025-10-13 02:19:35,4189,4652.18,22,36,2846,2846.72,100,ok,0,0,0,0.00,0,0,0,0,0,N/A
2025-10-13 02:19:40,4170,4652.18,72,36,2846,2846.72,100,ok,0,0,0,0.00,0,0,0,0,0,N/A
2025-10-13 02:19:45,4170,4665.40,72,36,2846,2846.72,100,ok,0,0,0,0.00,0,0,0,0,0,N/A
2025-10-13 02:19:49,4305,4665.40,55,36,2846,2846.72,100,ok,0,0,0,0.00,0,0,0,0,0,N/A
2025-10-13 02:19:55,4305,4674.39,55,36,2846,2846.72,100,ok,0,0,0,0.00,0,0,0,0,0,N/A
2025-10-13 02:19:59,4547,4674.39,39,36,2846,2846.72,100,ok,0,0,0,0.00,0,0,0,0,0,N/A
2025-10-13 02:20:05,4547,4674.79,39,36,2846,2846.72,100,ok,0,0,0,0.00,0,0,0,0,0,N/A
2025-10-13 02:20:12,4276,4674.38,68,36,2846,2846.72,100,ok,0,0,0,0.00,0,0,0,0,0,N/A
2025-10-13 02:20:16,4276,4674.38,68,36,2846,2846.72,100,ok,0,0,0,0.00,0,0,0,0,0,N/A
2025-10-13 02:20:20,3761,4674.38,32,36,2846,2846.72,100,ok,0,0,0,0.00,0,0,0,0,0,N/A
2025-10-13 02:20:25,3761,4683.49,32,36,2846,2846.72,100,ok,0,0,0,0.00,0,0,0,0,0,N/A
2025-10-13 02:20:29,3224,4683.49,65,36,2846,2846.72,100,ok,0,0,0,0.00,0,0,0,0,0,N/A
2025-10-13 02:20:34,3224,4681.78,65,36,2846,2846.72,100,ok,0,0,0,0.00,0,0,0,0,0,N/A
2025-10-13 02:20:39,3007,4681.78,42,36,2846,2846.72,100,ok,0,0,0,0.00,0,0,0,0,0,N/A
2025-10-13 02:20:45,3007,4699.22,42,36,2846,2846.72,100,ok,0,0,0,0.00,0,0,0,0,0,N/A
2025-10-13 02:20:49,2952,4699.22,38,36,2846,2846.72,100,ok,0,0,0,0.00,0,0,0,0,0,N/A
2025-10-13 02:20:55,2952,4720.18,38,36,2846,2846.72,100,ok,0,0,0,0.00,0,0,0,0,0,N/A
2025-10-13 02:21:00,2978,4720.18,23,36,2846,2846.72,100,ok,0,0,0,0.00,0,0,0,0,0,N/A
2025-10-13 02:21:05,2978,4724.55,23,36,2846,2846.72,100,ok,0,0,0,0.00,0,0,0,0,0,N/A
2025-10-13 02:21:09,3540,4724.55,35,36,2846,2846.72,100,ok,0,0,0,0.00,0,0,0,0,0,N/A
2025-10-13 02:21:16,3540,4743.75,35,36,2846,2846.72,100,ok,0,0,0,0.00,0,0,0,0,0,N/A
2025-10-13 02:21:20,3951,4743.75,68,36,2846,2846.72,100,ok,0,0,0,0.00,0,0,0,0,0,N/A
2025-10-13 02:21:28,3951,4744.83,68,36,2846,2846.72,100,ok,0,0,0,0.00,0,0,0,0,0,N/A
2025-10-13 02:21:35,4378,4755.55,71,36,2846,2846.72,100,ok,0,0,0,0.00,0,0,0,0,0,N/A
2025-10-13 02:21:39,4378,4755.55,58,36,2846,2846.72,100,ok,0,0,0,0.00,0,0,0,0,0,N/A
2025-10-13 02:21:45,4477,4759.54,58,36,2846,2846.72,100,ok,0,0,0,0.00,0,0,0,0,0,N/A
2025-10-13 02:21:50,4059,4759.54,32,36,2846,2846.72,100,ok,0,0,0,0.00,0,0,0,0,0,N/A
2025-10-13 02:21:56,4059,4759.70,32,36,2846,2846.72,100,ok,0,0,0,0.00,0,0,0,0,0,N/A
2025-10-13 02:22:00,3877,4759.70,62,36,2846,2846.72,100,ok,0,0,0,0.00,0,0,0,0,0,N/A
2025-10-13 02:22:06,3877,4772.58,62,36,2846,2846.72,100,ok,0,0,0,0.00,0,0,0,0,0,N/A
2025-10-13 02:22:11,3199,4772.58,37,36,2846,2846.72,100,ok,0,0,0,0.00,0,0,0,0,0,N/A
2025-10-13 02:22:16,3199,4780.32,37,36,2846,2846.72,100,ok,0,0,0,0.00,0,0,0,0,0,N/A
2025-10-13 02:22:21,3199,4780.32,75,36,2846,2846.72,100,ok,0,0,0,0.00,0,0,0,0,0,N/A
2025-10-13 02:22:26,3198,4779.04,75,36,2846,2846.72,100,ok,0,0,0,0.00,0,0,0,0,0,N/A
2025-10-13 02:22:30,3198,4779.04,75,36,2846,2846.72,100,ok,0,0,0,0.00,0,0,0,0,0,N/A
2025-10-13 02:22:36,2715,4783.54,38,36,2846,2846.72,100,ok,0,0,0,0.00,0,0,0,0,0,N/A
2025-10-13 02:22:40,2715,4783.54,38,36,2846,2846.72,100,ok,0,0,0,0.00,0,0,0,0,0,N/A
2025-10-13 02:22:45,3064,4783.54,45,36,2846,2846.72,100,ok,0,0,0,0.00,0,0,0,0,0,N/A
2025-10-13 02:22:49,3064,4801.58,45,36,2846,2846.72,100,ok,0,0,0,0.00,0,0,0,0,0,N/A
2025-10-13 02:22:57,3237,4811.28,32,36,2846,2846.72,100,ok,0,0,0,0.00,0,0,0,0,0,N/A
2025-10-13 02:23:01,3237,4811.28,32,36,2846,2846.72,100,ok,0,0,0,0.00,0,0,0,0,0,N/A
2025-10-13 02:23:07,3367,4826.48,70,36,2846,2846.72,100,ok,0,0,0,0.00,0,0,0,0,0,N/A
2025-10-13 02:23:12,3367,4826.48,49,36,2846,2846.72,100,ok,0,0,0,0.00,0,0,0,0,0,N/A
2025-10-13 02:23:18,3442,4826.39,49,36,2846,2846.72,100,ok,0,0,0,0.00,0,0,0,0,0,N/A
2025-10-13 02:23:22,3442,4826.39,49,36,2846,2846.72,100,ok,0,0,0,0.00,0,0,0,0,0,N/A
2025-10-13 02:23:27,3352,4831.16,24,36,2846,2846.72,100,ok,0,0,0,0.00,0,0,0,0,0,N/A
2025-10-13 02:23:31,3352,4831.16,24,36,2846,2846.72,100,ok,0,0,0,0.00,0,0,0,0,0,N/A
2025-10-13 02:23:37,3599,4831.47,58,36,2846,2846.72,100,ok,0,0,0,0.00,0,0,0,0,0,N/A
2025-10-13 02:23:42,3599,4831.47,58,36,2846,2846.72,100,ok,0,0,0,0.00,0,0,0,0,0,N/A
2025-10-13 02:23:48,3024,4838.90,39,36,2846,2846.72,100,ok,0,0,0,0.00,0,0,0,0,0,N/A
2025-10-13 02:23:52,3024,4838.90,39,36,2846,2846.72,100,ok,0,0,0,0.00,0,0,0,0,0,N/A
2025-10-13 02:23:57,3097,4860.90,27,37,2846,2846.72,100,ok,0,0,0,0.00,0,0,0,0,0,N/A
2025-10-13 02:24:00,3097,4860.90,27,37,2846,2846.72,100,ok,0,0,0,0.00,0,0,0,0,0,N/A
2025-10-13 02:24:07,3071,4859.92,59,37,2846,2846.72,100,ok,0,0,0,0.00,0,0,0,0,0,N/A
2025-10-13 02:24:11,3071,4859.92,59,37,2846,2846.72,100,ok,0,0,0,0.00,0,0,0,0,0,N/A
2025-10-13 02:24:17,3319,4868.77,52,37,2846,2846.72,100,ok,0,0,0,0.00,0,0,0,0,0,N/A
2025-10-13 02:24:22,3319,4868.77,52,37,2846,2846.72,100,ok,0,0,0,0.00,0,0,0,0,0,N/A
2025-10-13 02:24:28,3218,4868.76,25,37,2846,2846.72,100,ok,0,0,0,0.00,0,0,0,0,0,N/A
2025-10-13 02:24:32,3218,4868.76,25,37,2846,2846.72,100,ok,0,0,0,0.00,0,0,0,0,0,N/A
2025-10-13 02:24:38,2841,4869.53,40,37,2846,2846.72,100,ok,0,0,0,0.00,0,0,0,0,0,N/A
2025-10-13 02:24:43,2841,4869.53,40,37,2846,2846.72,100,ok,0,0,0,0.00,0,0,0,0,0,N/A
2025-10-13 02:24:48,2858,4874.81,73,37,2846,2846.72,100,ok,0,0,0,0.00,0,0,0,0,0,N/A
2025-10-13 02:24:52,2858,4874.81,73,37,2846,2846.72,100,ok,0,0,0,0.00,0,0,0,0,0,N/A
2025-10-13 02:24:59,2481,4879.21,37,37,2846,2846.72,100,ok,0,0,0,0.00,0,0,0,0,0,N/A
2025-10-13 02:25:04,2481,4879.21,37,37,2846,2846.72,100,ok,0,0,0,0.00,0,0,0,0,0,N/A
2025-10-13 02:25:09,2541,4896.10,77,37,2846,2846.72,100,ok,0,0,0,0.00,0,0,0,0,0,N/A
2025-10-13 02:25:13,2541,4896.10,77,37,2846,2846.72,100,ok,0,0,0,0.00,0,0,0,0,0,N/A
2025-10-13 02:25:18,2245,4900.65,53,37,2846,2846.72,100,ok,0,0,0,0.00,0,0,0,0,0,N/A
2025-10-13 02:25:23,2245,4900.65,53,37,2846,2846.72,100,ok,0,0,0,0.00,0,0,0,0,0,N/A
2025-10-13 02:25:28,2290,4911.57,33,37,2846,2846.72,100,ok,0,0,0,0.00,0,0,0,0,0,N/A
2025-10-13 02:25:32,2290,4911.57,33,37,2846,2846.72,100,ok,0,0,0,0.00,0,0,0,0,0,N/A
2025-10-13 02:25:37,2290,4920.69,33,37,2846,2846.72,100,ok,0,0,0,0.00,0,0,0,0,0,N/A
2025-10-13 02:25:41,2691,4920.69,24,37,2846,2846.72,100,ok,0,0,0,0.00,0,0,0,0,0,N/A
2025-10-13 02:25:47,2691,4921.19,24,37,2846,2846.72,100,ok,0,0,0,0.00,0,0,0,0,0,N/A
2025-10-13 02:25:52,2737,4921.19,57,37,2846,2846.72,100,ok,0,0,0,0.00,0,0,0,0,0,N/A
2025-10-13 02:25:57,2737,4925.78,57,37,2846,2846.72,100,ok,0,0,0,0.00,0,0,0,0,0,N/A
2025-10-13 02:26:01,3021,4925.78,36,37,2846,2846.72,100,ok,0,0,0,0.00,0,0,0,0,0,N/A
2025-10-13 02:26:07,3021,4927.30,36,37,2846,2846.72,100,ok,0,0,0,0.00,0,0,0,0,0,N/A
2025-10-13 02:26:11,2906,4927.30,75,37,2846,2846.72,100,ok,0,0,0,0.00,0,0,0,0,0,N/A
2025-10-13 02:26:18,2906,4941.87,75,37,2846,2846.72,100,ok,0,0,0,0.00,0,0,0,0,0,N/A
2025-10-13 02:26:23,2939,4941.87,61,37,2846,2846.72,100,ok,0,0,0,0.00,0,0,0,0,0,N/A
2025-10-13 02:26:29,2939,4942.00,43,37,2846,2846.72,100,ok,0,0,0,0.00,0,0,0,0,0,N/A
2025-10-13 02:26:33,2818,4942.00,43,37,2846,2846.72,100,ok,0,0,0,0.00,0,0,0,0,0,N/A
2025-10-13 02:26:37,2818,4955.07,43,37,2846,2846.72,100,ok,0,0,0,0.00,0,0,0,0,0,N/A
2025-10-13 02:26:42,3087,4955.07,23,37,2846,2846.72,100,ok,0,0,0,0.00,0,0,0,0,0,N/A
2025-10-13 02:26:49,3087,4956.31,23,37,2846,2846.72,100,ok,0,0,0,0.00,0,0,0,0,0,N/A
2025-10-13 02:26:53,2876,4956.31,47,37,2846,2846.72,100,ok,0,0,0,0.00,0,0,0,0,0,N/A
2025-10-13 02:26:59,2876,4956.85,47,37,2846,2846.72,100,ok,0,0,0,0.00,0,0,0,0,0,N/A
2025-10-13 02:27:03,2553,4956.85,54,37,2846,2846.72,100,ok,0,0,0,0.00,0,0,0,0,0,N/A
2025-10-13 02:27:07,2553,4956.85,54,37,2846,2846.72,100,ok,0,0,0,0.00,0,0,0,0,0,N/A
2025-10-13 02:27:12,2338,4956.85,31,37,2846,2846.72,100,ok,0,0,0,0.00,0,0,0,0,0,N/A
2025-10-13 02:27:18,2338,4973.96,31,37,2846,2846.72,100,ok,0,0,0,0.00,0,0,0,0,0,N/A
2025-10-13 02:27:22,2176,4973.96,65,37,2846,2846.72,100,ok,0,0,0,0.00,0,0,0,0,0,N/A
2025-10-13 02:27:29,2176,4974.86,65,37,2846,2846.72,100,ok,0,0,0,0.00,0,0,0,0,0,N/A
2025-10-13 02:27:33,2522,4974.86,58,37,2846,2846.72,100,ok,0,0,0,0.00,0,0,0,0,0,N/A
2025-10-13 02:27:38,2522,4983.92,58,37,2846,2846.72,100,ok,0,0,0,0.00,0,0,0,0,0,N/A
2025-10-13 02:27:42,2248,4983.92,43,37,2846,2846.72,100,ok,0,0,0,0.00,0,0,0,0,0,N/A
2025-10-13 02:27:49,2248,4995.56,43,37,2846,2846.72,100,ok,0,0,0,0.00,0,0,0,0,0,N/A
2025-10-13 02:27:53,2801,4995.56,38,37,2846,2846.72,100,ok,0,0,0,0.00,0,0,0,0,0,N/A
2025-10-13 02:27:59,2801,5010.17,38,37,2846,2846.72,100,ok,0,0,0,0.00,0,0,0,0,0,N/A
2025-10-13 02:28:03,3072,5010.17,28,37,2846,2846.72,100,ok,0,0,0,0.00,0,0,0,0,0,N/A
2025-10-13 02:28:09,3072,5013.57,28,37,2846,2846.72,100,ok,0,0,0,0.00,0,0,0,0,0,N/A
2025-10-13 02:28:14,3644,5013.57,71,37,2846,2846.72,100,ok,0,0,0,0.00,0,0,0,0,0,N/A
2025-10-13 02:28:18,3644,5024.02,71,37,2846,2846.72,100,ok,0,0,0,0.00,0,0,0,0,0,N/A
2025-10-13 02:28:23,3621,5024.02,67,37,2846,2846.72,100,ok,0,0,0,0.00,0,0,0,0,0,N/A
2025-10-13 02:28:29,3621,5023.29,67,37,2846,2846.72,100,ok,0,0,0,0.00,0,0,0,0,0,N/A
2025-10-13 02:28:33,3562,5023.29,34,37,2846,2846.72,100,ok,0,0,0,0.00,0,0,0,0,0,N/A
2025-10-13 02:28:38,3562,5024.43,34,37,2846,2846.72,100,ok,0,0,0,0.00,0,0,0,0,0,N/A
2025-10-13 02:28:43,3387,5024.43,77,37,2846,2846.72,100,ok,0,0,0,0.00,0,0,0,0,0,N/A
2025-10-13 02:28:49,3387,5037.89,77,37,2846,2846.72,100,ok,0,0,0,0.00,0,0,0,0,0,N/A
2025-10-13 02:28:53,3051,5037.89,51,37,2846,2846.72,100,ok,0,0,0,0.00,0,0,0,0,0,N/A
2025-10-13 02:28:59,3051,5055.82,51,37,2846,2846.72,100,ok,0,0,0,0.00,0,0,0,0,0,N/A
2025-10-13 02:29:03,3057,5055.82,31,37,2846,2846.72,100,ok,0,0,0,0.00,0,0,0,0,0,N/A
2025-10-13 02:29:09,3057,5065.81,31,37,2846,2846.72,100,ok,0,0,0,0.00,0,0,0,0,0,N/A
2025-10-13 02:29:14,2653,5065.81,73,37,2846,2846.72,100,ok,0,0,0,0.00,0,0,0,0,0,N/A
2025-10-13 02:29:19,2653,5076.28,73,37,2846,2846.72,100,ok,0,0,0,0.00,0,0,0,0,0,N/A
2025-10-13 02:29:24,2924,5076.28,55,37,2846,2846.72,100,ok,0,0,0,0.00,0,0,0,0,0,N/A
2025-10-13 02:29:29,2924,5075.19,55,37,2846,2846.72,100,ok,0,0,0,0.00,0,0,0,0,0,N/A
2025-10-13 02:29:34,2706,5075.19,35,37,2846,2846.72,100,ok,0,0,0,0.00,0,0,0,0,0,N/A
2025-10-13 02:29:47,2784,5085.50,50,37,2846,2846.72,100,ok,0,0,0,0.00,0,0,0,0,0,N/A
2025-10-13 02:29:57,2191,5086.01,60,37,2846,2846.72,100,ok,0,0,0,0.00,0,0,0,0,0,N/A
2025-10-13 02:30:01,2191,5086.01,20,38,2846,2846.72,100,ok,0,0,0,0.00,0,0,0,0,0,N/A
2025-10-13 02:30:06,2012,5085.64,20,38,2846,2846.72,100,ok,0,0,0,0.00,0,0,0,0,0,N/A
2025-10-13 02:30:11,2012,5085.64,59,38,2846,2846.72,100,ok,0,0,0,0.00,0,0,0,0,0,N/A
2025-10-13 02:30:16,2009,5085.41,59,38,2846,2846.72,100,ok,0,0,0,0.00,0,0,0,0,0,N/A
2025-10-13 02:30:21,1663,5085.41,18,38,2846,2846.72,100,ok,0,0,0,0.00,0,0,0,0,0,N/A
2025-10-13 02:30:26,1663,5085.34,18,38,2846,2846.72,100,ok,0,0,0,0.00,0,0,0,0,0,N/A
2025-10-13 02:30:30,1663,5085.34,18,38,2846,2846.72,100,ok,0,0,0,0.00,0,0,0,0,0,N/A
2025-10-13 02:30:37,1618,5085.16,56,38,2846,2846.72,100,ok,0,0,0,0.00,0,0,0,0,0,N/A
2025-10-13 02:30:41,1618,5085.16,36,38,2846,2846.72,100,ok,0,0,0,0.00,0,0,0,0,0,N/A
2025-10-13 02:30:46,1938,5101.36,36,38,2846,2846.72,100,ok,0,0,0,0.00,0,0,0,0,0,N/A
2025-10-13 02:30:50,1938,5101.36,36,38,2846,2846.72,100,ok,0,0,0,0.00,0,0,0,0,0,N/A
2025-10-13 02:30:57,2529,5116.27,35,38,2846,2846.72,100,ok,0,0,0,0.00,0,0,0,0,0,N/A
2025-10-13 02:31:02,2818,5116.27,77,38,2846,2846.72,100,ok,0,0,0,0.00,0,0,0,0,0,N/A
2025-10-13 02:31:06,2818,5118.05,77,38,2846,2846.72,100,ok,0,0,0,0.00,0,0,0,0,0,N/A
2025-10-13 02:31:11,2818,5118.05,77,38,2846,2846.72,100,ok,0,0,0,0.00,0,0,0,0,0,N/A
2025-10-13 02:31:17,2847,5117.45,54,38,2846,2846.72,100,ok,0,0,0,0.00,0,0,0,0,0,N/A
2025-10-13 02:31:21,2847,5117.45,54,38,2846,2846.72,100,ok,0,0,0,0.00,0,0,0,0,0,N/A
2025-10-13 02:31:28,2858,5125.49,23,38,2846,2846.72,100,ok,0,0,0,0.00,0,0,0,0,0,N/A
2025-10-13 02:31:35,2831,5126.56,59,38,2846,2846.72,100,ok,0,0,0,0.00,0,0,0,0,0,N/A
2025-10-13 02:31:39,2831,5126.56,59,38,2846,2846.72,100,ok,0,0,0,0.00,0,0,0,0,0,N/A
2025-10-13 02:31:44,2831,5126.56,59,38,2846,2846.72,100,ok,0,0,0,0.00,0,0,0,0,0,N/A
2025-10-13 02:31:49,2926,5135.82,48,38,2846,2846.72,100,ok,0,0,0,0.00,0,0,0,0,0,N/A
2025-10-13 02:31:53,2926,5135.82,48,38,2846,2846.72,100,ok,0,0,0,0.00,0,0,0,0,0,N/A
2025-10-13 02:32:00,2434,5160.16,21,38,2846,2846.72,100,ok,0,0,0,0.00,0,0,0,0,0,N/A
2025-10-13 02:32:04,2434,5160.16,21,38,2846,2846.72,100,ok,0,0,0,0.00,0,0,0,0,0,N/A
2025-10-13 02:32:09,2272,5159.95,52,38,2846,2846.72,100,ok,0,0,0,0.00,0,0,0,0,0,N/A
2025-10-13 02:32:13,2272,5159.95,52,38,2846,2846.72,100,ok,0,0,0,0.00,0,0,0,0,0,N/A
2025-10-13 02:32:19,2266,5159.22,36,38,2846,2846.72,100,ok,0,0,0,0.00,0,0,0,0,0,N/A
2025-10-13 02:32:23,2266,5159.22,36,38,2846,2846.72,100,ok,0,0,0,0.00,0,0,0,0,0,N/A
2025-10-13 02:32:29,2484,5165.62,68,38,2846,2846.72,100,ok,0,0,0,0.00,0,0,0,0,0,N/A
2025-10-13 02:32:34,2484,5165.62,68,38,2846,2846.72,100,ok,0,0,0,0.00,0,0,0,0,0,N/A
2025-10-13 02:32:39,2631,5167.86,57,38,2846,2846.72,100,ok,0,0,0,0.00,0,0,0,0,0,N/A
2025-10-13 02:32:43,2631,5167.86,57,38,2846,2846.72,100,ok,0,0,0,0.00,0,0,0,0,0,N/A
2025-10-13 02:32:49,2489,5172.88,27,38,2846,2846.72,100,ok,0,0,0,0.00,0,0,0,0,0,N/A
2025-10-13 02:32:53,2489,5172.88,27,38,2846,2846.72,100,ok,0,0,0,0.00,0,0,0,0,0,N/A
2025-10-13 02:32:59,2757,5174.57,68,38,2846,2846.72,100,ok,0,0,0,0.00,0,0,0,0,0,N/A
2025-10-13 02:33:03,2757,5174.57,68,38,2846,2846.72,100,ok,0,0,0,0.00,0,0,0,0,0,N/A
2025-10-13 02:33:10,2565,5175.62,32,38,2846,2846.72,100,ok,0,0,0,0.00,0,0,0,0,0,N/A
2025-10-13 02:33:14,2565,5175.62,32,38,2846,2846.72,100,ok,0,0,0,0.00,0,0,0,0,0,N/A
2025-10-13 02:33:19,2330,5180.86,64,38,2846,2846.72,100,ok,0,0,0,0.00,0,0,0,0,0,N/A
2025-10-13 02:33:23,2330,5180.86,64,38,2846,2846.72,100,ok,0,0,0,0.00,0,0,0,0,0,N/A
2025-10-13 02:33:30,2411,5193.34,44,38,2846,2846.72,100,ok,0,0,0,0.00,0,0,0,0,0,N/A
2025-10-13 02:33:34,2411,5193.34,44,38,2846,2846.72,100,ok,0,0,0,0.00,0,0,0,0,0,N/A
2025-10-13 02:33:39,2262,5193.96,24,38,2846,2846.72,100,ok,0,0,0,0.00,0,0,0,0,0,N/A
2025-10-13 02:33:43,2262,5193.96,24,38,2846,2846.72,100,ok,0,0,0,0.00,0,0,0,0,0,N/A
2025-10-13 02:33:49,2451,5212.84,74,38,2846,2846.72,100,ok,0,0,0,0.00,0,0,0,0,0,N/A
2025-10-13 02:33:53,2451,5212.84,74,38,2846,2846.72,100,ok,0,0,0,0.00,0,0,0,0,0,N/A
2025-10-13 02:33:59,2430,5217.81,48,38,2846,2846.72,100,ok,0,0,0,0.00,0,0,0,0,0,N/A
2025-10-13 02:34:03,2430,5217.81,48,38,2846,2846.72,100,ok,0,0,0,0.00,0,0,0,0,0,N/A
2025-10-13 02:34:09,2725,5228.46,32,38,2846,2846.72,100,ok,0,0,0,0.00,0,0,0,0,0,N/A
2025-10-13 02:34:14,2725,5228.46,32,38,2846,2846.72,100,ok,0,0,0,0.00,0,0,0,0,0,N/A
2025-10-13 02:34:22,2613,5233.61,54,38,2846,2846.72,100,ok,0,0,0,0.00,0,0,0,0,0,N/A
2025-10-13 02:34:26,2613,5233.61,54,38,2846,2846.72,100,ok,0,0,0,0.00,0,0,0,0,0,N/A
2025-10-13 02:34:31,2670,5232.71,31,38,2846,2846.72,100,ok,0,0,0,0.00,0,0,0,0,0,N/A
2025-10-13 02:34:35,2670,5232.71,31,38,2846,2846.72,100,ok,0,0,0,0.00,0,0,0,0,0,N/A
2025-10-13 02:34:42,2616,5243.84,76,38,2846,2846.72,100,ok,0,0,0,0.00,0,0,0,0,0,N/A
2025-10-13 02:34:46,2616,5243.84,76,38,2846,2846.72,100,ok,0,0,0,0.00,0,0,0,0,0,N/A
2025-10-13 02:34:51,2500,5242.77,50,38,2846,2846.72,100,ok,0,0,0,0.00,0,0,0,0,0,N/A
2025-10-13 02:34:55,2500,5242.77,50,38,2846,2846.72,100,ok,0,0,0,0.00,0,0,0,0,0,N/A
2025-10-13 02:35:01,2697,5251.77,41,38,2846,2846.72,100,ok,0,0,0,0.00,0,0,0,0,0,N/A
2025-10-13 02:35:06,2697,5251.77,41,38,2846,2846.72,100,ok,0,0,0,0.00,0,0,0,0,0,N/A
2025-10-13 02:35:10,2378,5250.93,59,38,2846,2846.72,100,ok,0,0,0,0.00,0,0,0,0,0,N/A
2025-10-13 02:35:14,2378,5250.93,59,38,2846,2846.72,100,ok,0,0,0,0.00,0,0,0,0,0,N/A
2025-10-13 02:35:21,2500,5263.53,36,38,2846,2846.72,100,ok,0,0,0,0.00,0,0,0,0,0,N/A
2025-10-13 02:35:25,2500,5263.53,36,38,2846,2846.72,100,ok,0,0,0,0.00,0,0,0,0,0,N/A
2025-10-13 02:35:31,2609,5261.41,35,39,2846,2846.72,100,ok,0,0,0,0.00,0,0,0,0,0,N/A
2025-10-13 02:35:36,2609,5261.41,35,39,2846,2846.72,100,ok,0,0,0,0.00,0,0,0,0,0,N/A
2025-10-13 02:35:42,2785,5278.48,39,39,2846,2846.72,100,ok,0,0,0,0.00,0,0,0,0,0,N/A
2025-10-13 02:35:46,2785,5278.48,39,39,2846,2846.72,100,ok,0,0,0,0.00,0,0,0,0,0,N/A
2025-10-13 02:35:52,3152,5285.65,44,39,2846,2846.72,100,ok,0,0,0,0.00,0,0,0,0,0,N/A
2025-10-13 02:35:57,3152,5285.65,44,39,2846,2846.72,100,ok,0,0,0,0.00,0,0,0,0,0,N/A
2025-10-13 02:36:02,3139,5299.14,41,39,2846,2846.72,100,ok,0,0,0,0.00,0,0,0,0,0,N/A
2025-10-13 02:36:07,3139,5299.14,41,39,2846,2846.72,100,ok,0,0,0,0.00,0,0,0,0,0,N/A
2025-10-13 02:36:12,3631,5323.91,51,39,2846,2846.72,100,ok,0,0,0,0.00,0,0,0,0,0,N/A
2025-10-13 02:36:17,3631,5323.91,51,39,2846,2846.72,100,ok,0,0,0,0.00,0,0,0,0,0,N/A
2025-10-13 02:36:22,3873,5322.55,43,39,2846,2846.72,100,ok,0,0,0,0.00,0,0,0,0,0,N/A
2025-10-13 02:36:31,4261,5326.95,67,39,2846,2846.72,100,ok,0,0,0,0.00,0,0,0,0,0,N/A
2025-10-13 02:36:35,4261,5326.95,67,39,2846,2846.72,100,ok,0,0,0,0.00,0,0,0,0,0,N/A
2025-10-13 02:36:41,3881,5326.00,30,39,2846,2846.72,100,ok,0,0,0,0.00,0,0,0,0,0,N/A
2025-10-13 02:36:45,3881,5326.00,30,39,2846,2846.72,100,ok,0,0,0,0.00,0,0,0,0,0,N/A
2025-10-13 02:36:51,3706,5352.56,32,39,2846,2846.72,100,ok,0,0,0,0.00,0,0,0,0,0,N/A
2025-10-13 02:36:56,3706,5352.56,32,39,2846,2846.72,100,ok,0,0,0,0.00,0,0,0,0,0,N/A
2025-10-13 02:37:03,3674,5361.07,27,39,2846,2846.72,100,ok,0,0,0,0.00,0,0,0,0,0,N/A
2025-10-13 02:37:08,3674,5361.07,27,39,2846,2846.72,100,ok,0,0,0,0.00,0,0,0,0,0,N/A
2025-10-13 02:37:13,3597,5370.17,30,39,2846,2846.72,100,ok,0,0,0,0.00,0,0,0,0,0,N/A
2025-10-13 02:37:18,3597,5370.17,30,39,2846,2846.72,100,ok,0,0,0,0.00,0,0,0,0,0,N/A
2025-10-13 02:37:23,3711,5381.64,35,39,2846,2846.72,100,ok,0,0,0,0.00,0,0,0,0,0,N/A
2025-10-13 02:37:28,3711,5381.64,35,39,2846,2846.72,100,ok,0,0,0,0.00,0,0,0,0,0,N/A
2025-10-13 02:37:33,3149,5382.22,77,39,2846,2846.72,100,ok,0,0,0,0.00,0,0,0,0,0,N/A
2025-10-13 02:37:38,3149,5382.22,77,39,2846,2846.72,100,ok,0,0,0,0.00,0,0,0,0,0,N/A
2025-10-13 02:37:43,3674,5390.52,28,39,2846,2846.72,100,ok,0,0,0,0.00,0,0,0,0,0,N/A
2025-10-13 02:37:48,3674,5390.52,28,39,2846,2846.72,100,ok,0,0,0,0.00,0,0,0,0,0,N/A
2025-10-13 02:37:56,3655,5402.88,34,39,2846,2846.72,100,ok,0,0,0,0.00,0,0,0,0,0,N/A
2025-10-13 02:38:00,3655,5402.88,34,39,2846,2846.72,100,ok,0,0,0,0.00,0,0,0,0,0,N/A
2025-10-13 02:38:05,3540,5403.04,74,39,2846,2846.72,100,ok,0,0,0,0.00,0,0,0,0,0,N/A
2025-10-13 02:38:10,3540,5403.04,74,39,2846,2846.72,100,ok,0,0,0,0.00,0,0,0,0,0,N/A
2025-10-13 02:38:16,3516,5402.00,61,39,2846,2846.72,100,ok,0,0,0,0.00,0,0,0,0,0,N/A
2025-10-13 02:38:20,3516,5402.00,61,39,2846,2846.72,100,ok,0,0,0,0.00,0,0,0,0,0,N/A
2025-10-13 02:38:25,2996,5401.85,20,39,2846,2846.72,100,ok,0,0,0,0.00,0,0,0,0,0,N/A
2025-10-13 02:38:29,2996,5401.85,20,39,2846,2846.72,100,ok,0,0,0,0.00,0,0,0,0,0,N/A
2025-10-13 02:38:35,2765,5401.44,52,39,2846,2846.72,100,ok,0,0,0,0.00,0,0,0,0,0,N/A
2025-10-13 02:38:39,2765,5401.44,52,39,2846,2846.72,100,ok,0,0,0,0.00,0,0,0,0,0,N/A
2025-10-13 02:38:46,2452,5411.57,39,39,2846,2846.72,100,ok,0,0,0,0.00,0,0,0,0,0,N/A
2025-10-13 02:38:50,2452,5411.57,39,39,2846,2846.72,100,ok,0,0,0,0.00,0,0,0,0,0,N/A
2025-10-13 02:38:55,2349,5421.33,39,39,2846,2846.72,100,ok,0,0,0,0.00,0,0,0,0,0,N/A
2025-10-13 02:39:00,2349,5421.33,39,39,2846,2846.72,100,ok,0,0,0,0.00,0,0,0,0,0,N/A
2025-10-13 02:39:05,2451,5420.50,28,39,2846,2846.72,100,ok,0,0,0,0.00,0,0,0,0,0,N/A
2025-10-13 02:39:09,2451,5420.50,28,39,2846,2846.72,100,ok,0,0,0,0.00,0,0,0,0,0,N/A
2025-10-13 02:39:16,2343,5435.24,75,39,2846,2846.72,100,ok,0,0,0,0.00,0,0,0,0,0,N/A
2025-10-13 02:39:20,2343,5435.24,75,39,2846,2846.72,100,ok,0,0,0,0.00,0,0,0,0,0,N/A
2025-10-13 02:39:25,3020,5438.52,24,40,2846,2846.72,100,ok,0,0,0,0.00,0,0,0,0,0,N/A
2025-10-13 02:39:29,3020,5438.52,24,40,2846,2846.72,100,ok,0,0,0,0.00,0,0,0,0,0,N/A
2025-10-13 02:39:36,2973,5443.52,53,40,2846,2846.72,100,ok,0,0,0,0.00,0,0,0,0,0,N/A
2025-10-13 02:39:40,2973,5443.52,53,40,2846,2846.72,100,ok,0,0,0,0.00,0,0,0,0,0,N/A
2025-10-13 02:39:46,3219,5457.43,59,40,2846,2846.72,100,ok,0,0,0,0.00,0,0,0,0,0,N/A
2025-10-13 02:39:50,3219,5457.43,59,40,2846,2846.72,100,ok,0,0,0,0.00,0,0,0,0,0,N/A
2025-10-13 02:39:56,3063,5459.14,47,40,2846,2846.72,100,ok,0,0,0,0.00,0,0,0,0,0,N/A
2025-10-13 02:40:00,3063,5459.14,47,40,2846,2846.72,100,ok,0,0,0,0.00,0,0,0,0,0,N/A
2025-10-13 02:40:06,3013,5467.57,34,40,2846,2846.72,100,ok,0,0,0,0.00,0,0,0,0,0,N/A
2025-10-13 02:40:10,3013,5467.57,34,40,2846,2846.72,100,ok,0,0,0,0.00,0,0,0,0,0,N/A
2025-10-13 02:40:16,3152,5474.23,37,40,2846,2846.72,100,ok,0,0,0,0.00,0,0,0,0,0,N/A
2025-10-13 02:40:20,3152,5474.23,37,40,2846,2846.72,100,ok,0,0,0,0.00,0,0,0,0,0,N/A
2025-10-13 02:40:26,2892,5486.63,39,40,2846,2846.72,100,ok,0,0,0,0.00,0,0,0,0,0,N/A
2025-10-13 02:40:30,2892,5486.63,39,40,2846,2846.72,100,ok,0,0,0,0.00,0,0,0,0,0,N/A
2025-10-13 02:40:36,3458,5495.66,48,40,2846,2846.72,100,ok,0,0,0,0.00,0,0,0,0,0,N/A
2025-10-13 02:40:41,3458,5495.66,48,40,2846,2846.72,100,ok,0,0,0,0.00,0,0,0,0,0,N/A
2025-10-13 02:40:47,3235,5495.53,33,40,2846,2846.72,100,ok,0,0,0,0.00,0,0,0,0,0,N/A
2025-10-13 02:40:53,3235,5495.53,33,40,2846,2846.72,100,ok,0,0,0,0.00,0,0,0,0,0,N/A
2025-10-13 02:40:58,3424,5519.03,36,40,2846,2846.72,100,ok,0,0,0,0.00,0,0,0,0,0,N/A
2025-10-13 02:41:06,3424,5523.93,25,40,2846,2846.72,100,ok,0,0,0,0.00,0,0,0,0,0,N/A
2025-10-13 02:41:10,3298,5523.93,25,40,2846,2846.72,100,ok,0,0,0,0.00,0,0,0,0,0,N/A
2025-10-13 02:41:16,3298,5524.40,27,40,2846,2846.72,100,ok,0,0,0,0.00,0,0,0,0,0,N/A
2025-10-13 02:41:21,3316,5524.40,27,40,2846,2846.72,100,ok,0,0,0,0.00,0,0,0,0,0,N/A
2025-10-13 02:41:29,3366,5538.20,22,40,2846,2846.72,100,ok,0,0,0,0.00,0,0,0,0,0,N/A
2025-10-13 02:41:37,3366,5540.06,22,40,2846,2846.72,100,ok,0,0,0,0.00,0,0,0,0,0,N/A
2025-10-13 02:41:41,2899,5540.06,63,40,2846,2846.72,100,ok,0,0,0,0.00,0,0,0,0,0,N/A
2025-10-13 02:41:47,2899,5551.16,47,40,2846,2846.72,100,ok,0,0,0,0.00,0,0,0,0,0,N/A
2025-10-13 02:41:51,2721,5551.16,47,40,2846,2846.72,100,ok,0,0,0,0.00,0,0,0,0,0,N/A
2025-10-13 02:41:57,2721,5550.39,47,40,2846,2846.72,100,ok,0,0,0,0.00,0,0,0,0,0,N/A
2025-10-13 02:42:04,2734,5550.39,28,40,2846,2846.72,100,ok,0,0,0,0.00,0,0,0,0,0,N/A
2025-10-13 02:42:08,2734,5557.90,28,40,2846,2846.72,100,ok,0,0,0,0.00,0,0,0,0,0,N/A
2025-10-13 02:42:16,2593,5561.49,78,40,2846,2846.72,100,ok,0,0,0,0.00,0,0,0,0,0,N/A
2025-10-13 02:42:21,2456,5561.49,35,40,2846,2846.72,100,ok,0,0,0,0.00,0,0,0,0,0,N/A
2025-10-13 02:42:27,2456,5575.81,35,40,2846,2846.72,100,ok,0,0,0,0.00,0,0,0,0,0,N/A
2025-10-13 02:42:32,2687,5575.81,31,40,2846,2846.72,100,ok,0,0,0,0.00,0,0,0,0,0,N/A
2025-10-13 02:42:38,2687,5577.80,31,40,2846,2846.72,100,ok,0,0,0,0.00,0,0,0,0,0,N/A
2025-10-13 02:42:42,2687,5577.80,31,40,2846,2846.72,100,ok,0,0,0,0.00,0,0,0,0,0,N/A
2025-10-13 02:42:48,2627,5578.32,74,40,2846,2846.72,100,ok,0,0,0,0.00,0,0,0,0,0,N/A
2025-10-13 02:42:52,2772,5578.32,67,41,2846,2846.72,100,ok,0,0,0,0.00,0,0,0,0,0,N/A
2025-10-13 02:42:57,2772,5585.55,67,41,2846,2846.72,100,ok,0,0,0,0.00,0,0,0,0,0,N/A
2025-10-13 02:43:02,2772,5585.55,67,41,2846,2846.72,100,ok,0,0,0,0.00,0,0,0,0,0,N/A
2025-10-13 02:43:07,2686,5587.63,48,41,2846,2846.72,100,ok,0,0,0,0.00,0,0,0,0,0,N/A
2025-10-13 02:43:11,2686,5587.63,48,41,2846,2846.72,100,ok,0,0,0,0.00,0,0,0,0,0,N/A
2025-10-13 02:43:17,2835,5597.30,41,41,2846,2846.72,100,ok,0,0,0,0.00,0,0,0,0,0,N/A
2025-10-13 02:43:22,2835,5597.30,41,41,2846,2846.72,100,ok,0,0,0,0.00,0,0,0,0,0,N/A
2025-10-13 02:43:27,2595,5595.81,72,41,2846,2846.72,100,ok,0,0,0,0.00,0,0,0,0,0,N/A
2025-10-13 02:43:31,2595,5595.81,72,41,2846,2846.72,100,ok,0,0,0,0.00,0,0,0,0,0,N/A
2025-10-13 02:43:37,2716,5610.00,27,41,2846,2846.72,100,ok,0,0,0,0.00,0,0,0,0,0,N/A
2025-10-13 02:43:42,2716,5610.00,27,41,2846,2846.72,100,ok,0,0,0,0.00,0,0,0,0,0,N/A
2025-10-13 02:43:48,2906,5614.00,29,41,2846,2846.72,100,ok,0,0,0,0.00,0,0,0,0,0,N/A
2025-10-13 02:43:52,2906,5614.00,29,41,2846,2846.72,100,ok,0,0,0,0.00,0,0,0,0,0,N/A
2025-10-13 02:44:01,2918,5619.09,32,41,2846,2846.72,100,ok,0,0,0,0.00,0,0,0,0,0,N/A
2025-10-13 02:44:07,2688,5617.72,48,41,2846,2846.72,100,ok,0,0,0,0.00,0,0,0,0,0,N/A
2025-10-13 02:44:12,2688,5617.72,48,41,2846,2846.72,100,ok,0,0,0,0.00,0,0,0,0,0,N/A
2025-10-13 02:44:18,2558,5626.03,32,41,2846,2846.72,100,ok,0,0,0,0.00,0,0,0,0,0,N/A
2025-10-13 02:44:22,2558,5626.03,32,41,2846,2846.72,100,ok,0,0,0,0.00,0,0,0,0,0,N/A
2025-10-13 02:44:28,2924,5645.08,45,41,2846,2846.72,100,ok,0,0,0,0.00,0,0,0,0,0,N/A
2025-10-13 02:44:32,2924,5645.08,45,41,2846,2846.72,100,ok,0,0,0,0.00,0,0,0,0,0,N/A
2025-10-13 02:44:39,2702,5659.29,29,41,2846,2846.72,100,ok,0,0,0,0.00,0,0,0,0,0,N/A
2025-10-13 02:44:43,2702,5659.29,29,41,2846,2846.72,100,ok,0,0,0,0.00,0,0,0,0,0,N/A
2025-10-13 02:44:49,2597,5667.11,23,41,2846,2846.72,100,ok,0,0,0,0.00,0,0,0,0,0,N/A
2025-10-13 02:44:53,2597,5667.11,23,41,2846,2846.72,100,ok,0,0,0,0.00,0,0,0,0,0,N/A
2025-10-13 02:44:59,2781,5665.86,38,41,2846,2846.72,100,ok,0,0,0,0.00,0,0,0,0,0,N/A
2025-10-13 02:45:03,2781,5665.86,38,41,2846,2846.72,100,ok,0,0,0,0.00,0,0,0,0,0,N/A
2025-10-13 02:45:09,2916,5669.15,75,41,2846,2846.72,100,ok,0,0,0,0.00,0,0,0,0,0,N/A
2025-10-13 02:45:13,2916,5669.15,75,41,2846,2846.72,100,ok,0,0,0,0.00,0,0,0,0,0,N/A
2025-10-13 02:45:18,3219,5676.85,23,41,2846,2846.72,100,ok,0,0,0,0.00,0,0,0,0,0,N/A
2025-10-13 02:45:23,3219,5676.85,23,41,2846,2846.72,100,ok,0,0,0,0.00,0,0,0,0,0,N/A
2025-10-13 02:45:29,2874,5681.83,63,41,2846,2846.72,100,ok,0,0,0,0.00,0,0,0,0,0,N/A
2025-10-13 02:45:33,2874,5681.83,63,41,2846,2846.72,100,ok,0,0,0,0.00,0,0,0,0,0,N/A
2025-10-13 02:45:39,3100,5685.62,62,41,2846,2846.72,100,ok,0,0,0,0.00,0,0,0,0,0,N/A
2025-10-13 02:45:43,3100,5685.62,62,41,2846,2846.72,100,ok,0,0,0,0.00,0,0,0,0,0,N/A
2025-10-13 02:45:49,2922,5694.18,52,41,2846,2846.72,100,ok,0,0,0,0.00,0,0,0,0,0,N/A
2025-10-13 02:45:53,2922,5694.18,52,41,2846,2846.72,100,ok,0,0,0,0.00,0,0,0,0,0,N/A
2025-10-13 02:45:58,2655,5701.35,41,41,2846,2846.72,100,ok,0,0,0,0.00,0,0,0,0,0,N/A
2025-10-13 02:46:03,2655,5701.35,41,41,2846,2846.72,100,ok,0,0,0,0.00,0,0,0,0,0,N/A
2025-10-13 02:46:08,2797,5706.00,39,41,2846,2846.72,100,ok,0,0,0,0.00,0,0,0,0,0,N/A
2025-10-13 02:46:13,2797,5706.00,39,41,2846,2846.72,100,ok,0,0,0,0.00,0,0,0,0,0,N/A
2025-10-13 02:46:18,2482,5709.25,20,41,2846,2846.72,100,ok,0,0,0,0.00,0,0,0,0,0,N/A
2025-10-13 02:46:23,2482,5709.25,20,41,2846,2846.72,100,ok,0,0,0,0.00,0,0,0,0,0,N/A
2025-10-13 02:46:29,2752,5725.27,23,41,2846,2846.72,100,ok,0,0,0,0.00,0,0,0,0,0,N/A
2025-10-13 02:46:33,2752,5725.27,23,41,2846,2846.72,100,ok,0,0,0,0.00,0,0,0,0,0,N/A
2025-10-13 02:46:38,2449,5726.54,18,41,2846,2846.72,100,ok,0,0,0,0.00,0,0,0,0,0,N/A
2025-10-13 02:46:43,2449,5726.54,18,41,2846,2846.72,100,ok,0,0,0,0.00,0,0,0,0,0,N/A
2025-10-13 02:46:49,2804,5736.14,29,41,2846,2846.72,100,ok,0,0,0,0.00,0,0,0,0,0,N/A
2025-10-13 02:46:53,2804,5736.14,29,41,2846,2846.72,100,ok,0,0,0,0.00,0,0,0,0,0,N/A
2025-10-13 02:47:00,2974,5739.46,33,41,2846,2846.72,100,ok,0,0,0,0.00,0,0,0,0,0,N/A
2025-10-13 02:47:06,2974,5738.72,33,41,2846,2846.72,100,ok,0,0,0,0.00,0,0,0,0,0,N/A
2025-10-13 02:47:10,2776,5738.72,64,41,2846,2846.72,100,ok,0,0,0,0.00,0,0,0,0,0,N/A
2025-10-13 02:47:18,2776,5759.28,22,41,2846,2846.72,100,ok,0,0,0,0.00,0,0,0,0,0,N/A
2025-10-13 02:47:23,2924,5759.28,22,41,2846,2846.72,100,ok,0,0,0,0.00,0,0,0,0,0,N/A
2025-10-13 02:47:28,2924,5758.41,22,41,2846,2846.72,100,ok,0,0,0,0.00,0,0,0,0,0,N/A
2025-10-13 02:47:32,3037,5758.41,37,41,2846,2846.72,100,ok,0,0,0,0.00,0,0,0,0,0,N/A
2025-10-13 02:47:38,3037,5767.51,37,41,2846,2846.72,100,ok,0,0,0,0.00,0,0,0,0,0,N/A
2025-10-13 02:47:42,3030,5767.51,43,41,2846,2846.72,100,ok,0,0,0,0.00,0,0,0,0,0,N/A
2025-10-13 02:47:48,3030,5781.51,29,42,2846,2846.72,100,ok,0,0,0,0.00,0,0,0,0,0,N/A
2025-10-13 02:47:53,2845,5781.51,29,42,2846,2846.72,100,ok,0,0,0,0.00,0,0,0,0,0,N/A
2025-10-13 02:47:58,2845,5782.65,29,42,2846,2846.72,100,ok,0,0,0,0.00,0,0,0,0,0,N/A
2025-10-13 02:48:03,2723,5782.65,75,42,2846,2846.72,100,ok,0,0,0,0.00,0,0,0,0,0,N/A
2025-10-13 02:48:08,2723,5785.15,75,42,2846,2846.72,100,ok,0,0,0,0.00,0,0,0,0,0,N/A
2025-10-13 02:48:12,2983,5785.15,19,42,2846,2846.72,100,ok,0,0,0,0.00,0,0,0,0,0,N/A
2025-10-13 02:48:18,2983,5784.46,19,42,2846,2846.72,100,ok,0,0,0,0.00,0,0,0,0,0,N/A
2025-10-13 02:48:22,2604,5784.46,35,42,2846,2846.72,100,ok,0,0,0,0.00,0,0,0,0,0,N/A
2025-10-13 02:48:28,2604,5796.06,35,42,2846,2846.72,100,ok,0,0,0,0.00,0,0,0,0,0,N/A
2025-10-13 02:48:33,2691,5796.06,56,42,2846,2846.72,100,ok,0,0,0,0.00,0,0,0,0,0,N/A
2025-10-13 02:48:38,2691,5796.73,56,42,2846,2846.72,100,ok,0,0,0,0.00,0,0,0,0,0,N/A
2025-10-13 02:48:42,2458,5796.73,46,42,2846,2846.72,100,ok,0,0,0,0.00,0,0,0,0,0,N/A
2025-10-13 02:48:48,2458,5797.50,46,42,2846,2846.72,100,ok,0,0,0,0.00,0,0,0,0,0,N/A
2025-10-13 02:48:52,2381,5797.50,22,42,2846,2846.72,100,ok,0,0,0,0.00,0,0,0,0,0,N/A
2025-10-13 02:48:58,2381,5814.10,22,42,2846,2846.72,100,ok,0,0,0,0.00,0,0,0,0,0,N/A
2025-10-13 02:49:03,2522,5814.10,42,42,2846,2846.72,100,ok,0,0,0,0.00,0,0,0,0,0,N/A
2025-10-13 02:49:09,2522,5819.25,42,42,2846,2846.72,100,ok,0,0,0,0.00,0,0,0,0,0,N/A
2025-10-13 02:49:13,2495,5819.25,39,42,2846,2846.72,100,ok,0,0,0,0.00,0,0,0,0,0,N/A
2025-10-13 02:49:18,2495,5829.55,39,42,2846,2846.72,100,ok,0,0,0,0.00,0,0,0,0,0,N/A
2025-10-13 02:49:22,2980,5829.55,49,42,2846,2846.72,100,ok,0,0,0,0.00,0,0,0,0,0,N/A
2025-10-13 02:49:28,2980,5828.00,49,42,2846,2846.72,100,ok,0,0,0,0.00,0,0,0,0,0,N/A
2025-10-13 02:49:33,2654,5828.00,32,42,2846,2846.72,100,ok,0,0,0,0.00,0,0,0,0,0,N/A
2025-10-13 02:49:38,2654,5839.79,32,42,2846,2846.72,100,ok,0,0,0,0.00,0,0,0,0,0,N/A
2025-10-13 02:49:42,2856,5839.79,31,42,2846,2846.72,100,ok,0,0,0,0.00,0,0,0,0,0,N/A
2025-10-13 02:49:48,2856,5845.43,31,42,2846,2846.72,100,ok,0,0,0,0.00,0,0,0,0,0,N/A
2025-10-13 02:49:53,3174,5845.43,33,42,2846,2846.72,100,ok,0,0,0,0.00,0,0,0,0,0,N/A
2025-10-13 02:49:59,3174,5844.96,33,42,2846,2846.72,100,ok,0,0,0,0.00,0,0,0,0,0,N/A
2025-10-13 02:50:03,2810,5844.96,73,42,2846,2846.72,100,ok,0,0,0,0.00,0,0,0,0,0,N/A
2025-10-13 02:50:08,2810,5849.56,73,42,2846,2846.72,100,ok,0,0,0,0.00,0,0,0,0,0,N/A
2025-10-13 02:50:12,2688,5849.56,66,42,2846,2846.72,100,ok,0,0,0,0.00,0,0,0,0,0,N/A
2025-10-13 02:50:18,2688,5854.31,66,42,2846,2846.72,100,ok,0,0,0,0.00,0,0,0,0,0,N/A
2025-10-13 02:50:22,2400,5854.31,68,42,2846,2846.72,100,ok,0,0,0,0.00,0,0,0,0,0,N/A
2025-10-13 02:50:29,2400,5861.51,68,42,2846,2846.72,100,ok,0,0,0,0.00,0,0,0,0,0,N/A
2025-10-13 02:50:33,2421,5861.51,59,42,2846,2846.72,100,ok,0,0,0,0.00,0,0,0,0,0,N/A
2025-10-13 02:50:38,2421,5863.88,59,42,2846,2846.72,100,ok,0,0,0,0.00,0,0,0,0,0,N/A
2025-10-13 02:50:43,2421,5863.88,72,42,2846,2846.72,100,ok,0,0,0,0.00,0,0,0,0,0,N/A
2025-10-13 02:50:48,2542,5879.64,72,42,2846,2846.72,100,ok,0,0,0,0.00,0,0,0,0,0,N/A
2025-10-13 02:50:53,2542,5879.64,62,42,2846,2846.72,100,ok,0,0,0,0.00,0,0,0,0,0,N/A
2025-10-13 02:50:58,2412,5881.23,62,42,2846,2846.72,100,ok,0,0,0,0.00,0,0,0,0,0,N/A
2025-10-13 02:51:02,2412,5881.23,62,42,2846,2846.72,100,ok,0,0,0,0.00,0,0,0,0,0,N/A
2025-10-13 02:51:08,2795,5896.67,22,42,2846,2846.72,100,ok,0,0,0,0.00,0,0,0,0,0,N/A
2025-10-13 02:51:13,2795,5896.67,22,42,2846,2846.72,100,ok,0,0,0,0.00,0,0,0,0,0,N/A
2025-10-13 02:51:19,2941,5900.92,41,42,2846,2846.72,100,ok,0,0,0,0.00,0,0,0,0,0,N/A
2025-10-13 02:51:23,2941,5900.92,41,42,2846,2846.72,100,ok,0,0,0,0.00,0,0,0,0,0,N/A
2025-10-13 02:51:30,3161,5918.11,56,42,2846,2846.72,100,ok,0,0,0,0.00,0,0,0,0,0,N/A
2025-10-13 02:51:35,3161,5918.11,68,42,2846,2846.72,100,ok,0,0,0,0.00,0,0,0,0,0,N/A
2025-10-13 02:51:39,3308,5926.71,68,42,2846,2846.72,100,ok,0,0,0,0.00,0,0,0,0,0,N/A
2025-10-13 02:51:44,3308,5926.71,68,42,2846,2846.72,100,ok,0,0,0,0.00,0,0,0,0,0,N/A
2025-10-13 02:51:48,3199,5925.98,62,42,2846,2846.72,100,ok,0,0,0,0.00,0,0,0,0,0,N/A
2025-10-13 02:51:53,3199,5925.98,62,42,2846,2846.72,100,ok,0,0,0,0.00,0,0,0,0,0,N/A
2025-10-13 02:51:58,3379,5930.45,74,42,2846,2846.72,100,ok,0,0,0,0.00,0,0,0,0,0,N/A
2025-10-13 02:52:03,3379,5930.45,74,42,2846,2846.72,100,ok,0,0,0,0.00,0,0,0,0,0,N/A
2025-10-13 02:52:08,3071,5931.11,56,43,2846,2846.72,100,ok,0,0,0,0.00,0,0,0,0,0,N/A
2025-10-13 02:52:12,3071,5931.11,56,43,2846,2846.72,100,ok,0,0,0,0.00,0,0,0,0,0,N/A
2025-10-13 02:52:18,2801,5929.57,31,43,2846,2846.72,100,ok,0,0,0,0.00,0,0,0,0,0,N/A
2025-10-13 02:52:22,2801,5929.57,31,43,2846,2846.72,100,ok,0,0,0,0.00,0,0,0,0,0,N/A
2025-10-13 02:52:29,2544,5946.10,25,43,2846,2846.72,100,ok,0,0,0,0.00,0,0,0,0,0,N/A
2025-10-13 02:52:33,2544,5946.10,25,43,2846,2846.72,100,ok,0,0,0,0.00,0,0,0,0,0,N/A
2025-10-13 02:52:39,2596,5947.68,41,43,2846,2846.72,100,ok,0,0,0,0.00,0,0,0,0,0,N/A
2025-10-13 02:52:43,2596,5947.68,41,43,2846,2846.72,100,ok,0,0,0,0.00,0,0,0,0,0,N/A
2025-10-13 02:52:49,2726,5957.67,52,43,2846,2846.72,100,ok,0,0,0,0.00,0,0,0,0,0,N/A
2025-10-13 02:52:53,2726,5957.67,52,43,2846,2846.72,100,ok,0,0,0,0.00,0,0,0,0,0,N/A
2025-10-13 02:52:58,2726,5956.84,52,43,2846,2846.72,100,ok,0,0,0,0.00,0,0,0,0,0,N/A
2025-10-13 02:53:02,2498,5956.84,38,43,2846,2846.72,100,ok,0,0,0,0.00,0,0,0,0,0,N/A
2025-10-13 02:53:08,2498,5963.21,38,43,2846,2846.72,100,ok,0,0,0,0.00,0,0,0,0,0,N/A
2025-10-13 02:53:12,2550,5963.21,54,43,2846,2846.72,100,ok,0,0,0,0.00,0,0,0,0,0,N/A
2025-10-13 02:53:18,2550,5967.58,54,43,2846,2846.72,100,ok,0,0,0,0.00,0,0,0,0,0,N/A
2025-10-13 02:53:22,2665,5967.58,45,43,2846,2846.72,100,ok,0,0,0,0.00,0,0,0,0,0,N/A
2025-10-13 02:53:28,2665,5968.80,45,43,2846,2846.72,100,ok,0,0,0,0.00,0,0,0,0,0,N/A
2025-10-13 02:53:33,2421,5968.80,22,43,2846,2846.72,100,ok,0,0,0,0.00,0,0,0,0,0,N/A
2025-10-13 02:53:38,2421,5978.93,22,43,2846,2846.72,100,ok,0,0,0,0.00,0,0,0,0,0,N/A
2025-10-13 02:53:41,2228,5978.93,28,43,2846,2846.72,100,ok,0,0,0,0.00,0,0,0,0,0,N/A
2025-10-13 02:53:48,2228,5982.62,28,43,2846,2846.72,100,ok,0,0,0,0.00,0,0,0,0,0,N/A
2025-10-13 02:53:52,2294,5982.62,25,43,2846,2846.72,100,ok,0,0,0,0.00,0,0,0,0,0,N/A
2025-10-13 02:53:58,2294,5996.88,25,43,2846,2846.72,100,ok,0,0,0,0.00,0,0,0,0,0,N/A
2025-10-13 02:54:03,2521,5996.88,31,43,2846,2846.72,100,ok,0,0,0,0.00,0,0,0,0,0,N/A
2025-10-13 02:54:08,2521,5995.59,31,43,2846,2846.72,100,ok,0,0,0,0.00,0,0,0,0,0,N/A
2025-10-13 02:54:12,2430,5995.59,22,43,2846,2846.72,100,ok,0,0,0,0.00,0,0,0,0,0,N/A
2025-10-13 02:54:18,2430,6000.05,22,43,2846,2846.72,100,ok,0,0,0,0.00,0,0,0,0,0,N/A
2025-10-13 02:54:22,2456,6000.05,19,43,2846,2846.72,100,ok,0,0,0,0.00,0,0,0,0,0,N/A
2025-10-13 02:54:28,2456,5999.91,19,43,2846,2846.72,100,ok,0,0,0,0.00,0,0,0,0,0,N/A
2025-10-13 02:54:33,2376,5999.91,44,43,2846,2846.72,100,ok,0,0,0,0.00,0,0,0,0,0,N/A
2025-10-13 02:54:38,2376,6011.52,44,43,2846,2846.72,100,ok,0,0,0,0.00,0,0,0,0,0,N/A
2025-10-13 02:54:42,2286,6011.52,39,43,2846,2846.72,100,ok,0,0,0,0.00,0,0,0,0,0,N/A
2025-10-13 02:54:48,2286,6022.27,39,43,2846,2846.72,100,ok,0,0,0,0.00,0,0,0,0,0,N/A
2025-10-13 02:54:53,2255,6022.27,33,43,2846,2846.72,100,ok,0,0,0,0.00,0,0,0,0,0,N/A
2025-10-13 02:54:58,2255,6030.70,33,43,2846,2846.72,100,ok,0,0,0,0.00,0,0,0,0,0,N/A
2025-10-13 02:55:02,2080,6030.70,78,43,2846,2846.72,100,ok,0,0,0,0.00,0,0,0,0,0,N/A
2025-10-13 02:55:08,2080,6030.59,78,43,2846,2846.72,100,ok,0,0,0,0.00,0,0,0,0,0,N/A
2025-10-13 02:55:13,2221,6030.59,25,43,2846,2846.72,100,ok,0,0,0,0.00,0,0,0,0,0,N/A
2025-10-13 02:55:19,2221,6035.42,25,43,2846,2846.72,100,ok,0,0,0,0.00,0,0,0,0,0,N/A
2025-10-13 02:55:23,2216,6035.42,20,43,2846,2846.72,100,ok,0,0,0,0.00,0,0,0,0,0,N/A
2025-10-13 02:55:29,2216,6041.14,20,43,2846,2846.72,100,ok,0,0,0,0.00,0,0,0,0,0,N/A
2025-10-13 02:55:34,2564,6041.14,24,43,2846,2846.72,100,ok,0,0,0,0.00,0,0,0,0,0,N/A
2025-10-13 02:55:38,2564,6043.09,24,43,2846,2846.72,100,ok,0,0,0,0.00,0,0,0,0,0,N/A
2025-10-13 02:55:43,2464,6043.09,75,43,2846,2846.72,100,ok,0,0,0,0.00,0,0,0,0,0,N/A
2025-10-13 02:55:49,2464,6057.80,75,43,2846,2846.72,100,ok,0,0,0,0.00,0,0,0,0,0,N/A
2025-10-13 02:55:54,2387,6057.80,66,43,2846,2846.72,100,ok,0,0,0,0.00,0,0,0,0,0,N/A
2025-10-13 02:55:59,2387,6056.99,66,43,2846,2846.72,100,ok,0,0,0,0.00,0,0,0,0,0,N/A
2025-10-13 02:56:03,2491,6056.99,66,43,2846,2846.72,100,ok,0,0,0,0.00,0,0,0,0,0,N/A
2025-10-13 02:56:09,2491,6058.20,66,43,2846,2846.72,100,ok,0,0,0,0.00,0,0,0,0,0,N/A
2025-10-13 02:56:13,2347,6058.20,60,43,2846,2846.72,100,ok,0,0,0,0.00,0,0,0,0,0,N/A
2025-10-13 02:56:18,2347,6063.51,60,43,2846,2846.72,100,ok,0,0,0,0.00,0,0,0,0,0,N/A
2025-10-13 02:56:23,2396,6063.51,72,43,2846,2846.72,100,ok,0,0,0,0.00,0,0,0,0,0,N/A
2025-10-13 02:56:30,2396,6073.76,72,43,2846,2846.72,100,ok,0,0,0,0.00,0,0,0,0,0,N/A
2025-10-13 02:56:37,2296,6072.75,68,43,2846,2846.72,100,ok,0,0,0,0.00,0,0,0,0,0,N/A
2025-10-13 02:56:41,2296,6072.75,26,43,2846,2846.72,100,ok,0,0,0,0.00,0,0,0,0,0,N/A
2025-10-13 02:56:47,2227,6071.49,26,43,2846,2846.72,100,ok,0,0,0,0.00,0,0,0,0,0,N/A
2025-10-13 02:56:51,2227,6071.49,26,43,2846,2846.72,100,ok,0,0,0,0.00,0,0,0,0,0,N/A
2025-10-13 02:56:57,1943,6072.09,68,43,2846,2846.72,100,ok,0,0,0,0.00,0,0,0,0,0,N/A
2025-10-13 02:57:01,1943,6072.09,68,43,2846,2846.72,100,ok,0,0,0,0.00,0,0,0,0,0,N/A
2025-10-13 02:57:07,1731,6073.30,78,43,2846,2846.72,100,ok,0,0,0,0.00,0,0,0,0,0,N/A
2025-10-13 02:57:11,1731,6073.30,78,43,2846,2846.72,100,ok,0,0,0,0.00,0,0,0,0,0,N/A
2025-10-13 02:57:16,1549,6073.30,72,44,2846,2846.72,100,ok,0,0,0,0.00,0,0,0,0,0,N/A
2025-10-13 02:57:20,1549,6090.75,72,44,2846,2846.72,100,ok,0,0,0,0.00,0,0,0,0,0,N/A
2025-10-13 02:57:25,1401,6090.75,77,44,2846,2846.72,100,ok,0,0,0,0.00,0,0,0,0,0,N/A
2025-10-13 02:57:30,1401,6098.84,77,44,2846,2846.72,100,ok,0,0,0,0.00,0,0,0,0,0,N/A
2025-10-13 02:57:34,1534,6098.84,24,44,2846,2846.72,100,ok,0,0,0,0.00,0,0,0,0,0,N/A
2025-10-13 02:57:39,1534,6104.35,24,44,2846,2846.72,100,ok,0,0,0,0.00,0,0,0,0,0,N/A
2025-10-13 02:57:44,1619,6104.35,69,44,2846,2846.72,100,ok,0,0,0,0.00,0,0,0,0,0,N/A
2025-10-13 02:57:51,1619,6110.62,69,44,2846,2846.72,100,ok,0,0,0,0.00,0,0,0,0,0,N/A
2025-10-13 02:57:55,2012,6110.62,73,44,2846,2846.72,100,ok,0,0,0,0.00,0,0,0,0,0,N/A
2025-10-13 02:58:00,2012,6115.79,73,44,2846,2846.72,100,ok,0,0,0,0.00,0,0,0,0,0,N/A
2025-10-13 02:58:05,2120,6115.79,61,44,2846,2846.72,100,ok,0,0,0,0.00,0,0,0,0,0,N/A
2025-10-13 02:58:11,2120,6117.76,61,44,2846,2846.72,100,ok,0,0,0,0.00,0,0,0,0,0,N/A
2025-10-13 02:58:16,2301,6117.76,46,44,2846,2846.72,100,ok,0,0,0,0.00,0,0,0,0,0,N/A
2025-10-13 02:58:21,2301,6118.08,46,44,2846,2846.72,100,ok,0,0,0,0.00,0,0,0,0,0,N/A
2025-10-13 02:58:26,2316,6118.08,31,44,2846,2846.72,100,ok,0,0,0,0.00,0,0,0,0,0,N/A
2025-10-13 02:58:31,2316,6135.69,31,44,2846,2846.72,100,ok,0,0,0,0.00,0,0,0,0,0,N/A
2025-10-13 02:58:36,2169,6135.69,76,44,2846,2846.72,100,ok,0,0,0,0.00,0,0,0,0,0,N/A
2025-10-13 02:58:41,2169,6135.34,76,44,2846,2846.72,100,ok,0,0,0,0.00,0,0,0,0,0,N/A
2025-10-13 02:58:46,2132,6135.34,66,44,2846,2846.72,100,ok,0,0,0,0.00,0,0,0,0,0,N/A
2025-10-13 02:58:52,2132,6145.17,66,44,2846,2846.72,100,ok,0,0,0,0.00,0,0,0,0,0,N/A
2025-10-13 02:58:57,2055,6145.17,60,44,2846,2846.72,100,ok,0,0,0,0.00,0,0,0,0,0,N/A
2025-10-13 02:59:02,2055,6145.76,60,44,2846,2846.72,100,ok,0,0,0,0.00,0,0,0,0,0,N/A
2025-10-13 02:59:07,2106,6145.76,55,44,2846,2846.72,100,ok,0,0,0,0.00,0,0,0,0,0,N/A
2025-10-13 02:59:12,2106,6147.63,55,44,2846,2846.72,100,ok,0,0,0,0.00,0,0,0,0,0,N/A
2025-10-13 02:59:16,2055,6147.63,51,44,2846,2846.72,100,ok,0,0,0,0.00,0,0,0,0,0,N/A
2025-10-13 02:59:21,2055,6146.35,51,44,2846,2846.72,100,ok,0,0,0,0.00,0,0,0,0,0,N/A
2025-10-13 02:59:26,2187,6146.35,36,44,2846,2846.72,100,ok,0,0,0,0.00,0,0,0,0,0,N/A
2025-10-13 02:59:31,2187,6145.58,36,44,2846,2846.72,100,ok,0,0,0,0.00,0,0,0,0,0,N/A
2025-10-13 02:59:36,1956,6145.58,64,44,2846,2846.72,100,ok,0,0,0,0.00,0,0,0,0,0,N/A
2025-10-13 02:59:46,1996,6159.75,42,44,2846,2846.72,100,ok,0,0,0,0.00,0,0,0,0,0,N/A
2025-10-13 02:59:52,1996,6159.06,42,44,2846,2846.72,100,ok,0,0,0,0.00,0,0,0,0,0,N/A
2025-10-13 02:59:56,1796,6159.06,32,44,2846,2846.72,100,ok,0,0,0,0.00,0,0,0,0,0,N/A
2025-10-13 03:00:01,1796,6175.88,32,44,2846,2846.72,100,ok,0,0,0,0.00,0,0,0,0,0,N/A
2025-10-13 03:00:06,1778,6175.88,79,44,2846,2846.72,100,ok,0,0,0,0.00,0,0,0,0,0,N/A
2025-10-13 03:00:12,1778,6175.88,79,44,2846,2846.72,100,ok,0,0,0,0.00,0,0,0,0,0,N/A
2025-10-13 03:00:15,1724,6175.88,79,44,2846,2846.72,100,ok,0,0,0,0.00,0,0,0,0,0,N/A
2025-10-13 03:00:20,1724,6175.88,79,44,2846,2846.72,100,ok,0,0,0,0.00,0,0,0,0,0,N/A
2025-10-13 03:00:24,1940,6175.88,40,44,2846,2846.72,100,ok,0,0,0,0.00,0,0,0,0,0,N/A
2025-10-13 03:00:29,1940,6175.03,40,44,2846,2846.72,100,ok,0,0,0,0.00,0,0,0,0,0,N/A
2025-10-13 03:00:33,2439,6175.03,60,44,2846,2846.72,100,ok,0,0,0,0.00,0,0,0,0,0,N/A
2025-10-13 03:00:39,2439,6186.81,60,44,2846,2846.72,100,ok,0,0,0,0.00,0,0,0,0,0,N/A
2025-10-13 03:00:44,2394,6186.81,21,44,2846,2846.72,100,ok,0,0,0,0.00,0,0,0,0,0,N/A
2025-10-13 03:00:48,2394,6185.32,21,44,2846,2846.72,100,ok,0,0,0,0.00,0,0,0,0,0,N/A
2025-10-13 03:00:53,2394,6185.32,21,44,2846,2846.72,100,ok,0,0,0,0.00,0,0,0,0,0,N/A
2025-10-13 03:00:59,2299,6195.96,67,44,2846,2846.72,100,ok,0,0,0,0.00,0,0,0,0,0,N/A
2025-10-13 03:01:04,2299,6195.96,71,45,2846,2846.72,100,ok,0,0,0,0.00,0,0,0,0,0,N/A
2025-10-13 03:01:09,2548,6200.04,71,45,2846,2846.72,100,ok,0,0,0,0.00,0,0,0,0,0,N/A
2025-10-13 03:01:14,2548,6200.04,71,45,2846,2846.72,100,ok,0,0,0,0.00,0,0,0,0,0,N/A
2025-10-13 03:01:19,2313,6199.74,54,45,2846,2846.72,100,ok,0,0,0,0.00,0,0,0,0,0,N/A
2025-10-13 03:01:23,2313,6199.74,20,45,2846,2846.72,100,ok,0,0,0,0.00,0,0,0,0,0,N/A
2025-10-13 03:01:30,2287,6208.20,20,45,2846,2846.72,100,ok,0,0,0,0.00,0,0,0,0,0,N/A
2025-10-13 03:01:34,2287,6208.20,20,45,2846,2846.72,100,ok,0,0,0,0.00,0,0,0,0,0,N/A
2025-10-13 03:01:39,1901,6208.93,57,45,2846,2846.72,100,ok,0,0,0,0.00,0,0,0,0,0,N/A
2025-10-13 03:01:43,1901,6208.93,57,45,2846,2846.72,100,ok,0,0,0,0.00,0,0,0,0,0,N/A
2025-10-13 03:01:49,1981,6208.64,41,45,2846,2846.72,100,ok,0,0,0,0.00,0,0,0,0,0,N/A
2025-10-13 03:01:53,1981,6208.64,41,45,2846,2846.72,100,ok,0,0,0,0.00,0,0,0,0,0,N/A
2025-10-13 03:01:59,1925,6217.15,20,45,2846,2846.72,100,ok,0,0,0,0.00,0,0,0,0,0,N/A
2025-10-13 03:02:03,1925,6217.15,20,45,2846,2846.72,100,ok,0,0,0,0.00,0,0,0,0,0,N/A
2025-10-13 03:02:09,1841,6216.18,75,45,2846,2846.72,100,ok,0,0,0,0.00,0,0,0,0,0,N/A
2025-10-13 03:02:13,1841,6216.18,75,45,2846,2846.72,100,ok,0,0,0,0.00,0,0,0,0,0,N/A
2025-10-13 03:02:19,1992,6233.07,21,45,2846,2846.72,100,ok,0,0,0,0.00,0,0,0,0,0,N/A
2025-10-13 03:02:23,1992,6233.07,21,45,2846,2846.72,100,ok,0,0,0,0.00,0,0,0,0,0,N/A
2025-10-13 03:02:29,1794,6238.24,66,45,2846,2846.72,100,ok,0,0,0,0.00,0,0,0,0,0,N/A
2025-10-13 03:02:33,1794,6238.24,66,45,2846,2846.72,100,ok,0,0,0,0.00,0,0,0,0,0,N/A
2025-10-13 03:02:39,2040,6250.24,75,45,2846,2846.72,100,ok,0,0,0,0.00,0,0,0,0,0,N/A
2025-10-13 03:02:43,2040,6250.24,75,45,2846,2846.72,100,ok,0,0,0,0.00,0,0,0,0,0,N/A
2025-10-13 03:02:49,2083,6254.08,54,45,2846,2846.72,100,ok,0,0,0,0.00,0,0,0,0,0,N/A
2025-10-13 03:02:54,2083,6254.08,54,45,2846,2846.72,100,ok,0,0,0,0.00,0,0,0,0,0,N/A
2025-10-13 03:02:59,2462,6255.61,23,45,2846,2846.72,100,ok,0,0,0,0.00,0,0,0,0,0,N/A
2025-10-13 03:03:03,2462,6255.61,23,45,2846,2846.72,100,ok,0,0,0,0.00,0,0,0,0,0,N/A
2025-10-13 03:03:10,2404,6254.67,24,45,2846,2846.72,100,ok,0,0,0,0.00,0,0,0,0,0,N/A
2025-10-13 03:03:14,2404,6254.67,24,45,2846,2846.72,100,ok,0,0,0,0.00,0,0,0,0,0,N/A
2025-10-13 03:03:19,2337,6255.73,31,45,2846,2846.72,100,ok,0,0,0,0.00,0,0,0,0,0,N/A
2025-10-13 03:03:23,2337,6255.73,31,45,2846,2846.72,100,ok,0,0,0,0.00,0,0,0,0,0,N/A
2025-10-13 03:03:29,2118,6255.10,46,45,2846,2846.72,100,ok,0,0,0,0.00,0,0,0,0,0,N/A
2025-10-13 03:03:33,2118,6255.10,46,45,2846,2846.72,100,ok,0,0,0,0.00,0,0,0,0,0,N/A
2025-10-13 03:03:39,1797,6264.30,80,45,2846,2846.72,100,ok,0,0,0,0.00,0,0,0,0,0,N/A
2025-10-13 03:03:43,1797,6264.30,80,45,2846,2846.72,100,ok,0,0,0,0.00,0,0,0,0,0,N/A
2025-10-13 03:03:50,1974,6273.86,28,45,2846,2846.72,100,ok,0,0,0,0.00,0,0,0,0,0,N/A
2025-10-13 03:03:54,1974,6273.86,28,45,2846,2846.72,100,ok,0,0,0,0.00,0,0,0,0,0,N/A
2025-10-13 03:04:00,1761,6272.87,23,45,2846,2846.72,100,ok,0,0,0,0.00,0,0,0,0,0,N/A
2025-10-13 03:04:04,1761,6272.87,23,45,2846,2846.72,100,ok,0,0,0,0.00,0,0,0,0,0,N/A
2025-10-13 03:04:09,1881,6280.10,35,45,2846,2846.72,100,ok,0,0,0,0.00,0,0,0,0,0,N/A
2025-10-13 03:04:13,1881,6280.10,35,45,2846,2846.72,100,ok,0,0,0,0.00,0,0,0,0,0,N/A
2025-10-13 03:04:19,1816,6279.24,69,45,2846,2846.72,100,ok,0,0,0,0.00,0,0,0,0,0,N/A
2025-10-13 03:04:22,1816,6279.24,69,45,2846,2846.72,100,ok,0,0,0,0.00,0,0,0,0,0,N/A
2025-10-13 03:04:30,1981,6279.51,59,45,2846,2846.72,100,ok,0,0,0,0.00,0,0,0,0,0,N/A
2025-10-13 03:04:34,1981,6279.51,59,45,2846,2846.72,100,ok,0,0,0,0.00,0,0,0,0,0,N/A
2025-10-13 03:04:39,1981,6282.69,75,45,2846,2846.72,100,ok,0,0,0,0.00,0,0,0,0,0,N/A
2025-10-13 03:04:43,2079,6282.69,75,45,2846,2846.72,100,ok,0,0,0,0.00,0,0,0,0,0,N/A
2025-10-13 03:04:50,1915,6297.02,37,45,2846,2846.72,100,ok,0,0,0,0.00,0,0,0,0,0,N/A
2025-10-13 03:04:55,1915,6297.02,37,45,2846,2846.72,100,ok,0,0,0,0.00,0,0,0,0,0,N/A
2025-10-13 03:05:01,1915,6318.10,37,45,2846,2846.72,100,ok,0,0,0,0.00,0,0,0,0,0,N/A
2025-10-13 03:05:05,1955,6318.10,40,45,2846,2846.72,100,ok,0,0,0,0.00,0,0,0,0,0,N/A
2025-10-13 03:05:10,1955,6317.06,40,45,2846,2846.72,100,ok,0,0,0,0.00,0,0,0,0,0,N/A
2025-10-13 03:05:15,1901,6317.06,46,45,2846,2846.72,100,ok,0,0,0,0.00,0,0,0,0,0,N/A
2025-10-13 03:05:20,1901,6316.45,46,45,2846,2846.72,100,ok,0,0,0,0.00,0,0,0,0,0,N/A
2025-10-13 03:05:25,2238,6316.45,55,45,2846,2846.72,100,ok,0,0,0,0.00,0,0,0,0,0,N/A
2025-10-13 03:05:30,2238,6321.43,55,45,2846,2846.72,100,ok,0,0,0,0.00,0,0,0,0,0,N/A
2025-10-13 03:05:34,2409,6321.43,61,45,2846,2846.72,100,ok,0,0,0,0.00,0,0,0,0,0,N/A
2025-10-13 03:05:40,2409,6327.61,61,45,2846,2846.72,100,ok,0,0,0,0.00,0,0,0,0,0,N/A
2025-10-13 03:05:44,2472,6327.61,62,45,2846,2846.72,100,ok,0,0,0,0.00,0,0,0,0,0,N/A
2025-10-13 03:05:51,2472,6338.76,62,45,2846,2846.72,100,ok,0,0,0,0.00,0,0,0,0,0,N/A
2025-10-13 03:05:55,2570,6338.76,73,46,2846,2846.72,100,ok,0,0,0,0.00,0,0,0,0,0,N/A
2025-10-13 03:06:01,2570,6337.95,73,46,2846,2846.72,100,ok,0,0,0,0.00,0,0,0,0,0,N/A
2025-10-13 03:06:05,2548,6337.95,62,46,2846,2846.72,100,ok,0,0,0,0.00,0,0,0,0,0,N/A
2025-10-13 03:06:11,2548,6344.36,62,46,2846,2846.72,100,ok,0,0,0,0.00,0,0,0,0,0,N/A
2025-10-13 03:06:15,2551,6344.36,21,46,2846,2846.72,100,ok,0,0,0,0.00,0,0,0,0,0,N/A
2025-10-13 03:06:21,2551,6352.32,21,46,2846,2846.72,100,ok,0,0,0,0.00,0,0,0,0,0,N/A
2025-10-13 03:06:30,2402,6362.87,28,46,2846,2846.72,100,ok,0,0,0,0.00,0,0,0,0,0,N/A
2025-10-13 03:06:34,2408,6362.87,22,46,2846,2846.72,100,ok,0,0,0,0.00,0,0,0,0,0,N/A
2025-10-13 03:06:41,2408,6373.61,22,46,2846,2846.72,100,ok,0,0,0,0.00,0,0,0,0,0,N/A
2025-10-13 03:06:45,2275,6373.61,21,46,2846,2846.72,100,ok,0,0,0,0.00,0,0,0,0,0,N/A
2025-10-13 03:06:51,2275,6378.91,21,46,2846,2846.72,100,ok,0,0,0,0.00,0,0,0,0,0,N/A
2025-10-13 03:06:55,2180,6378.91,62,46,2846,2846.72,100,ok,0,0,0,0.00,0,0,0,0,0,N/A
2025-10-13 03:07:01,2180,6377.95,62,46,2846,2846.72,100,ok,0,0,0,0.00,0,0,0,0,0,N/A
2025-10-13 03:07:05,2133,6377.95,60,46,2846,2846.72,100,ok,0,0,0,0.00,0,0,0,0,0,N/A
2025-10-13 03:07:10,2133,6376.79,60,46,2846,2846.72,100,ok,0,0,0,0.00,0,0,0,0,0,N/A
2025-10-13 03:07:14,2110,6376.79,58,46,2846,2846.72,100,ok,0,0,0,0.00,0,0,0,0,0,N/A
2025-10-13 03:07:21,2110,6380.55,58,46,2846,2846.72,100,ok,0,0,0,0.00,0,0,0,0,0,N/A
2025-10-13 03:07:26,2218,6380.55,70,46,2846,2846.72,100,ok,0,0,0,0.00,0,0,0,0,0,N/A
2025-10-13 03:07:32,2218,6386.36,70,46,2846,2846.72,100,ok,0,0,0,0.00,0,0,0,0,0,N/A
2025-10-13 03:07:36,2202,6386.36,79,46,2846,2846.72,100,ok,0,0,0,0.00,0,0,0,0,0,N/A
2025-10-13 03:07:42,2202,6387.64,79,46,2846,2846.72,100,ok,0,0,0,0.00,0,0,0,0,0,N/A
2025-10-13 03:07:46,2311,6387.64,69,46,2846,2846.72,100,ok,0,0,0,0.00,0,0,0,0,0,N/A
2025-10-13 03:07:54,2311,6387.64,68,46,2846,2846.72,100,ok,0,0,0,0.00,0,0,0,0,0,N/A
2025-10-13 03:07:58,2184,6392.46,68,46,2846,2846.72,100,ok,0,0,0,0.00,0,0,0,0,0,N/A
2025-10-13 03:08:03,2184,6392.46,68,46,2846,2846.72,100,ok,0,0,0,0.00,0,0,0,0,0,N/A
2025-10-13 03:08:07,2426,6392.46,22,46,2846,2846.72,100,ok,0,0,0,0.00,0,0,0,0,0,N/A
2025-10-13 03:08:12,2426,6402.49,22,46,2846,2846.72,100,ok,0,0,0,0.00,0,0,0,0,0,N/A
2025-10-13 03:08:17,2426,6402.49,22,46,2846,2846.72,100,ok,0,0,0,0.00,0,0,0,0,0,N/A
2025-10-13 03:08:22,2298,6402.49,60,46,2846,2846.72,100,ok,0,0,0,0.00,0,0,0,0,0,N/A
2025-10-13 03:08:25,2298,6407.53,60,46,2846,2846.72,100,ok,0,0,0,0.00,0,0,0,0,0,N/A
2025-10-13 03:08:30,2108,6407.53,72,46,2846,2846.72,100,ok,0,0,0,0.00,0,0,0,0,0,N/A
2025-10-13 03:08:35,2108,6407.82,72,46,2846,2846.72,100,ok,0,0,0,0.00,0,0,0,0,0,N/A
2025-10-13 03:08:40,2153,6407.82,27,46,2846,2846.72,100,ok,0,0,0,0.00,0,0,0,0,0,N/A
2025-10-13 03:08:45,2153,6416.76,27,46,2846,2846.72,100,ok,0,0,0,0.00,0,0,0,0,0,N/A
2025-10-13 03:08:49,2153,6416.76,27,46,2846,2846.72,100,ok,0,0,0,0.00,0,0,0,0,0,N/A
2025-10-13 03:08:55,2613,6430.85,69,46,2846,2846.72,100,ok,0,0,0,0.00,0,0,0,0,0,N/A
2025-10-13 03:09:00,2613,6430.85,69,46,2846,2846.72,100,ok,0,0,0,0.00,0,0,0,0,0,N/A
2025-10-13 03:09:04,2462,6430.10,75,46,2846,2846.72,100,ok,0,0,0,0.00,0,0,0,0,0,N/A
2025-10-13 03:09:08,2462,6430.10,75,46,2846,2846.72,100,ok,0,0,0,0.00,0,0,0,0,0,N/A
2025-10-13 03:09:15,2340,6439.68,71,46,2846,2846.72,100,ok,0,0,0,0.00,0,0,0,0,0,N/A
2025-10-13 03:09:19,2340,6439.68,76,47,2846,2846.72,100,ok,0,0,0,0.00,0,0,0,0,0,N/A
2025-10-13 03:09:25,2439,6443.82,76,47,2846,2846.72,100,ok,0,0,0,0.00,0,0,0,0,0,N/A
2025-10-13 03:09:28,2439,6443.82,76,47,2846,2846.72,100,ok,0,0,0,0.00,0,0,0,0,0,N/A
2025-10-13 03:09:34,2723,6448.05,30,47,2846,2846.72,100,ok,0,0,0,0.00,0,0,0,0,0,N/A
2025-10-13 03:09:39,2723,6448.05,30,47,2846,2846.72,100,ok,0,0,0,0.00,0,0,0,0,0,N/A
2025-10-13 03:09:45,2610,6456.26,33,47,2846,2846.72,100,ok,0,0,0,0.00,0,0,0,0,0,N/A
2025-10-13 03:09:50,2610,6456.26,33,47,2846,2846.72,100,ok,0,0,0,0.00,0,0,0,0,0,N/A
2025-10-13 03:09:55,2357,6463.59,38,47,2846,2846.72,100,ok,0,0,0,0.00,0,0,0,0,0,N/A
2025-10-13 03:09:59,2357,6463.59,38,47,2846,2846.72,100,ok,0,0,0,0.00,0,0,0,0,0,N/A
2025-10-13 03:10:05,2481,6468.35,65,47,2846,2846.72,100,ok,0,0,0,0.00,0,0,0,0,0,N/A
2025-10-13 03:10:09,2481,6468.35,65,47,2846,2846.72,100,ok,0,0,0,0.00,0,0,0,0,0,N/A
2025-10-13 03:10:14,2498,6468.28,65,47,2846,2846.72,100,ok,0,0,0,0.00,0,0,0,0,0,N/A
2025-10-13 03:10:19,2498,6468.28,65,47,2846,2846.72,100,ok,0,0,0,0.00,0,0,0,0,0,N/A
2025-10-13 03:10:25,2297,6469.63,53,47,2846,2846.72,100,ok,0,0,0,0.00,0,0,0,0,0,N/A
2025-10-13 03:10:30,2297,6469.63,53,47,2846,2846.72,100,ok,0,0,0,0.00,0,0,0,0,0,N/A
2025-10-13 03:10:35,2006,6468.61,43,47,2846,2846.72,100,ok,0,0,0,0.00,0,0,0,0,0,N/A
2025-10-13 03:10:39,2006,6468.61,43,47,2846,2846.72,100,ok,0,0,0,0.00,0,0,0,0,0,N/A
2025-10-13 03:10:45,2209,6480.24,32,47,2846,2846.72,100,ok,0,0,0,0.00,0,0,0,0,0,N/A
2025-10-13 03:10:49,2209,6480.24,32,47,2846,2846.72,100,ok,0,0,0,0.00,0,0,0,0,0,N/A
2025-10-13 03:10:55,2411,6492.53,73,47,2846,2846.72,100,ok,0,0,0,0.00,0,0,0,0,0,N/A
2025-10-13 03:10:59,2411,6492.53,73,47,2846,2846.72,100,ok,0,0,0,0.00,0,0,0,0,0,N/A
2025-10-13 03:11:05,2326,6503.73,29,47,2846,2846.72,100,ok,0,0,0,0.00,0,0,0,0,0,N/A
2025-10-13 03:11:09,2326,6503.73,29,47,2846,2846.72,100,ok,0,0,0,0.00,0,0,0,0,0,N/A
2025-10-13 03:11:15,2581,6511.85,71,47,2846,2846.72,100,ok,0,0,0,0.00,0,0,0,0,0,N/A
2025-10-13 03:11:20,2581,6511.85,71,47,2846,2846.72,100,ok,0,0,0,0.00,0,0,0,0,0,N/A
2025-10-13 03:11:28,2785,6515.90,78,47,2846,2846.72,100,ok,0,0,0,0.00,0,0,0,0,0,N/A
2025-10-13 03:11:34,2785,6516.78,55,47,2846,2846.72,100,ok,0,0,0,0.00,0,0,0,0,0,N/A
2025-10-13 03:11:39,3180,6516.78,55,47,2846,2846.72,100,ok,0,0,0,0.00,0,0,0,0,0,N/A
2025-10-13 03:11:45,3180,6517.89,54,47,2846,2846.72,100,ok,0,0,0,0.00,0,0,0,0,0,N/A
2025-10-13 03:11:49,2807,6517.89,54,47,2846,2846.72,100,ok,0,0,0,0.00,0,0,0,0,0,N/A
2025-10-13 03:11:55,2807,6516.38,54,47,2846,2846.72,100,ok,0,0,0,0.00,0,0,0,0,0,N/A
2025-10-13 03:11:59,2410,6516.38,23,47,2846,2846.72,100,ok,0,0,0,0.00,0,0,0,0,0,N/A
2025-10-13 03:12:05,2410,6526.71,23,47,2846,2846.72,100,ok,0,0,0,0.00,0,0,0,0,0,N/A
2025-10-13 03:12:09,2200,6526.71,44,47,2846,2846.72,100,ok,0,0,0,0.00,0,0,0,0,0,N/A
2025-10-13 03:12:15,2200,6540.65,44,47,2846,2846.72,100,ok,0,0,0,0.00,0,0,0,0,0,N/A
2025-10-13 03:12:19,2035,6540.65,51,47,2846,2846.72,100,ok,0,0,0,0.00,0,0,0,0,0,N/A
2025-10-13 03:12:25,2035,6541.87,51,47,2846,2846.72,100,ok,0,0,0,0.00,0,0,0,0,0,N/A
2025-10-13 03:12:29,2084,6541.87,80,47,2846,2846.72,100,ok,0,0,0,0.00,0,0,0,0,0,N/A
2025-10-13 03:12:35,2084,6554.21,80,47,2846,2846.72,100,ok,0,0,0,0.00,0,0,0,0,0,N/A
2025-10-13 03:12:40,1962,6554.21,38,48,2846,2846.72,100,ok,0,0,0,0.00,0,0,0,0,0,N/A
2025-10-13 03:12:45,1962,6557.53,48,48,2846,2846.72,100,ok,0,0,0,0.00,0,0,0,0,0,N/A
2025-10-13 03:12:50,2308,6557.53,48,48,2846,2846.72,100,ok,0,0,0,0.00,0,0,0,0,0,N/A
2025-10-13 03:12:56,2308,6567.45,48,48,2846,2846.72,100,ok,0,0,0,0.00,0,0,0,0,0,N/A
2025-10-13 03:13:01,2569,6567.45,69,48,2846,2846.72,100,ok,0,0,0,0.00,0,0,0,0,0,N/A
2025-10-13 03:13:06,2569,6566.99,69,48,2846,2846.72,100,ok,0,0,0,0.00,0,0,0,0,0,N/A
2025-10-13 03:13:10,2524,6566.99,74,48,2846,2846.72,100,ok,0,0,0,0.00,0,0,0,0,0,N/A
2025-10-13 03:13:16,2524,6566.84,74,48,2846,2846.72,100,ok,0,0,0,0.00,0,0,0,0,0,N/A
2025-10-13 03:13:20,2548,6566.84,31,48,2846,2846.72,100,ok,0,0,0,0.00,0,0,0,0,0,N/A
2025-10-13 03:13:25,2548,6581.56,31,48,2846,2846.72,100,ok,0,0,0,0.00,0,0,0,0,0,N/A
2025-10-13 03:13:30,2353,6581.56,39,48,2846,2846.72,100,ok,0,0,0,0.00,0,0,0,0,0,N/A
2025-10-13 03:13:36,2353,6599.54,39,48,2846,2846.72,100,ok,0,0,0,0.00,0,0,0,0,0,N/A
2025-10-13 03:13:40,2405,6599.54,59,48,2846,2846.72,100,ok,0,0,0,0.00,0,0,0,0,0,N/A
2025-10-13 03:13:46,2405,6600.07,59,48,2846,2846.72,100,ok,0,0,0,0.00,0,0,0,0,0,N/A
2025-10-13 03:13:50,2474,6600.07,78,48,2846,2846.72,100,ok,0,0,0,0.00,0,0,0,0,0,N/A
2025-10-13 03:13:56,2474,6609.58,78,48,2846,2846.72,100,ok,0,0,0,0.00,0,0,0,0,0,N/A
2025-10-13 03:14:00,2338,6609.58,73,48,2846,2846.72,100,ok,0,0,0,0.00,0,0,0,0,0,N/A
2025-10-13 03:14:05,2338,6608.76,73,48,2846,2846.72,100,ok,0,0,0,0.00,0,0,0,0,0,N/A
2025-10-13 03:14:10,2277,6608.76,22,48,2846,2846.72,100,ok,0,0,0,0.00,0,0,0,0,0,N/A
2025-10-13 03:14:15,2277,6607.57,22,48,2846,2846.72,100,ok,0,0,0,0.00,0,0,0,0,0,N/A
2025-10-13 03:14:19,2251,6607.57,80,48,2846,2846.72,100,ok,0,0,0,0.00,0,0,0,0,0,N/A
2025-10-13 03:14:26,2251,6608.80,80,48,2846,2846.72,100,ok,0,0,0,0.00,0,0,0,0,0,N/A
2025-10-13 03:14:30,2261,6608.80,27,48,2846,2846.72,100,ok,0,0,0,0.00,0,0,0,0,0,N/A
2025-10-13 03:14:35,2261,6613.14,27,48,2846,2846.72,100,ok,0,0,0,0.00,0,0,0,0,0,N/A
2025-10-13 03:14:40,2113,6613.14,27,48,2846,2846.72,100,ok,0,0,0,0.00,0,0,0,0,0,N/A
2025-10-13 03:14:45,2113,6617.94,27,48,2846,2846.72,100,ok,0,0,0,0.00,0,0,0,0,0,N/A
2025-10-13 03:14:49,2136,6617.94,45,48,2846,2846.72,100,ok,0,0,0,0.00,0,0,0,0,0,N/A
2025-10-13 03:14:55,2136,6616.76,45,48,2846,2846.72,100,ok,0,0,0,0.00,0,0,0,0,0,N/A
2025-10-13 03:14:59,2136,6616.76,73,48,2846,2846.72,100,ok,0,0,0,0.00,0,0,0,0,0,N/A
2025-10-13 03:15:05,1995,6618.13,73,48,2846,2846.72,100,ok,0,0,0,0.00,0,0,0,0,0,N/A
2025-10-13 03:15:10,1995,6618.13,71,48,2846,2846.72,100,ok,0,0,0,0.00,0,0,0,0,0,N/A
2025-10-13 03:15:15,1864,6616.57,71,48,2846,2846.72,100,ok,0,0,0,0.00,0,0,0,0,0,N/A
2025-10-13 03:15:19,1864,6616.57,71,48,2846,2846.72,100,ok,0,0,0,0.00,0,0,0,0,0,N/A
2025-10-13 03:15:25,1565,6617.70,63,48,2846,2846.72,100,ok,0,0,0,0.00,0,0,0,0,0,N/A
2025-10-13 03:15:29,1565,6617.70,63,48,2846,2846.72,100,ok,0,0,0,0.00,0,0,0,0,0,N/A
2025-10-13 03:15:35,1453,6622.03,69,48,2846,2846.72,100,ok,0,0,0,0.00,0,0,0,0,0,N/A
2025-10-13 03:15:40,1453,6622.03,69,48,2846,2846.72,100,ok,0,0,0,0.00,0,0,0,0,0,N/A
2025-10-13 03:15:46,1352,6622.61,49,48,2846,2846.72,100,ok,0,0,0,0.00,0,0,0,0,0,N/A
2025-10-13 03:15:50,1352,6622.61,49,48,2846,2846.72,100,ok,0,0,0,0.00,0,0,0,0,0,N/A
2025-10-13 03:15:58,1356,6625.46,50,48,2846,2846.72,100,ok,0,0,0,0.00,0,0,0,0,0,N/A
2025-10-13 03:16:04,1252,6624.63,58,48,2846,2846.72,100,ok,0,0,0,0.00,0,0,0,0,0,N/A
2025-10-13 03:16:08,1252,6624.63,58,48,2846,2846.72,100,ok,0,0,0,0.00,0,0,0,0,0,N/A
2025-10-13 03:16:16,1336,6638.23,58,48,2846,2846.72,100,ok,0,0,0,0.00,0,0,0,0,0,N/A
2025-10-13 03:16:21,1336,6638.23,58,48,2846,2846.72,100,ok,0,0,0,0.00,0,0,0,0,0,N/A
2025-10-13 03:16:30,1484,6648.06,68,48,2846,2846.72,100,ok,0,0,0,0.00,0,0,0,0,0,N/A
2025-10-13 03:16:37,1457,6663.65,70,48,2846,2846.72,100,ok,0,0,0,0.00,0,0,0,0,0,N/A
2025-10-13 03:16:42,1449,6663.65,48,49,2846,2846.72,100,ok,0,0,0,0.00,0,0,0,0,0,N/A
2025-10-13 03:16:48,1449,6663.19,48,49,2846,2846.72,100,ok,0,0,0,0.00,0,0,0,0,0,N/A
2025-10-13 03:16:52,1449,6663.19,48,49,2846,2846.72,100,ok,0,0,0,0.00,0,0,0,0,0,N/A
2025-10-13 03:16:58,1457,6676.10,55,49,2846,2846.72,100,ok,0,0,0,0.00,0,0,0,0,0,N/A
2025-10-13 03:17:02,1683,6676.10,49,49,2846,2846.72,100,ok,0,0,0,0.00,0,0,0,0,0,N/A
2025-10-13 03:17:10,1683,6686.31,49,49,2846,2846.72,100,ok,0,0,0,0.00,0,0,0,0,0,N/A
2025-10-13 03:17:18,1625,6685.78,37,49,2846,2846.72,100,ok,0,0,0,0.00,0,0,0,0,0,N/A
2025-10-13 03:17:23,1625,6685.78,37,49,2846,2846.72,100,ok,0,0,0,0.00,0,0,0,0,0,N/A
2025-10-13 03:17:28,1555,6694.22,38,49,2846,2846.72,100,ok,0,0,0,0.00,0,0,0,0,0,N/A
2025-10-13 03:17:32,1555,6694.22,38,49,2846,2846.72,100,ok,0,0,0,0.00,0,0,0,0,0,N/A
2025-10-13 03:17:39,1510,6693.54,23,49,2846,2846.72,100,ok,0,0,0,0.00,0,0,0,0,0,N/A
2025-10-13 03:17:46,1510,6693.54,23,49,2846,2846.72,100,ok,0,0,0,0.00,0,0,0,0,0,N/A
2025-10-13 03:17:50,1600,6692.82,24,49,2846,2846.72,100,ok,0,0,0,0.00,0,0,0,0,0,N/A
2025-10-13 03:17:58,1600,6702.73,23,49,2846,2846.72,100,ok,0,0,0,0.00,0,0,0,0,0,N/A
2025-10-13 03:18:02,1463,6702.73,23,49,2846,2846.72,100,ok,0,0,0,0.00,0,0,0,0,0,N/A
2025-10-13 03:18:08,1463,6702.08,23,49,2846,2846.72,100,ok,0,0,0,0.00,0,0,0,0,0,N/A
2025-10-13 03:18:13,1474,6702.08,26,49,2846,2846.72,100,ok,0,0,0,0.00,0,0,0,0,0,N/A
2025-10-13 03:18:20,1474,6703.81,36,49,2846,2846.72,100,ok,0,0,0,0.00,0,0,0,0,0,N/A
2025-10-13 03:18:24,1577,6703.81,36,49,2846,2846.72,100,ok,0,0,0,0.00,0,0,0,0,0,N/A
2025-10-13 03:18:29,1577,6711.03,36,49,2846,2846.72,100,ok,0,0,0,0.00,0,0,0,0,0,N/A
2025-10-13 03:18:34,1542,6711.03,40,49,2846,2846.72,100,ok,0,0,0,0.00,0,0,0,0,0,N/A
2025-10-13 03:18:40,1542,6711.51,42,49,2846,2846.72,100,ok,0,0,0,0.00,0,0,0,0,0,N/A
2025-10-13 03:18:49,1714,6722.39,42,49,2846,2846.72,100,ok,0,0,0,0.00,0,0,0,0,0,N/A
2025-10-13 03:18:54,1663,6722.39,79,49,2846,2846.72,100,ok,0,0,0,0.00,0,0,0,0,0,N/A
2025-10-13 03:19:00,1663,6722.39,79,49,2846,2846.72,100,ok,0,0,0,0.00,0,0,0,0,0,N/A
2025-10-13 03:19:04,1784,6723.17,68,49,2846,2846.72,100,ok,0,0,0,0.00,0,0,0,0,0,N/A
2025-10-13 03:19:11,1784,6728.08,68,49,2846,2846.72,100,ok,0,0,0,0.00,0,0,0,0,0,N/A
2025-10-13 03:19:15,1624,6728.08,78,49,2846,2846.72,100,ok,0,0,0,0.00,0,0,0,0,0,N/A
2025-10-13 03:19:23,1624,6727.15,23,49,2846,2846.72,100,ok,0,0,0,0.00,0,0,0,0,0,N/A
2025-10-13 03:19:27,1605,6727.15,23,49,2846,2846.72,100,ok,0,0,0,0.00,0,0,0,0,0,N/A
2025-10-13 03:19:34,1605,6727.15,23,49,2846,2846.72,100,ok,0,0,0,0.00,0,0,0,0,0,N/A
2025-10-13 03:19:38,1527,6728.07,27,49,2846,2846.72,100,ok,0,0,0,0.00,0,0,0,0,0,N/A
2025-10-13 03:19:45,1611,6726.75,75,49,2846,2846.72,100,ok,0,0,0,0.00,0,0,0,0,0,N/A
2025-10-13 03:19:49,1611,6726.75,75,49,2846,2846.72,100,ok,0,0,0,0.00,0,0,0,0,0,N/A
2025-10-13 03:19:56,1611,6725.72,73,49,2846,2846.72,100,ok,0,0,0,0.00,0,0,0,0,0,N/A
2025-10-13 03:20:00,1745,6725.72,73,49,2846,2846.72,100,ok,0,0,0,0.00,0,0,0,0,0,N/A
2025-10-13 03:20:08,1745,6730.42,73,49,2846,2846.72,100,ok,0,0,0,0.00,0,0,0,0,0,N/A
2025-10-13 03:20:12,1546,6730.42,23,49,2846,2846.72,100,ok,0,0,0,0.00,0,0,0,0,0,N/A
2025-10-13 03:20:19,1546,6729.97,72,49,2846,2846.72,100,ok,0,0,0,0.00,0,0,0,0,0,N/A
2025-10-13 03:20:24,1449,6729.97,72,49,2846,2846.72,100,ok,0,0,0,0.00,0,0,0,0,0,N/A
2025-10-13 03:20:29,1449,6729.97,72,49,2846,2846.72,100,ok,0,0,0,0.00,0,0,0,0,0,N/A
2025-10-13 03:20:33,1384,6735.09,51,49,2846,2846.72,100,ok,0,0,0,0.00,0,0,0,0,0,N/A
2025-10-13 03:20:37,1384,6735.09,51,49,2846,2846.72,100,ok,0,0,0,0.00,0,0,0,0,0,N/A
2025-10-13 03:20:46,1569,6746.63,73,49,2846,2846.72,100,ok,0,0,0,0.00,0,0,0,0,0,N/A
2025-10-13 03:20:50,1557,6746.63,65,49,2846,2846.72,100,ok,0,0,0,0.00,0,0,0,0,0,N/A
2025-10-13 03:20:57,1557,6755.91,65,49,2846,2846.72,100,ok,0,0,0,0.00,0,0,0,0,0,N/A
2025-10-13 03:21:04,1543,6755.91,54,49,2846,2846.72,100,ok,0,0,0,0.00,0,0,0,0,0,N/A
2025-10-13 03:21:07,1543,6755.40,54,49,2846,2846.72,100,ok,0,0,0,0.00,0,0,0,0,0,N/A
2025-10-13 03:21:15,1480,6762.44,52,49,2846,2846.72,100,ok,0,0,0,0.00,0,0,0,0,0,N/A
2025-10-13 03:21:19,1480,6762.44,52,49,2846,2846.72,100,ok,0,0,0,0.00,0,0,0,0,0,N/A
2025-10-13 03:21:30,1482,6761.88,54,49,2846,2846.72,100,ok,0,0,0,0.00,0,0,0,0,0,N/A
2025-10-13 03:21:37,1482,6761.85,57,50,2846,2846.72,100,ok,0,0,0,0.00,0,0,0,0,0,N/A
2025-10-13 03:21:42,1440,6761.85,57,50,2846,2846.72,100,ok,0,0,0,0.00,0,0,0,0,0,N/A
2025-10-13 03:21:50,1414,6761.85,43,50,2846,2846.72,100,ok,0,0,0,0.00,0,0,0,0,0,N/A
2025-10-13 03:21:54,1414,6774.24,43,50,2846,2846.72,100,ok,0,0,0,0.00,0,0,0,0,0,N/A
2025-10-13 03:21:58,1414,6774.24,67,50,2846,2846.72,100,ok,0,0,0,0.00,0,0,0,0,0,N/A
2025-10-13 03:22:06,1598,6774.55,67,50,2846,2846.72,100,ok,0,0,0,0.00,0,0,0,0,0,N/A
2025-10-13 03:22:10,1598,6774.55,67,50,2846,2846.72,100,ok,0,0,0,0.00,0,0,0,0,0,N/A
2025-10-13 03:22:15,1586,6774.55,67,50,2846,2846.72,100,ok,0,0,0,0.00,0,0,0,0,0,N/A
2025-10-13 03:22:19,1586,6779.94,67,50,2846,2846.72,100,ok,0,0,0,0.00,0,0,0,0,0,N/A
2025-10-13 03:22:23,1524,6779.94,65,50,2846,2846.72,100,ok,0,0,0,0.00,0,0,0,0,0,N/A
2025-10-13 03:22:30,1524,6779.94,65,50,2846,2846.72,100,ok,0,0,0,0.00,0,0,0,0,0,N/A
2025-10-13 03:22:35,1580,6779.94,54,50,2846,2846.72,100,ok,0,0,0,0.00,0,0,0,0,0,N/A
2025-10-13 03:22:39,1580,6795.78,54,50,2846,2846.72,100,ok,0,0,0,0.00,0,0,0,0,0,N/A
2025-10-13 03:22:47,1905,6810.77,59,50,2846,2846.72,100,ok,0,0,0,0.00,0,0,0,0,0,N/A
2025-10-13 03:22:52,1905,6810.77,64,50,2846,2846.72,100,ok,0,0,0,0.00,0,0,0,0,0,N/A
2025-10-13 03:22:59,1953,6809.57,64,50,2846,2846.72,100,ok,0,0,0,0.00,0,0,0,0,0,N/A
2025-10-13 03:23:03,1953,6809.57,54,50,2846,2846.72,100,ok,0,0,0,0.00,0,0,0,0,0,N/A
2025-10-13 03:23:09,1956,6809.04,54,50,2846,2846.72,100,ok,0,0,0,0.00,0,0,0,0,0,N/A
2025-10-13 03:23:13,2004,6809.04,60,50,2846,2846.72,100,ok,0,0,0,0.00,0,0,0,0,0,N/A
2025-10-13 03:23:19,2004,6809.95,60,50,2846,2846.72,100,ok,0,0,0,0.00,0,0,0,0,0,N/A
2025-10-13 03:23:24,2004,6809.95,44,50,2846,2846.72,100,ok,0,0,0,0.00,0,0,0,0,0,N/A
2025-10-13 03:23:29,1872,6808.86,44,50,2846,2846.72,100,ok,0,0,0,0.00,0,0,0,0,0,N/A
2025-10-13 03:23:34,1872,6808.86,55,50,2846,2846.72,100,ok,0,0,0,0.00,0,0,0,0,0,N/A
2025-10-13 03:23:39,1998,6812.69,55,50,2846,2846.72,100,ok,0,0,0,0.00,0,0,0,0,0,N/A
2025-10-13 03:23:43,1998,6812.69,55,50,2846,2846.72,100,ok,0,0,0,0.00,0,0,0,0,0,N/A
2025-10-13 03:23:50,1622,6812.08,43,50,2846,2846.72,100,ok,0,0,0,0.00,0,0,0,0,0,N/A
2025-10-13 03:23:54,1622,6812.08,43,50,2846,2846.72,100,ok,0,0,0,0.00,0,0,0,0,0,N/A
2025-10-13 03:23:59,1644,6817.84,58,50,2846,2846.72,100,ok,0,0,0,0.00,0,0,0,0,0,N/A
2025-10-13 03:24:04,1644,6817.84,58,50,2846,2846.72,100,ok,0,0,0,0.00,0,0,0,0,0,N/A
2025-10-13 03:24:11,1609,6822.24,64,50,2846,2846.72,100,ok,0,0,0,0.00,0,0,0,0,0,N/A
2025-10-13 03:24:15,1609,6822.24,64,50,2846,2846.72,100,ok,0,0,0,0.00,0,0,0,0,0,N/A
2025-10-13 03:24:20,1599,6821.47,55,50,2846,2846.72,100,ok,0,0,0,0.00,0,0,0,0,0,N/A
2025-10-13 03:24:25,1599,6821.47,55,50,2846,2846.72,100,ok,0,0,0,0.00,0,0,0,0,0,N/A
2025-10-13 03:24:30,1724,6825.33,79,50,2846,2846.72,100,ok,0,0,0,0.00,0,0,0,0,0,N/A
2025-10-13 03:24:35,1724,6825.33,79,50,2846,2846.72,100,ok,0,0,0,0.00,0,0,0,0,0,N/A
2025-10-13 03:24:40,1675,6825.68,66,51,2846,2846.72,100,ok,0,0,0,0.00,0,0,0,0,0,N/A
2025-10-13 03:24:45,1675,6825.68,66,51,2846,2846.72,100,ok,0,0,0,0.00,0,0,0,0,0,N/A
2025-10-13 03:24:50,1809,6830.42,27,51,2846,2846.72,100,ok,0,0,0,0.00,0,0,0,0,0,N/A
2025-10-13 03:24:54,1809,6830.42,27,51,2846,2846.72,100,ok,0,0,0,0.00,0,0,0,0,0,N/A
2025-10-13 03:25:01,1805,6836.11,24,51,2846,2846.72,100,ok,0,0,0,0.00,0,0,0,0,0,N/A
2025-10-13 03:25:05,1805,6836.11,24,51,2846,2846.72,100,ok,0,0,0,0.00,0,0,0,0,0,N/A
2025-10-13 03:25:11,1775,6841.08,29,51,2846,2846.72,100,ok,0,0,0,0.00,0,0,0,0,0,N/A
2025-10-13 03:25:15,1775,6841.08,29,51,2846,2846.72,100,ok,0,0,0,0.00,0,0,0,0,0,N/A
2025-10-13 03:25:21,1868,6850.84,42,51,2846,2846.72,100,ok,0,0,0,0.00,0,0,0,0,0,N/A
2025-10-13 03:25:25,1868,6850.84,42,51,2846,2846.72,100,ok,0,0,0,0.00,0,0,0,0,0,N/A
2025-10-13 03:25:31,1732,6855.54,36,51,2846,2846.72,100,ok,0,0,0,0.00,0,0,0,0,0,N/A
2025-10-13 03:25:36,1732,6855.54,36,51,2846,2846.72,100,ok,0,0,0,0.00,0,0,0,0,0,N/A
2025-10-13 03:25:41,1898,6854.87,58,51,2846,2846.72,100,ok,0,0,0,0.00,0,0,0,0,0,N/A
2025-10-13 03:25:45,1898,6854.87,58,51,2846,2846.72,100,ok,0,0,0,0.00,0,0,0,0,0,N/A
2025-10-13 03:25:51,1724,6853.89,42,51,2846,2846.72,100,ok,0,0,0,0.00,0,0,0,0,0,N/A
2025-10-13 03:25:56,1724,6853.89,42,51,2846,2846.72,100,ok,0,0,0,0.00,0,0,0,0,0,N/A
2025-10-13 03:26:02,1791,6861.29,57,51,2846,2846.72,100,ok,0,0,0,0.00,0,0,0,0,0,N/A
2025-10-13 03:26:10,1791,6868.55,65,51,2846,2846.72,100,ok,0,0,0,0.00,0,0,0,0,0,N/A
2025-10-13 03:26:14,1702,6868.55,65,51,2846,2846.72,100,ok,0,0,0,0.00,0,0,0,0,0,N/A
2025-10-13 03:26:20,1702,6870.68,65,51,2846,2846.72,100,ok,0,0,0,0.00,0,0,0,0,0,N/A
2025-10-13 03:26:25,1784,6870.68,76,51,2846,2846.72,100,ok,0,0,0,0.00,0,0,0,0,0,N/A
2025-10-13 03:26:32,1784,6869.70,76,51,2846,2846.72,100,ok,0,0,0,0.00,0,0,0,0,0,N/A
2025-10-13 03:26:36,1755,6869.70,80,51,2846,2846.72,100,ok,0,0,0,0.00,0,0,0,0,0,N/A
2025-10-13 03:26:42,1755,6876.49,80,51,2846,2846.72,100,ok,0,0,0,0.00,0,0,0,0,0,N/A
2025-10-13 03:26:46,1631,6876.49,42,51,2846,2846.72,100,ok,0,0,0,0.00,0,0,0,0,0,N/A
2025-10-13 03:26:51,1631,6875.40,42,51,2846,2846.72,100,ok,0,0,0,0.00,0,0,0,0,0,N/A
2025-10-13 03:26:56,1789,6875.40,28,51,2846,2846.72,100,ok,0,0,0,0.00,0,0,0,0,0,N/A
2025-10-13 03:27:01,1789,6875.40,28,51,2846,2846.72,100,ok,0,0,0,0.00,0,0,0,0,0,N/A
2025-10-13 03:27:05,1672,6880.77,27,51,2846,2846.72,100,ok,0,0,0,0.00,0,0,0,0,0,N/A
2025-10-13 03:27:09,1672,6880.77,27,51,2846,2846.72,100,ok,0,0,0,0.00,0,0,0,0,0,N/A
2025-10-13 03:27:15,1575,6887.54,29,51,2846,2846.72,100,ok,0,0,0,0.00,0,0,0,0,0,N/A
2025-10-13 03:27:19,1575,6887.54,29,51,2846,2846.72,100,ok,0,0,0,0.00,0,0,0,0,0,N/A
2025-10-13 03:27:25,1610,6887.54,38,51,2846,2846.72,100,ok,0,0,0,0.00,0,0,0,0,0,N/A
2025-10-13 03:27:29,1610,6887.54,38,51,2846,2846.72,100,ok,0,0,0,0.00,0,0,0,0,0,N/A
2025-10-13 03:27:33,1610,6890.76,38,51,2846,2846.72,100,ok,0,0,0,0.00,0,0,0,0,0,N/A
2025-10-13 03:27:40,1673,6890.76,55,51,2846,2846.72,100,ok,0,0,0,0.00,0,0,0,0,0,N/A
2025-10-13 03:27:45,1673,6899.89,36,51,2846,2846.72,100,ok,0,0,0,0.00,0,0,0,0,0,N/A
2025-10-13 03:27:52,1741,6905.24,36,51,2846,2846.72,100,ok,0,0,0,0.00,0,0,0,0,0,N/A
2025-10-13 03:27:57,1892,6905.24,47,51,2846,2846.72,100,ok,0,0,0,0.00,0,0,0,0,0,N/A
2025-10-13 03:28:02,1892,6905.24,47,51,2846,2846.72,100,ok,0,0,0,0.00,0,0,0,0,0,N/A
2025-10-13 03:28:06,1892,6904.31,47,51,2846,2846.72,100,ok,0,0,0,0.00,0,0,0,0,0,N/A
2025-10-13 03:28:10,1795,6904.31,35,51,2846,2846.72,100,ok,0,0,0,0.00,0,0,0,0,0,N/A
2025-10-13 03:28:17,1795,6908.65,51,52,2846,2846.72,100,ok,0,0,0,0.00,0,0,0,0,0,N/A
2025-10-13 03:28:22,1891,6908.65,51,52,2846,2846.72,100,ok,0,0,0,0.00,0,0,0,0,0,N/A
2025-10-13 03:28:27,1891,6907.85,51,52,2846,2846.72,100,ok,0,0,0,0.00,0,0,0,0,0,N/A
2025-10-13 03:28:32,1764,6907.85,28,52,2846,2846.72,100,ok,0,0,0,0.00,0,0,0,0,0,N/A
2025-10-13 03:28:38,1764,6917.79,42,52,2846,2846.72,100,ok,0,0,0,0.00,0,0,0,0,0,N/A
2025-10-13 03:28:43,1696,6917.79,42,52,2846,2846.72,100,ok,0,0,0,0.00,0,0,0,0,0,N/A
2025-10-13 03:28:48,1558,6927.63,61,52,2846,2846.72,100,ok,0,0,0,0.00,0,0,0,0,0,N/A
2025-10-13 03:28:53,1558,6927.63,61,52,2846,2846.72,100,ok,0,0,0,0.00,0,0,0,0,0,N/A
2025-10-13 03:28:58,1558,6934.86,61,52,2846,2846.72,100,ok,0,0,0,0.00,0,0,0,0,0,N/A
2025-10-13 03:29:03,1603,6934.86,63,52,2846,2846.72,100,ok,0,0,0,0.00,0,0,0,0,0,N/A
2025-10-13 03:29:08,1603,6934.38,63,52,2846,2846.72,100,ok,0,0,0,0.00,0,0,0,0,0,N/A
2025-10-13 03:29:12,1709,6934.38,81,52,2846,2846.72,100,ok,0,0,0,0.00,0,0,0,0,0,N/A
2025-10-13 03:29:18,1709,6940.06,81,52,2846,2846.72,100,ok,0,0,0,0.00,0,0,0,0,0,N/A
2025-10-13 03:29:23,1712,6940.06,32,52,2846,2846.72,100,ok,0,0,0,0.00,0,0,0,0,0,N/A
2025-10-13 03:29:32,1757,6940.06,72,52,2846,2846.72,100,ok,0,0,0,0.00,0,0,0,0,0,N/A
2025-10-13 03:29:36,1757,6940.85,72,52,2846,2846.72,100,ok,0,0,0,0.00,0,0,0,0,0,N/A
2025-10-13 03:29:41,1875,6940.85,53,52,2846,2846.72,100,ok,0,0,0,0.00,0,0,0,0,0,N/A
2025-10-13 03:29:47,1875,6940.85,53,52,2846,2846.72,100,ok,0,0,0,0.00,0,0,0,0,0,N/A
2025-10-13 03:29:52,1875,6961.21,70,52,2846,2846.72,100,ok,0,0,0,0.00,0,0,0,0,0,N/A
2025-10-13 03:29:58,1834,6964.21,70,52,2846,2846.72,100,ok,0,0,0,0.00,0,0,0,0,0,N/A
2025-10-13 03:30:02,1834,6964.21,70,52,2846,2846.72,100,ok,0,0,0,0.00,0,0,0,0,0,N/A
2025-10-13 03:30:08,1837,6963.75,62,52,2846,2846.72,100,ok,0,0,0,0.00,0,0,0,0,0,N/A
2025-10-13 03:30:12,1837,6963.75,62,52,2846,2846.72,100,ok,0,0,0,0.00,0,0,0,0,0,N/A
2025-10-13 03:30:19,1700,6963.83,70,52,2846,2846.72,100,ok,0,0,0,0.00,0,0,0,0,0,N/A
2025-10-13 03:30:24,1643,6963.83,81,52,2846,2846.72,100,ok,0,0,0,0.00,0,0,0,0,0,N/A
2025-10-13 03:30:32,1643,6968.80,81,52,2846,2846.72,100,ok,0,0,0,0.00,0,0,0,0,0,N/A
2025-10-13 03:30:38,1814,6967.69,30,52,2846,2846.72,100,ok,0,0,0,0.00,0,0,0,0,0,N/A
2025-10-13 03:30:43,1814,6967.69,30,52,2846,2846.72,100,ok,0,0,0,0.00,0,0,0,0,0,N/A
2025-10-13 03:30:50,1707,6972.48,74,52,2846,2846.72,100,ok,0,0,0,0.00,0,0,0,0,0,N/A
2025-10-13 03:30:54,1707,6972.48,74,52,2846,2846.72,100,ok,0,0,0,0.00,0,0,0,0,0,N/A
2025-10-13 03:31:00,1617,6973.94,26,52,2846,2846.72,100,ok,0,0,0,0.00,0,0,0,0,0,N/A
2025-10-13 03:31:05,1654,6973.94,24,52,2846,2846.72,100,ok,0,0,0,0.00,0,0,0,0,0,N/A
2025-10-13 03:31:10,1654,6974.76,24,52,2846,2846.72,100,ok,0,0,0,0.00,0,0,0,0,0,N/A
2025-10-13 03:31:15,1654,6974.76,24,52,2846,2846.72,100,ok,0,0,0,0.00,0,0,0,0,0,N/A
2025-10-13 03:31:21,1545,6975.25,63,52,2846,2846.72,100,ok,0,0,0,0.00,0,0,0,0,0,N/A
2025-10-13 03:31:29,1545,6976.59,63,52,2846,2846.72,100,ok,0,0,0,0.00,0,0,0,0,0,N/A
2025-10-13 03:31:33,1518,6976.59,36,52,2846,2846.72,100,ok,0,0,0,0.00,0,0,0,0,0,N/A
2025-10-13 03:31:40,1518,6981.71,36,52,2846,2846.72,100,ok,0,0,0,0.00,0,0,0,0,0,N/A
2025-10-13 03:31:45,1408,6981.71,50,52,2846,2846.72,100,ok,0,0,0,0.00,0,0,0,0,0,N/A
2025-10-13 03:31:51,1408,6982.98,76,52,2846,2846.72,100,ok,0,0,0,0.00,0,0,0,0,0,N/A
2025-10-13 03:31:56,1516,6982.98,76,52,2846,2846.72,100,ok,0,0,0,0.00,0,0,0,0,0,N/A
2025-10-13 03:32:01,1516,6982.17,45,52,2846,2846.72,100,ok,0,0,0,0.00,0,0,0,0,0,N/A
2025-10-13 03:32:05,1363,6982.17,45,52,2846,2846.72,100,ok,0,0,0,0.00,0,0,0,0,0,N/A
2025-10-13 03:32:11,1363,6981.43,45,52,2846,2846.72,100,ok,0,0,0,0.00,0,0,0,0,0,N/A
2025-10-13 03:32:15,1249,6981.43,42,52,2846,2846.72,100,ok,0,0,0,0.00,0,0,0,0,0,N/A
2025-10-13 03:32:21,1249,6993.06,42,52,2846,2846.72,100,ok,0,0,0,0.00,0,0,0,0,0,N/A
2025-10-13 03:32:26,1420,6993.06,82,52,2846,2846.72,100,ok,0,0,0,0.00,0,0,0,0,0,N/A
2025-10-13 03:32:31,1420,6996.85,82,52,2846,2846.72,100,ok,0,0,0,0.00,0,0,0,0,0,N/A
2025-10-13 03:32:36,1549,6996.85,46,53,2846,2846.72,100,ok,0,0,0,0.00,0,0,0,0,0,N/A
2025-10-13 03:32:41,1549,7007.73,46,53,2846,2846.72,100,ok,0,0,0,0.00,0,0,0,0,0,N/A
2025-10-13 03:32:46,1777,7007.73,55,53,2846,2846.72,100,ok,0,0,0,0.00,0,0,0,0,0,N/A
2025-10-13 03:32:51,1777,7007.27,55,53,2846,2846.72,100,ok,0,0,0,0.00,0,0,0,0,0,N/A
2025-10-13 03:32:55,1713,7007.27,77,53,2846,2846.72,100,ok,0,0,0,0.00,0,0,0,0,0,N/A
2025-10-13 03:33:00,1713,7006.35,77,53,2846,2846.72,100,ok,0,0,0,0.00,0,0,0,0,0,N/A
2025-10-13 03:33:05,1888,7006.35,56,53,2846,2846.72,100,ok,0,0,0,0.00,0,0,0,0,0,N/A
2025-10-13 03:33:11,1888,7015.00,56,53,2846,2846.72,100,ok,0,0,0,0.00,0,0,0,0,0,N/A
2025-10-13 03:33:15,1990,7015.00,26,53,2846,2846.72,100,ok,0,0,0,0.00,0,0,0,0,0,N/A
2025-10-13 03:33:21,1990,7017.52,26,53,2846,2846.72,100,ok,0,0,0,0.00,0,0,0,0,0,N/A
2025-10-13 03:33:25,2063,7017.52,24,53,2846,2846.72,100,ok,0,0,0,0.00,0,0,0,0,0,N/A
2025-10-13 03:33:31,2063,7017.61,24,53,2846,2846.72,100,ok,0,0,0,0.00,0,0,0,0,0,N/A
2025-10-13 03:33:35,1825,7017.61,79,53,2846,2846.72,100,ok,0,0,0,0.00,0,0,0,0,0,N/A
2025-10-13 03:33:41,1825,7028.65,79,53,2846,2846.72,100,ok,0,0,0,0.00,0,0,0,0,0,N/A
2025-10-13 03:33:46,1586,7028.65,83,53,2846,2846.72,100,ok,0,0,0,0.00,0,0,0,0,0,N/A
2025-10-13 03:33:52,1586,7027.84,83,53,2846,2846.72,100,ok,0,0,0,0.00,0,0,0,0,0,N/A
2025-10-13 03:33:56,1626,7027.84,43,53,2846,2846.72,100,ok,0,0,0,0.00,0,0,0,0,0,N/A
2025-10-13 03:34:00,1626,7027.17,43,53,2846,2846.72,100,ok,0,0,0,0.00,0,0,0,0,0,N/A
2025-10-13 03:34:05,1559,7027.17,27,53,2846,2846.72,100,ok,0,0,0,0.00,0,0,0,0,0,N/A
2025-10-13 03:34:11,1559,7036.43,27,53,2846,2846.72,100,ok,0,0,0,0.00,0,0,0,0,0,N/A
2025-10-13 03:34:15,1575,7036.43,49,53,2846,2846.72,100,ok,0,0,0,0.00,0,0,0,0,0,N/A
2025-10-13 03:34:21,1575,7041.20,49,53,2846,2846.72,100,ok,0,0,0,0.00,0,0,0,0,0,N/A
2025-10-13 03:34:25,1472,7041.20,55,53,2846,2846.72,100,ok,0,0,0,0.00,0,0,0,0,0,N/A
2025-10-13 03:34:31,1472,7050.13,55,53,2846,2846.72,100,ok,0,0,0,0.00,0,0,0,0,0,N/A
2025-10-13 03:34:35,1668,7050.13,64,53,2846,2846.72,100,ok,0,0,0,0.00,0,0,0,0,0,N/A
2025-10-13 03:34:40,1668,7049.43,64,53,2846,2846.72,100,ok,0,0,0,0.00,0,0,0,0,0,N/A
2025-10-13 03:34:44,1834,7049.43,58,53,2846,2846.72,100,ok,0,0,0,0.00,0,0,0,0,0,N/A
2025-10-13 03:34:51,1834,7049.85,58,53,2846,2846.72,100,ok,0,0,0,0.00,0,0,0,0,0,N/A
2025-10-13 03:34:55,1627,7049.85,29,53,2846,2846.72,100,ok,0,0,0,0.00,0,0,0,0,0,N/A
2025-10-13 03:35:00,1627,7051.97,29,53,2846,2846.72,100,ok,0,0,0,0.00,0,0,0,0,0,N/A
2025-10-13 03:35:05,1627,7051.97,29,53,2846,2846.72,100,ok,0,0,0,0.00,0,0,0,0,0,N/A
2025-10-13 03:35:10,1758,7057.82,48,53,2846,2846.72,100,ok,0,0,0,0.00,0,0,0,0,0,N/A
2025-10-13 03:35:14,1758,7057.82,48,53,2846,2846.72,100,ok,0,0,0,0.00,0,0,0,0,0,N/A
2025-10-13 03:35:20,1646,7057.82,63,53,2846,2846.72,100,ok,0,0,0,0.00,0,0,0,0,0,N/A
2025-10-13 03:35:24,1646,7057.82,63,53,2846,2846.72,100,ok,0,0,0,0.00,0,0,0,0,0,N/A
2025-10-13 03:35:28,1646,7057.82,32,53,2846,2846.72,100,ok,0,0,0,0.00,0,0,0,0,0,N/A
2025-10-13 03:35:32,1659,7068.56,32,53,2846,2846.72,100,ok,0,0,0,0.00,0,0,0,0,0,N/A
2025-10-13 03:35:36,1659,7068.56,32,53,2846,2846.72,100,ok,0,0,0,0.00,0,0,0,0,0,N/A
2025-10-13 03:35:42,1807,7091.19,58,54,2846,2846.72,100,ok,0,0,0,0.00,0,0,0,0,0,N/A
2025-10-13 03:35:50,1856,7091.19,57,54,2846,2846.72,100,ok,0,0,0,0.00,0,0,0,0,0,N/A
2025-10-13 03:35:54,1856,7091.63,57,54,2846,2846.72,100,ok,0,0,0,0.00,0,0,0,0,0,N/A
2025-10-13 03:35:58,1856,7091.63,57,54,2846,2846.72,100,ok,0,0,0,0.00,0,0,0,0,0,N/A
2025-10-13 03:36:04,2303,7091.63,52,54,2846,2846.72,100,ok,0,0,0,0.00,0,0,0,0,0,N/A
2025-10-13 03:36:08,2303,7091.63,52,54,2846,2846.72,100,ok,0,0,0,0.00,0,0,0,0,0,N/A
2025-10-13 03:36:11,2303,7090.27,52,54,2846,2846.72,100,ok,0,0,0,0.00,0,0,0,0,0,N/A
2025-10-13 03:36:15,2375,7090.27,25,54,2846,2846.72,100,ok,0,0,0,0.00,0,0,0,0,0,N/A
2025-10-13 03:36:22,2375,7117.87,57,54,2846,2846.72,100,ok,0,0,0,0.00,0,0,0,0,0,N/A
2025-10-13 03:36:32,2541,7116.94,57,54,2846,2846.72,100,ok,0,0,0,0.00,0,0,0,0,0,N/A
2025-10-13 03:36:37,2502,7116.94,76,54,2846,2846.72,100,ok,0,0,0,0.00,0,0,0,0,0,N/A
2025-10-13 03:36:43,2415,7121.74,33,54,2846,2846.72,100,ok,0,0,0,0.00,0,0,0,0,0,N/A
2025-10-13 03:36:50,2415,7121.74,33,54,2846,2846.72,100,ok,0,0,0,0.00,0,0,0,0,0,N/A
2025-10-13 03:36:54,2415,7120.57,33,54,2846,2846.72,100,ok,0,0,0,0.00,0,0,0,0,0,N/A
2025-10-13 03:36:58,2185,7120.57,41,54,2846,2846.72,100,ok,0,0,0,0.00,0,0,0,0,0,N/A
2025-10-13 03:37:05,2185,7126.62,71,54,2846,2846.72,100,ok,0,0,0,0.00,0,0,0,0,0,N/A
2025-10-13 03:37:09,2168,7126.62,71,54,2846,2846.72,100,ok,0,0,0,0.00,0,0,0,0,0,N/A
2025-10-13 03:37:15,2168,7131.20,71,54,2846,2846.72,100,ok,0,0,0,0.00,0,0,0,0,0,N/A
2025-10-13 03:37:19,1856,7131.20,28,54,2846,2846.72,100,ok,0,0,0,0.00,0,0,0,0,0,N/A
2025-10-13 03:37:26,1856,7131.94,75,54,2846,2846.72,100,ok,0,0,0,0.00,0,0,0,0,0,N/A
2025-10-13 03:37:30,1920,7131.94,75,54,2846,2846.72,100,ok,0,0,0,0.00,0,0,0,0,0,N/A
2025-10-13 03:37:35,1920,7141.79,75,54,2846,2846.72,100,ok,0,0,0,0.00,0,0,0,0,0,N/A
2025-10-13 03:37:39,1908,7141.79,44,54,2846,2846.72,100,ok,0,0,0,0.00,0,0,0,0,0,N/A
2025-10-13 03:37:45,1908,7140.32,44,54,2846,2846.72,100,ok,0,0,0,0.00,0,0,0,0,0,N/A
2025-10-13 03:37:50,1903,7140.32,31,54,2846,2846.72,100,ok,0,0,0,0.00,0,0,0,0,0,N/A
2025-10-13 03:37:55,1903,7144.28,31,54,2846,2846.72,100,ok,0,0,0,0.00,0,0,0,0,0,N/A
2025-10-13 03:38:00,1849,7144.28,58,54,2846,2846.72,100,ok,0,0,0,0.00,0,0,0,0,0,N/A
2025-10-13 03:38:05,1849,7145.00,58,54,2846,2846.72,100,ok,0,0,0,0.00,0,0,0,0,0,N/A
2025-10-13 03:38:09,1799,7145.00,49,54,2846,2846.72,100,ok,0,0,0,0.00,0,0,0,0,0,N/A
2025-10-13 03:38:15,1799,7144.62,49,54,2846,2846.72,100,ok,0,0,0,0.00,0,0,0,0,0,N/A
2025-10-13 03:38:19,1680,7144.62,70,54,2846,2846.72,100,ok,0,0,0,0.00,0,0,0,0,0,N/A
2025-10-13 03:38:25,1680,7155.38,70,54,2846,2846.72,100,ok,0,0,0,0.00,0,0,0,0,0,N/A
2025-10-13 03:38:29,1734,7155.38,45,54,2846,2846.72,100,ok,0,0,0,0.00,0,0,0,0,0,N/A
2025-10-13 03:38:35,1734,7159.91,45,54,2846,2846.72,100,ok,0,0,0,0.00,0,0,0,0,0,N/A
2025-10-13 03:38:39,1896,7159.91,72,54,2846,2846.72,100,ok,0,0,0,0.00,0,0,0,0,0,N/A
2025-10-13 03:38:44,1896,7158.92,72,54,2846,2846.72,100,ok,0,0,0,0.00,0,0,0,0,0,N/A
2025-10-13 03:38:48,1675,7158.92,75,54,2846,2846.72,100,ok,0,0,0,0.00,0,0,0,0,0,N/A
2025-10-13 03:38:55,1675,7163.70,75,54,2846,2846.72,100,ok,0,0,0,0.00,0,0,0,0,0,N/A
2025-10-13 03:39:00,1625,7163.70,73,54,2846,2846.72,100,ok,0,0,0,0.00,0,0,0,0,0,N/A
2025-10-13 03:39:05,1625,7163.24,73,54,2846,2846.72,100,ok,0,0,0,0.00,0,0,0,0,0,N/A
2025-10-13 03:39:09,1625,7163.24,73,54,2846,2846.72,100,ok,0,0,0,0.00,0,0,0,0,0,N/A
2025-10-13 03:39:15,1729,7166.05,76,54,2846,2846.72,100,ok,0,0,0,0.00,0,0,0,0,0,N/A
2025-10-13 03:39:20,1729,7166.05,36,55,2846,2846.72,100,ok,0,0,0,0.00,0,0,0,0,0,N/A
2025-10-13 03:39:25,1560,7169.35,36,55,2846,2846.72,100,ok,0,0,0,0.00,0,0,0,0,0,N/A
2025-10-13 03:39:29,1560,7169.35,36,55,2846,2846.72,100,ok,0,0,0,0.00,0,0,0,0,0,N/A
2025-10-13 03:39:36,1614,7176.96,28,55,2846,2846.72,100,ok,0,0,0,0.00,0,0,0,0,0,N/A
2025-10-13 03:39:42,1614,7183.04,80,55,2846,2846.72,100,ok,0,0,0,0.00,0,0,0,0,0,N/A
2025-10-13 03:39:46,1773,7183.04,80,55,2846,2846.72,100,ok,0,0,0,0.00,0,0,0,0,0,N/A
2025-10-13 03:39:50,1773,7183.04,80,55,2846,2846.72,100,ok,0,0,0,0.00,0,0,0,0,0,N/A
2025-10-13 03:39:55,1826,7183.21,68,55,2846,2846.72,100,ok,0,0,0,0.00,0,0,0,0,0,N/A
2025-10-13 03:39:59,1826,7183.21,68,55,2846,2846.72,100,ok,0,0,0,0.00,0,0,0,0,0,N/A
2025-10-13 03:40:05,1831,7190.40,64,55,2846,2846.72,100,ok,0,0,0,0.00,0,0,0,0,0,N/A
2025-10-13 03:40:09,1831,7190.40,64,55,2846,2846.72,100,ok,0,0,0,0.00,0,0,0,0,0,N/A
2025-10-13 03:40:15,1868,7200.98,79,55,2846,2846.72,100,ok,0,0,0,0.00,0,0,0,0,0,N/A
2025-10-13 03:40:20,1868,7200.98,79,55,2846,2846.72,100,ok,0,0,0,0.00,0,0,0,0,0,N/A
2025-10-13 03:40:26,2145,7203.48,71,55,2846,2846.72,100,ok,0,0,0,0.00,0,0,0,0,0,N/A
2025-10-13 03:40:31,2145,7203.48,71,55,2846,2846.72,100,ok,0,0,0,0.00,0,0,0,0,0,N/A
2025-10-13 03:40:36,2036,7211.73,55,55,2846,2846.72,100,ok,0,0,0,0.00,0,0,0,0,0,N/A
2025-10-13 03:40:41,2036,7211.73,55,55,2846,2846.72,100,ok,0,0,0,0.00,0,0,0,0,0,N/A
2025-10-13 03:40:47,1957,7218.57,73,55,2846,2846.72,100,ok,0,0,0,0.00,0,0,0,0,0,N/A
2025-10-13 03:40:53,1957,7220.75,57,55,2846,2846.72,100,ok,0,0,0,0.00,0,0,0,0,0,N/A
2025-10-13 03:40:58,2052,7220.75,57,55,2846,2846.72,100,ok,0,0,0,0.00,0,0,0,0,0,N/A
2025-10-13 03:41:05,2052,7225.58,80,55,2846,2846.72,100,ok,0,0,0,0.00,0,0,0,0,0,N/A
2025-10-13 03:41:11,2039,7225.58,80,55,2846,2846.72,100,ok,0,0,0,0.00,0,0,0,0,0,N/A
2025-10-13 03:41:16,2039,7229.85,80,55,2846,2846.72,100,ok,0,0,0,0.00,0,0,0,0,0,N/A
2025-10-13 03:41:21,2002,7229.85,38,55,2846,2846.72,100,ok,0,0,0,0.00,0,0,0,0,0,N/A
2025-10-13 03:41:30,1875,7229.54,45,55,2846,2846.72,100,ok,0,0,0,0.00,0,0,0,0,0,N/A
2025-10-13 03:41:36,1875,7230.29,45,55,2846,2846.72,100,ok,0,0,0,0.00,0,0,0,0,0,N/A
2025-10-13 03:41:41,1758,7230.29,51,55,2846,2846.72,100,ok,0,0,0,0.00,0,0,0,0,0,N/A
2025-10-13 03:41:47,1758,7237.10,51,55,2846,2846.72,100,ok,0,0,0,0.00,0,0,0,0,0,N/A
2025-10-13 03:41:51,1756,7237.10,73,55,2846,2846.72,100,ok,0,0,0,0.00,0,0,0,0,0,N/A
2025-10-13 03:41:56,1756,7236.22,73,55,2846,2846.72,100,ok,0,0,0,0.00,0,0,0,0,0,N/A
2025-10-13 03:42:00,1631,7236.22,72,55,2846,2846.72,100,ok,0,0,0,0.00,0,0,0,0,0,N/A
2025-10-13 03:42:06,1631,7240.23,72,55,2846,2846.72,100,ok,0,0,0,0.00,0,0,0,0,0,N/A
2025-10-13 03:42:10,1713,7240.23,76,55,2846,2846.72,100,ok,0,0,0,0.00,0,0,0,0,0,N/A
2025-10-13 03:42:15,1713,7239.61,76,55,2846,2846.72,100,ok,0,0,0,0.00,0,0,0,0,0,N/A
2025-10-13 03:42:20,1497,7239.61,35,55,2846,2846.72,100,ok,0,0,0,0.00,0,0,0,0,0,N/A
2025-10-13 03:42:25,1497,7241.72,35,55,2846,2846.72,100,ok,0,0,0,0.00,0,0,0,0,0,N/A
2025-10-13 03:42:30,1374,7241.72,42,55,2846,2846.72,100,ok,0,0,0,0.00,0,0,0,0,0,N/A
2025-10-13 03:42:36,1374,7240.48,42,55,2846,2846.72,100,ok,0,0,0,0.00,0,0,0,0,0,N/A
2025-10-13 03:42:41,1317,7240.48,52,55,2846,2846.72,100,ok,0,0,0,0.00,0,0,0,0,0,N/A
2025-10-13 03:42:47,1317,7247.34,52,55,2846,2846.72,100,ok,0,0,0,0.00,0,0,0,0,0,N/A
2025-10-13 03:42:51,1334,7247.34,28,55,2846,2846.72,100,ok,0,0,0,0.00,0,0,0,0,0,N/A
2025-10-13 03:42:57,1334,7256.47,28,55,2846,2846.72,100,ok,0,0,0,0.00,0,0,0,0,0,N/A
2025-10-13 03:43:00,1334,7256.47,28,55,2846,2846.72,100,ok,0,0,0,0.00,0,0,0,0,0,N/A
2025-10-13 03:43:06,1352,7256.87,48,55,2846,2846.72,100,ok,0,0,0,0.00,0,0,0,0,0,N/A
2025-10-13 03:43:11,1672,7256.87,38,55,2846,2846.72,100,ok,0,0,0,0.00,0,0,0,0,0,N/A
2025-10-13 03:43:17,1672,7256.87,38,55,2846,2846.72,100,ok,0,0,0,0.00,0,0,0,0,0,N/A
2025-10-13 03:43:21,1672,7260.00,38,55,2846,2846.72,100,ok,0,0,0,0.00,0,0,0,0,0,N/A
2025-10-13 03:43:25,1611,7260.00,26,56,2846,2846.72,100,ok,0,0,0,0.00,0,0,0,0,0,N/A
2025-10-13 03:43:30,1611,7259.05,26,56,2846,2846.72,100,ok,0,0,0,0.00,0,0,0,0,0,N/A
2025-10-13 03:43:34,1814,7259.05,60,56,2846,2846.72,100,ok,0,0,0,0.00,0,0,0,0,0,N/A
2025-10-13 03:43:40,1814,7266.25,60,56,2846,2846.72,100,ok,0,0,0,0.00,0,0,0,0,0,N/A
2025-10-13 03:43:44,1891,7266.25,28,56,2846,2846.72,100,ok,0,0,0,0.00,0,0,0,0,0,N/A
2025-10-13 03:43:50,1891,7278.81,28,56,2846,2846.72,100,ok,0,0,0,0.00,0,0,0,0,0,N/A
2025-10-13 03:43:53,1891,7278.81,28,56,2846,2846.72,100,ok,0,0,0,0.00,0,0,0,0,0,N/A
2025-10-13 03:43:59,2038,7277.77,85,56,2846,2846.72,100,ok,0,0,0,0.00,0,0,0,0,0,N/A
2025-10-13 03:44:04,2038,7277.77,28,56,2846,2846.72,100,ok,0,0,0,0.00,0,0,0,0,0,N/A
2025-10-13 03:44:15,1930,7284.19,84,56,2846,2846.72,100,ok,0,0,0,0.00,0,0,0,0,0,N/A
2025-10-13 03:44:20,1635,7284.96,84,56,2846,2846.72,100,ok,0,0,0,0.00,0,0,0,0,0,N/A
2025-10-13 03:44:24,1635,7284.96,84,56,2846,2846.72,100,ok,0,0,0,0.00,0,0,0,0,0,N/A
2025-10-13 03:44:30,1927,7291.27,26,56,2846,2846.72,100,ok,0,0,0,0.00,0,0,0,0,0,N/A
2025-10-13 03:44:34,1927,7291.27,26,56,2846,2846.72,100,ok,0,0,0,0.00,0,0,0,0,0,N/A
2025-10-13 03:44:40,1839,7293.75,34,56,2846,2846.72,100,ok,0,0,0,0.00,0,0,0,0,0,N/A
2025-10-13 03:44:44,1839,7293.75,34,56,2846,2846.72,100,ok,0,0,0,0.00,0,0,0,0,0,N/A
2025-10-13 03:44:50,1861,7305.71,62,56,2846,2846.72,100,ok,0,0,0,0.00,0,0,0,0,0,N/A
2025-10-13 03:44:58,1861,7304.88,33,56,2846,2846.72,100,ok,0,0,0,0.00,0,0,0,0,0,N/A
2025-10-13 03:45:02,1687,7304.88,33,56,2846,2846.72,100,ok,0,0,0,0.00,0,0,0,0,0,N/A
2025-10-13 03:45:09,1687,7304.18,47,56,2846,2846.72,100,ok,0,0,0,0.00,0,0,0,0,0,N/A
2025-10-13 03:45:14,1777,7304.18,47,56,2846,2846.72,100,ok,0,0,0,0.00,0,0,0,0,0,N/A
2025-10-13 03:45:20,1777,7320.25,33,56,2846,2846.72,100,ok,0,0,0,0.00,0,0,0,0,0,N/A
2025-10-13 03:45:25,1901,7320.25,33,56,2846,2846.72,100,ok,0,0,0,0.00,0,0,0,0,0,N/A
2025-10-13 03:45:30,1901,7319.55,33,56,2846,2846.72,100,ok,0,0,0,0.00,0,0,0,0,0,N/A
2025-10-13 03:45:34,1900,7319.55,58,56,2846,2846.72,100,ok,0,0,0,0.00,0,0,0,0,0,N/A
2025-10-13 03:45:40,1900,7324.25,58,56,2846,2846.72,100,ok,0,0,0,0.00,0,0,0,0,0,N/A
2025-10-13 03:45:44,1838,7324.25,77,56,2846,2846.72,100,ok,0,0,0,0.00,0,0,0,0,0,N/A
2025-10-13 03:45:50,1838,7328.97,77,56,2846,2846.72,100,ok,0,0,0,0.00,0,0,0,0,0,N/A
2025-10-13 03:45:54,1981,7328.97,55,56,2846,2846.72,100,ok,0,0,0,0.00,0,0,0,0,0,N/A
2025-10-13 03:46:00,1981,7327.99,55,56,2846,2846.72,100,ok,0,0,0,0.00,0,0,0,0,0,N/A
2025-10-13 03:46:04,1759,7327.99,83,56,2846,2846.72,100,ok,0,0,0,0.00,0,0,0,0,0,N/A
2025-10-13 03:46:10,1759,7333.07,83,56,2846,2846.72,100,ok,0,0,0,0.00,0,0,0,0,0,N/A
2025-10-13 03:46:14,1851,7333.07,67,56,2846,2846.72,100,ok,0,0,0,0.00,0,0,0,0,0,N/A
2025-10-13 03:46:19,1851,7335.16,67,56,2846,2846.72,100,ok,0,0,0,0.00,0,0,0,0,0,N/A
2025-10-13 03:46:24,1764,7335.16,49,56,2846,2846.72,100,ok,0,0,0,0.00,0,0,0,0,0,N/A
2025-10-13 03:46:30,1764,7337.55,49,56,2846,2846.72,100,ok,0,0,0,0.00,0,0,0,0,0,N/A
2025-10-13 03:46:34,1744,7337.55,77,56,2846,2846.72,100,ok,0,0,0,0.00,0,0,0,0,0,N/A
2025-10-13 03:46:40,1744,7339.72,77,56,2846,2846.72,100,ok,0,0,0,0.00,0,0,0,0,0,N/A
2025-10-13 03:46:44,1639,7339.72,37,57,2846,2846.72,100,ok,0,0,0,0.00,0,0,0,0,0,N/A
2025-10-13 03:46:50,1639,7347.23,37,57,2846,2846.72,100,ok,0,0,0,0.00,0,0,0,0,0,N/A
2025-10-13 03:46:54,1526,7347.23,57,57,2846,2846.72,100,ok,0,0,0,0.00,0,0,0,0,0,N/A
2025-10-13 03:47:00,1526,7347.74,57,57,2846,2846.72,100,ok,0,0,0,0.00,0,0,0,0,0,N/A
2025-10-13 03:47:04,1674,7347.74,70,57,2846,2846.72,100,ok,0,0,0,0.00,0,0,0,0,0,N/A
2025-10-13 03:47:10,1674,7357.28,70,57,2846,2846.72,100,ok,0,0,0,0.00,0,0,0,0,0,N/A
2025-10-13 03:47:14,1607,7357.28,26,57,2846,2846.72,100,ok,0,0,0,0.00,0,0,0,0,0,N/A
2025-10-13 03:47:21,1673,7361.45,66,57,2846,2846.72,100,ok,0,0,0,0.00,0,0,0,0,0,N/A
2025-10-13 03:47:25,1673,7361.45,66,57,2846,2846.72,100,ok,0,0,0,0.00,0,0,0,0,0,N/A
2025-10-13 03:47:31,1673,7372.80,66,57,2846,2846.72,100,ok,0,0,0,0.00,0,0,0,0,0,N/A
2025-10-13 03:47:35,1724,7372.80,43,57,2846,2846.72,100,ok,0,0,0,0.00,0,0,0,0,0,N/A
2025-10-13 03:47:41,1724,7372.80,43,57,2846,2846.72,100,ok,0,0,0,0.00,0,0,0,0,0,N/A
2025-10-13 03:47:45,1895,7372.80,83,57,2846,2846.72,100,ok,0,0,0,0.00,0,0,0,0,0,N/A
2025-10-13 03:47:52,1895,7372.89,83,57,2846,2846.72,100,ok,0,0,0,0.00,0,0,0,0,0,N/A
2025-10-13 03:47:56,1954,7372.89,67,57,2846,2846.72,100,ok,0,0,0,0.00,0,0,0,0,0,N/A
2025-10-13 03:48:00,1954,7376.81,67,57,2846,2846.72,100,ok,0,0,0,0.00,0,0,0,0,0,N/A
2025-10-13 03:48:05,1960,7376.81,50,57,2846,2846.72,100,ok,0,0,0,0.00,0,0,0,0,0,N/A
2025-10-13 03:48:10,1960,7376.25,50,57,2846,2846.72,100,ok,0,0,0,0.00,0,0,0,0,0,N/A
2025-10-13 03:48:15,1804,7376.25,63,57,2846,2846.72,100,ok,0,0,0,0.00,0,0,0,0,0,N/A
2025-10-13 03:48:21,1804,7383.38,63,57,2846,2846.72,100,ok,0,0,0,0.00,0,0,0,0,0,N/A
2025-10-13 03:48:26,1841,7383.38,60,57,2846,2846.72,100,ok,0,0,0,0.00,0,0,0,0,0,N/A
2025-10-13 03:48:30,1841,7382.53,60,57,2846,2846.72,100,ok,0,0,0,0.00,0,0,0,0,0,N/A
2025-10-13 03:48:34,1674,7382.53,56,57,2846,2846.72,100,ok,0,0,0,0.00,0,0,0,0,0,N/A
2025-10-13 03:48:41,1674,7398.09,56,57,2846,2846.72,100,ok,0,0,0,0.00,0,0,0,0,0,N/A
2025-10-13 03:48:45,1586,7398.09,35,57,2846,2846.72,100,ok,0,0,0,0.00,0,0,0,0,0,N/A
2025-10-13 03:48:51,1586,7397.05,35,57,2846,2846.72,100,ok,0,0,0,0.00,0,0,0,0,0,N/A
2025-10-13 03:48:55,1737,7397.05,48,57,2846,2846.72,100,ok,0,0,0,0.00,0,0,0,0,0,N/A
2025-10-13 03:49:01,1737,7407.78,48,57,2846,2846.72,100,ok,0,0,0,0.00,0,0,0,0,0,N/A
2025-10-13 03:49:05,1800,7407.78,83,57,2846,2846.72,100,ok,0,0,0,0.00,0,0,0,0,0,N/A
2025-10-13 03:49:10,1800,7406.79,83,57,2846,2846.72,100,ok,0,0,0,0.00,0,0,0,0,0,N/A
2025-10-13 03:49:14,2024,7406.79,28,57,2846,2846.72,100,ok,0,0,0,0.00,0,0,0,0,0,N/A
2025-10-13 03:49:21,2024,7417.27,28,57,2846,2846.72,100,ok,0,0,0,0.00,0,0,0,0,0,N/A
2025-10-13 03:49:25,2259,7417.27,46,57,2846,2846.72,100,ok,0,0,0,0.00,0,0,0,0,0,N/A
2025-10-13 03:49:30,2259,7421.78,46,57,2846,2846.72,100,ok,0,0,0,0.00,0,0,0,0,0,N/A
2025-10-13 03:49:35,2259,7421.78,59,57,2846,2846.72,100,ok,0,0,0,0.00,0,0,0,0,0,N/A
2025-10-13 03:49:40,2332,7420.78,59,57,2846,2846.72,100,ok,0,0,0,0.00,0,0,0,0,0,N/A
2025-10-13 03:49:45,2332,7420.78,59,57,2846,2846.72,100,ok,0,0,0,0.00,0,0,0,0,0,N/A
2025-10-13 03:49:51,2194,7424.40,35,57,2846,2846.72,100,ok,0,0,0,0.00,0,0,0,0,0,N/A
2025-10-13 03:49:55,2194,7424.40,35,57,2846,2846.72,100,ok,0,0,0,0.00,0,0,0,0,0,N/A
2025-10-13 03:50:00,2011,7422.10,40,57,2846,2846.72,100,ok,0,0,0,0.00,0,0,0,0,0,N/A
2025-10-13 03:50:04,2011,7422.10,40,57,2846,2846.72,100,ok,0,0,0,0.00,0,0,0,0,0,N/A
2025-10-13 03:50:11,1938,7428.39,76,57,2846,2846.72,100,ok,0,0,0,0.00,0,0,0,0,0,N/A
2025-10-13 03:50:15,1938,7428.39,54,58,2846,2846.72,100,ok,0,0,0,0.00,0,0,0,0,0,N/A
2025-10-13 03:50:22,1991,7442.86,54,58,2846,2846.72,100,ok,0,0,0,0.00,0,0,0,0,0,N/A
2025-10-13 03:50:26,1991,7442.86,54,58,2846,2846.72,100,ok,0,0,0,0.00,0,0,0,0,0,N/A
2025-10-13 03:50:31,1784,7442.26,75,58,2846,2846.72,100,ok,0,0,0,0.00,0,0,0,0,0,N/A
2025-10-13 03:50:35,1784,7442.26,75,58,2846,2846.72,100,ok,0,0,0,0.00,0,0,0,0,0,N/A
2025-10-13 03:50:41,1945,7440.79,76,58,2846,2846.72,100,ok,0,0,0,0.00,0,0,0,0,0,N/A
2025-10-13 03:50:46,1945,7440.79,76,58,2846,2846.72,100,ok,0,0,0,0.00,0,0,0,0,0,N/A
2025-10-13 03:50:50,1868,7440.07,69,58,2846,2846.72,100,ok,0,0,0,0.00,0,0,0,0,0,N/A
2025-10-13 03:50:54,1868,7440.07,69,58,2846,2846.72,100,ok,0,0,0,0.00,0,0,0,0,0,N/A
2025-10-13 03:51:01,1873,7446.16,53,58,2846,2846.72,100,ok,0,0,0,0.00,0,0,0,0,0,N/A
2025-10-13 03:51:06,1873,7446.16,53,58,2846,2846.72,100,ok,0,0,0,0.00,0,0,0,0,0,N/A
2025-10-13 03:51:11,1887,7450.85,34,58,2846,2846.72,100,ok,0,0,0,0.00,0,0,0,0,0,N/A
2025-10-13 03:51:15,1887,7450.85,34,58,2846,2846.72,100,ok,0,0,0,0.00,0,0,0,0,0,N/A
2025-10-13 03:51:21,1858,7459.40,66,58,2846,2846.72,100,ok,0,0,0,0.00,0,0,0,0,0,N/A
2025-10-13 03:51:30,1997,7473.89,63,58,2846,2846.72,100,ok,0,0,0,0.00,0,0,0,0,0,N/A
2025-10-13 03:51:34,1997,7473.89,63,58,2846,2846.72,100,ok,0,0,0,0.00,0,0,0,0,0,N/A
2025-10-13 03:51:41,1817,7479.73,28,58,2846,2846.72,100,ok,0,0,0,0.00,0,0,0,0,0,N/A
2025-10-13 03:51:45,1817,7479.73,28,58,2846,2846.72,100,ok,0,0,0,0.00,0,0,0,0,0,N/A
2025-10-13 03:51:51,2122,7482.90,36,58,2846,2846.72,100,ok,0,0,0,0.00,0,0,0,0,0,N/A
2025-10-13 03:51:56,2122,7482.90,36,58,2846,2846.72,100,ok,0,0,0,0.00,0,0,0,0,0,N/A
2025-10-13 03:52:02,2122,7482.52,63,58,2846,2846.72,100,ok,0,0,0,0.00,0,0,0,0,0,N/A
2025-10-13 03:52:06,2122,7482.52,63,58,2846,2846.72,100,ok,0,0,0,0.00,0,0,0,0,0,N/A
2025-10-13 03:52:12,2062,7493.41,87,58,2846,2846.72,100,ok,0,0,0,0.00,0,0,0,0,0,N/A
2025-10-13 03:52:18,2062,7493.41,87,58,2846,2846.72,100,ok,0,0,0,0.00,0,0,0,0,0,N/A
2025-10-13 03:52:22,2045,7494.21,57,58,2846,2846.72,100,ok,0,0,0,0.00,0,0,0,0,0,N/A
2025-10-13 03:52:26,2045,7494.21,57,58,2846,2846.72,100,ok,0,0,0,0.00,0,0,0,0,0,N/A
2025-10-13 03:52:32,1957,7494.75,85,58,2846,2846.72,100,ok,0,0,0,0.00,0,0,0,0,0,N/A
2025-10-13 03:52:38,1957,7495.84,85,58,2846,2846.72,100,ok,0,0,0,0.00,0,0,0,0,0,N/A
2025-10-13 03:52:42,1947,7495.84,47,58,2846,2846.72,100,ok,0,0,0,0.00,0,0,0,0,0,N/A
2025-10-13 03:52:49,1947,7498.87,78,58,2846,2846.72,100,ok,0,0,0,0.00,0,0,0,0,0,N/A
2025-10-13 03:52:54,1680,7498.87,78,58,2846,2846.72,100,ok,0,0,0,0.00,0,0,0,0,0,N/A
2025-10-13 03:53:00,1680,7510.73,78,58,2846,2846.72,100,ok,0,0,0,0.00,0,0,0,0,0,N/A
2025-10-13 03:53:05,1704,7510.73,29,58,2846,2846.72,100,ok,0,0,0,0.00,0,0,0,0,0,N/A
2025-10-13 03:53:12,1704,7511.41,29,58,2846,2846.72,100,ok,0,0,0,0.00,0,0,0,0,0,N/A
2025-10-13 03:53:16,1732,7511.41,34,58,2846,2846.72,100,ok,0,0,0,0.00,0,0,0,0,0,N/A
2025-10-13 03:53:21,1732,7520.64,34,58,2846,2846.72,100,ok,0,0,0,0.00,0,0,0,0,0,N/A
2025-10-13 03:53:26,1693,7520.64,65,58,2846,2846.72,100,ok,0,0,0,0.00,0,0,0,0,0,N/A
2025-10-13 03:53:31,1693,7520.64,65,58,2846,2846.72,100,ok,0,0,0,0.00,0,0,0,0,0,N/A
2025-10-13 03:53:36,1756,7520.64,39,58,2846,2846.72,100,ok,0,0,0,0.00,0,0,0,0,0,N/A
2025-10-13 03:53:40,1756,7532.46,39,58,2846,2846.72,100,ok,0,0,0,0.00,0,0,0,0,0,N/A
2025-10-13 03:53:45,1949,7532.46,51,59,2846,2846.72,100,ok,0,0,0,0.00,0,0,0,0,0,N/A
2025-10-13 03:53:51,1949,7536.65,51,59,2846,2846.72,100,ok,0,0,0,0.00,0,0,0,0,0,N/A
2025-10-13 03:53:55,1936,7536.65,71,59,2846,2846.72,100,ok,0,0,0,0.00,0,0,0,0,0,N/A
2025-10-13 03:54:01,1936,7536.65,71,59,2846,2846.72,100,ok,0,0,0,0.00,0,0,0,0,0,N/A
2025-10-13 03:54:05,2005,7536.36,63,59,2846,2846.72,100,ok,0,0,0,0.00,0,0,0,0,0,N/A
2025-10-13 03:54:12,2005,7536.36,63,59,2846,2846.72,100,ok,0,0,0,0.00,0,0,0,0,0,N/A
2025-10-13 03:54:16,1988,7536.36,68,59,2846,2846.72,100,ok,0,0,0,0.00,0,0,0,0,0,N/A
2025-10-13 03:54:19,1988,7536.36,68,59,2846,2846.72,100,ok,0,0,0,0.00,0,0,0,0,0,N/A
2025-10-13 03:54:24,1988,7538.78,68,59,2846,2846.72,100,ok,0,0,0,0.00,0,0,0,0,0,N/A
2025-10-13 03:54:31,1797,7536.28,57,59,2846,2846.72,100,ok,0,0,0,0.00,0,0,0,0,0,N/A
2025-10-13 03:54:35,1797,7536.28,57,59,2846,2846.72,100,ok,0,0,0,0.00,0,0,0,0,0,N/A
2025-10-13 03:54:42,1573,7545.02,49,59,2846,2846.72,100,ok,0,0,0,0.00,0,0,0,0,0,N/A
2025-10-13 03:54:46,1399,7545.02,32,59,2846,2846.72,100,ok,0,0,0,0.00,0,0,0,0,0,N/A
2025-10-13 03:54:53,1399,7546.64,32,59,2846,2846.72,100,ok,0,0,0,0.00,0,0,0,0,0,N/A
2025-10-13 03:54:57,1447,7546.64,83,59,2846,2846.72,100,ok,0,0,0,0.00,0,0,0,0,0,N/A
2025-10-13 03:55:03,1447,7545.23,83,59,2846,2846.72,100,ok,0,0,0,0.00,0,0,0,0,0,N/A
2025-10-13 03:55:07,1447,7545.23,75,59,2846,2846.72,100,ok,0,0,0,0.00,0,0,0,0,0,N/A
2025-10-13 03:55:14,1141,7549.97,75,59,2846,2846.72,100,ok,0,0,0,0.00,0,0,0,0,0,N/A
2025-10-13 03:55:18,1326,7549.97,42,59,2846,2846.72,100,ok,0,0,0,0.00,0,0,0,0,0,N/A
2025-10-13 03:55:24,1326,7548.85,42,59,2846,2846.72,100,ok,0,0,0,0.00,0,0,0,0,0,N/A
2025-10-13 03:55:28,1326,7548.85,51,59,2846,2846.72,100,ok,0,0,0,0.00,0,0,0,0,0,N/A
2025-10-13 03:55:34,1386,7558.64,51,59,2846,2846.72,100,ok,0,0,0,0.00,0,0,0,0,0,N/A
2025-10-13 03:55:38,1637,7558.64,50,59,2846,2846.72,100,ok,0,0,0,0.00,0,0,0,0,0,N/A
2025-10-13 03:55:44,1637,7557.79,50,59,2846,2846.72,100,ok,0,0,0,0.00,0,0,0,0,0,N/A
2025-10-13 03:55:48,1637,7557.79,50,59,2846,2846.72,100,ok,0,0,0,0.00,0,0,0,0,0,N/A
2025-10-13 03:55:53,1551,7556.92,50,59,2846,2846.72,100,ok,0,0,0,0.00,0,0,0,0,0,N/A
2025-10-13 03:55:57,1551,7556.92,50,59,2846,2846.72,100,ok,0,0,0,0.00,0,0,0,0,0,N/A
2025-10-13 03:56:04,1408,7567.38,52,59,2846,2846.72,100,ok,0,0,0,0.00,0,0,0,0,0,N/A
2025-10-13 03:56:08,1408,7567.38,52,59,2846,2846.72,100,ok,0,0,0,0.00,0,0,0,0,0,N/A
2025-10-13 03:56:14,1666,7584.13,65,59,2846,2846.72,100,ok,0,0,0,0.00,0,0,0,0,0,N/A
2025-10-13 03:56:18,1666,7584.13,65,59,2846,2846.72,100,ok,0,0,0,0.00,0,0,0,0,0,N/A
2025-10-13 03:56:25,1640,7593.60,48,59,2846,2846.72,100,ok,0,0,0,0.00,0,0,0,0,0,N/A
2025-10-13 03:56:34,1798,7597.22,87,59,2846,2846.72,100,ok,0,0,0,0.00,0,0,0,0,0,N/A
2025-10-13 03:56:39,1798,7597.22,87,59,2846,2846.72,100,ok,0,0,0,0.00,0,0,0,0,0,N/A
2025-10-13 03:56:45,1721,7599.35,73,59,2846,2846.72,100,ok,0,0,0,0.00,0,0,0,0,0,N/A
2025-10-13 03:56:49,1721,7599.35,73,59,2846,2846.72,100,ok,0,0,0,0.00,0,0,0,0,0,N/A
2025-10-13 03:56:55,1788,7600.19,43,59,2846,2846.72,100,ok,0,0,0,0.00,0,0,0,0,0,N/A
2025-10-13 03:56:59,1788,7600.19,43,59,2846,2846.72,100,ok,0,0,0,0.00,0,0,0,0,0,N/A
2025-10-13 03:57:05,1849,7601.33,76,59,2846,2846.72,100,ok,0,0,0,0.00,0,0,0,0,0,N/A
2025-10-13 03:57:09,1849,7601.33,76,59,2846,2846.72,100,ok,0,0,0,0.00,0,0,0,0,0,N/A
2025-10-13 03:57:14,1738,7600.40,47,59,2846,2846.72,100,ok,0,0,0,0.00,0,0,0,0,0,N/A
2025-10-13 03:57:18,1738,7600.40,47,59,2846,2846.72,100,ok,0,0,0,0.00,0,0,0,0,0,N/A
2025-10-13 03:57:25,1728,7609.97,47,59,2846,2846.72,100,ok,0,0,0,0.00,0,0,0,0,0,N/A
2025-10-13 03:57:29,1728,7609.97,47,59,2846,2846.72,100,ok,0,0,0,0.00,0,0,0,0,0,N/A
2025-10-13 03:57:35,1671,7610.93,82,60,2846,2846.72,100,ok,0,0,0,0.00,0,0,0,0,0,N/A
2025-10-13 03:57:40,1671,7610.93,82,60,2846,2846.72,100,ok,0,0,0,0.00,0,0,0,0,0,N/A
2025-10-13 03:57:45,1686,7611.33,67,60,2846,2846.72,100,ok,0,0,0,0.00,0,0,0,0,0,N/A
2025-10-13 03:57:49,1686,7611.33,67,60,2846,2846.72,100,ok,0,0,0,0.00,0,0,0,0,0,N/A
2025-10-13 03:57:54,1740,7610.59,46,60,2846,2846.72,100,ok,0,0,0,0.00,0,0,0,0,0,N/A
2025-10-13 03:57:59,1740,7610.59,46,60,2846,2846.72,100,ok,0,0,0,0.00,0,0,0,0,0,N/A
2025-10-13 03:58:04,1716,7612.02,54,60,2846,2846.72,100,ok,0,0,0,0.00,0,0,0,0,0,N/A
2025-10-13 03:58:08,1716,7612.02,54,60,2846,2846.72,100,ok,0,0,0,0.00,0,0,0,0,0,N/A
2025-10-13 03:58:14,1745,7621.47,86,60,2846,2846.72,100,ok,0,0,0,0.00,0,0,0,0,0,N/A
2025-10-13 03:58:18,1745,7621.47,86,60,2846,2846.72,100,ok,0,0,0,0.00,0,0,0,0,0,N/A
2025-10-13 03:58:24,1746,7625.59,66,60,2846,2846.72,100,ok,0,0,0,0.00,0,0,0,0,0,N/A
2025-10-13 03:58:28,1746,7625.59,66,60,2846,2846.72,100,ok,0,0,0,0.00,0,0,0,0,0,N/A
2025-10-13 03:58:34,1855,7624.57,58,60,2846,2846.72,100,ok,0,0,0,0.00,0,0,0,0,0,N/A
2025-10-13 03:58:38,1855,7624.57,58,60,2846,2846.72,100,ok,0,0,0,0.00,0,0,0,0,0,N/A
2025-10-13 03:58:44,1839,7635.46,31,60,2846,2846.72,100,ok,0,0,0,0.00,0,0,0,0,0,N/A
2025-10-13 03:58:49,1839,7635.46,31,60,2846,2846.72,100,ok,0,0,0,0.00,0,0,0,0,0,N/A
2025-10-13 03:58:54,1839,7634.22,32,60,2846,2846.72,100,ok,0,0,0,0.00,0,0,0,0,0,N/A
2025-10-13 03:58:58,1920,7634.22,32,60,2846,2846.72,100,ok,0,0,0,0.00,0,0,0,0,0,N/A
2025-10-13 03:59:04,1920,7638.64,85,60,2846,2846.72,100,ok,0,0,0,0.00,0,0,0,0,0,N/A
2025-10-13 03:59:09,1870,7638.64,85,60,2846,2846.72,100,ok,0,0,0,0.00,0,0,0,0,0,N/A
2025-10-13 03:59:15,1870,7646.19,61,60,2846,2846.72,100,ok,0,0,0,0.00,0,0,0,0,0,N/A
2025-10-13 03:59:19,1892,7646.19,61,60,2846,2846.72,100,ok,0,0,0,0.00,0,0,0,0,0,N/A
2025-10-13 03:59:24,1892,7646.19,61,60,2846,2846.72,100,ok,0,0,0,0.00,0,0,0,0,0,N/A
2025-10-13 03:59:28,1836,7646.19,49,60,2846,2846.72,100,ok,0,0,0,0.00,0,0,0,0,0,N/A
2025-10-13 03:59:33,1836,7646.19,49,60,2846,2846.72,100,ok,0,0,0,0.00,0,0,0,0,0,N/A
2025-10-13 03:59:37,1836,7646.19,49,60,2846,2846.72,100,ok,0,0,0,0.00,0,0,0,0,0,N/A
2025-10-13 03:59:41,2013,7656.48,54,60,2846,2846.72,100,ok,0,0,0,0.00,0,0,0,0,0,N/A
2025-10-13 03:59:47,2013,7656.48,54,60,2846,2846.72,100,ok,0,0,0,0.00,0,0,0,0,0,N/A
2025-10-13 03:59:51,1684,7653.73,76,60,2846,2846.72,100,ok,0,0,0,0.00,0,0,0,0,0,N/A
2025-10-13 03:59:55,1684,7653.73,76,60,2846,2846.72,100,ok,0,0,0,0.00,0,0,0,0,0,N/A
2025-10-13 04:00:00,1550,7656.93,68,60,2846,2846.72,100,ok,0,0,0,0.00,0,0,0,0,0,N/A
2025-10-13 04:00:05,1550,7656.93,68,60,2846,2846.72,100,ok,0,0,0,0.00,0,0,0,0,0,N/A
2025-10-13 04:00:11,1437,7656.93,46,60,2846,2846.72,100,ok,0,0,0,0.00,0,0,0,0,0,N/A
2025-10-13 04:00:15,1437,7666.36,46,60,2846,2846.72,100,ok,0,0,0,0.00,0,0,0,0,0,N/A
2025-10-13 04:00:19,1784,7666.36,42,61,2846,2846.72,100,ok,0,0,0,0.00,0,0,0,0,0,N/A
2025-10-13 04:00:25,1784,7670.67,42,61,2846,2846.72,100,ok,0,0,0,0.00,0,0,0,0,0,N/A
2025-10-13 04:00:30,1870,7670.67,39,61,2846,2846.72,100,ok,0,0,0,0.00,0,0,0,0,0,N/A
2025-10-13 04:00:35,1870,7669.35,39,61,2846,2846.72,100,ok,0,0,0,0.00,0,0,0,0,0,N/A
2025-10-13 04:00:39,1870,7669.35,39,61,2846,2846.72,100,ok,0,0,0,0.00,0,0,0,0,0,N/A
2025-10-13 04:00:45,1465,7670.10,88,61,2846,2846.72,100,ok,0,0,0,0.00,0,0,0,0,0,N/A
2025-10-13 04:00:49,1465,7670.10,88,61,2846,2846.72,100,ok,0,0,0,0.00,0,0,0,0,0,N/A
2025-10-13 04:00:55,1549,7671.44,49,61,2846,2846.72,100,ok,0,0,0,0.00,0,0,0,0,0,N/A
2025-10-13 04:00:59,1549,7671.44,49,61,2846,2846.72,100,ok,0,0,0,0.00,0,0,0,0,0,N/A
2025-10-13 04:01:05,1740,7674.64,29,61,2846,2846.72,100,ok,0,0,0,0.00,0,0,0,0,0,N/A
2025-10-13 04:01:09,1740,7674.64,29,61,2846,2846.72,100,ok,0,0,0,0.00,0,0,0,0,0,N/A
2025-10-13 04:01:15,1510,7674.15,58,61,2846,2846.72,100,ok,0,0,0,0.00,0,0,0,0,0,N/A
2025-10-13 04:01:19,1510,7674.15,58,61,2846,2846.72,100,ok,0,0,0,0.00,0,0,0,0,0,N/A
2025-10-13 04:01:34,1255,7684.61,67,61,2846,2846.72,100,ok,0,0,0,0.00,0,0,0,0,0,N/A
2025-10-13 04:01:38,1194,7684.61,79,61,2846,2846.72,100,ok,0,0,0,0.00,0,0,0,0,0,N/A
2025-10-13 04:01:45,1194,7688.85,79,61,2846,2846.72,100,ok,0,0,0,0.00,0,0,0,0,0,N/A
2025-10-13 04:01:49,1396,7688.85,47,61,2846,2846.72,100,ok,0,0,0,0.00,0,0,0,0,0,N/A
2025-10-13 04:01:54,1396,7688.81,47,61,2846,2846.72,100,ok,0,0,0,0.00,0,0,0,0,0,N/A
2025-10-13 04:01:58,1569,7688.81,81,61,2846,2846.72,100,ok,0,0,0,0.00,0,0,0,0,0,N/A
2025-10-13 04:02:05,1569,7709.55,81,61,2846,2846.72,100,ok,0,0,0,0.00,0,0,0,0,0,N/A
2025-10-13 04:02:09,1446,7709.55,77,61,2846,2846.72,100,ok,0,0,0,0.00,0,0,0,0,0,N/A
2025-10-13 04:02:16,1446,7721.97,87,61,2846,2846.72,100,ok,0,0,0,0.00,0,0,0,0,0,N/A
2025-10-13 04:02:20,1750,7721.97,87,61,2846,2846.72,100,ok,0,0,0,0.00,0,0,0,0,0,N/A
2025-10-13 04:02:26,1750,7723.01,87,61,2846,2846.72,100,ok,0,0,0,0.00,0,0,0,0,0,N/A
2025-10-13 04:02:30,1794,7723.01,56,61,2846,2846.72,100,ok,0,0,0,0.00,0,0,0,0,0,N/A
2025-10-13 04:02:35,1794,7721.99,56,61,2846,2846.72,100,ok,0,0,0,0.00,0,0,0,0,0,N/A
2025-10-13 04:02:40,1854,7721.99,88,61,2846,2846.72,100,ok,0,0,0,0.00,0,0,0,0,0,N/A
2025-10-13 04:02:46,1854,7738.48,88,61,2846,2846.72,100,ok,0,0,0,0.00,0,0,0,0,0,N/A
2025-10-13 04:02:53,1737,7738.48,54,61,2846,2846.72,100,ok,0,0,0,0.00,0,0,0,0,0,N/A
2025-10-13 04:02:58,1737,7744.31,54,61,2846,2846.72,100,ok,0,0,0,0.00,0,0,0,0,0,N/A
2025-10-13 04:03:03,1587,7744.31,65,61,2846,2846.72,100,ok,0,0,0,0.00,0,0,0,0,0,N/A
2025-10-13 04:03:09,1587,7743.91,85,61,2846,2846.72,100,ok,0,0,0,0.00,0,0,0,0,0,N/A
2025-10-13 04:03:14,1497,7743.91,85,61,2846,2846.72,100,ok,0,0,0,0.00,0,0,0,0,0,N/A
2025-10-13 04:03:19,1497,7743.16,85,61,2846,2846.72,100,ok,0,0,0,0.00,0,0,0,0,0,N/A
2025-10-13 04:03:23,1389,7743.16,50,61,2846,2846.72,100,ok,0,0,0,0.00,0,0,0,0,0,N/A
2025-10-13 04:03:28,1389,7742.44,50,61,2846,2846.72,100,ok,0,0,0,0.00,0,0,0,0,0,N/A
2025-10-13 04:03:33,1322,7742.44,64,61,2846,2846.72,100,ok,0,0,0,0.00,0,0,0,0,0,N/A
2025-10-13 04:03:39,1322,7742.08,64,61,2846,2846.72,100,ok,0,0,0,0.00,0,0,0,0,0,N/A
2025-10-13 04:03:43,1275,7742.08,30,62,2846,2846.72,100,ok,0,0,0,0.00,0,0,0,0,0,N/A
2025-10-13 04:03:49,1275,7743.06,60,62,2846,2846.72,100,ok,0,0,0,0.00,0,0,0,0,0,N/A
2025-10-13 04:03:57,1241,7742.05,60,62,2846,2846.72,100,ok,0,0,0,0.00,0,0,0,0,0,N/A
2025-10-13 04:04:01,1241,7742.05,60,62,2846,2846.72,100,ok,0,0,0,0.00,0,0,0,0,0,N/A
2025-10-13 04:04:08,1381,7742.05,52,62,2846,2846.72,100,ok,0,0,0,0.00,0,0,0,0,0,N/A
2025-10-13 04:04:12,1381,7742.05,43,62,2846,2846.72,100,ok,0,0,0,0.00,0,0,0,0,0,N/A
2025-10-13 04:04:17,1353,7741.22,43,62,2846,2846.72,100,ok,0,0,0,0.00,0,0,0,0,0,N/A
2025-10-13 04:04:21,1353,7741.22,43,62,2846,2846.72,100,ok,0,0,0,0.00,0,0,0,0,0,N/A
2025-10-13 04:04:26,1299,7740.11,53,62,2846,2846.72,100,ok,0,0,0,0.00,0,0,0,0,0,N/A
2025-10-13 04:04:30,1299,7740.11,53,62,2846,2846.72,100,ok,0,0,0,0.00,0,0,0,0,0,N/A
2025-10-13 04:04:36,1313,7740.11,65,62,2846,2846.72,100,ok,0,0,0,0.00,0,0,0,0,0,N/A
2025-10-13 04:04:40,1313,7744.83,65,62,2846,2846.72,100,ok,0,0,0,0.00,0,0,0,0,0,N/A
2025-10-13 04:04:44,1238,7744.83,57,62,2846,2846.72,100,ok,0,0,0,0.00,0,0,0,0,0,N/A
2025-10-13 04:04:49,1238,7743.86,57,62,2846,2846.72,100,ok,0,0,0,0.00,0,0,0,0,0,N/A
2025-10-13 04:04:53,1238,7743.86,57,62,2846,2846.72,100,ok,0,0,0,0.00,0,0,0,0,0,N/A
2025-10-13 04:04:59,1106,7751.69,48,62,2846,2846.72,100,ok,0,0,0,0.00,0,0,0,0,0,N/A
2025-10-13 04:05:04,1106,7751.69,48,62,2846,2846.72,100,ok,0,0,0,0.00,0,0,0,0,0,N/A
2025-10-13 04:05:10,1217,7752.10,85,62,2846,2846.72,100,ok,0,0,0,0.00,0,0,0,0,0,N/A
2025-10-13 04:05:14,1217,7752.10,85,62,2846,2846.72,100,ok,0,0,0,0.00,0,0,0,0,0,N/A
2025-10-13 04:05:19,1227,7755.09,33,62,2846,2846.72,100,ok,0,0,0,0.00,0,0,0,0,0,N/A
2025-10-13 04:05:24,1227,7755.09,33,62,2846,2846.72,100,ok,0,0,0,0.00,0,0,0,0,0,N/A
2025-10-13 04:05:29,1323,7758.40,82,62,2846,2846.72,100,ok,0,0,0,0.00,0,0,0,0,0,N/A
2025-10-13 04:05:34,1323,7758.40,82,62,2846,2846.72,100,ok,0,0,0,0.00,0,0,0,0,0,N/A
2025-10-13 04:05:39,1311,7774.05,60,62,2846,2846.72,100,ok,0,0,0,0.00,0,0,0,0,0,N/A
2025-10-13 04:05:44,1311,7774.05,60,62,2846,2846.72,100,ok,0,0,0,0.00,0,0,0,0,0,N/A
2025-10-13 04:05:49,1481,7777.16,38,62,2846,2846.72,100,ok,0,0,0,0.00,0,0,0,0,0,N/A
2025-10-13 04:05:54,1481,7777.16,38,62,2846,2846.72,100,ok,0,0,0,0.00,0,0,0,0,0,N/A
2025-10-13 04:06:00,1667,7780.35,39,62,2846,2846.72,100,ok,0,0,0,0.00,0,0,0,0,0,N/A
2025-10-13 04:06:04,1667,7780.35,39,62,2846,2846.72,100,ok,0,0,0,0.00,0,0,0,0,0,N/A
2025-10-13 04:06:10,1633,7787.52,32,62,2846,2846.72,100,ok,0,0,0,0.00,0,0,0,0,0,N/A
2025-10-13 04:06:14,1633,7787.52,32,62,2846,2846.72,100,ok,0,0,0,0.00,0,0,0,0,0,N/A
2025-10-13 04:06:19,1705,7786.63,31,62,2846,2846.72,100,ok,0,0,0,0.00,0,0,0,0,0,N/A
2025-10-13 04:06:23,1705,7786.63,31,62,2846,2846.72,100,ok,0,0,0,0.00,0,0,0,0,0,N/A
2025-10-13 04:06:33,1745,7785.79,85,62,2846,2846.72,100,ok,0,0,0,0.00,0,0,0,0,0,N/A
2025-10-13 04:06:40,1821,7789.48,50,62,2846,2846.72,100,ok,0,0,0,0.00,0,0,0,0,0,N/A
2025-10-13 04:06:44,1821,7789.48,50,62,2846,2846.72,100,ok,0,0,0,0.00,0,0,0,0,0,N/A
2025-10-13 04:06:49,1693,7795.42,72,62,2846,2846.72,100,ok,0,0,0,0.00,0,0,0,0,0,N/A
2025-10-13 04:06:53,1693,7795.42,72,62,2846,2846.72,100,ok,0,0,0,0.00,0,0,0,0,0,N/A
2025-10-13 04:06:59,1693,7796.64,72,62,2846,2846.72,100,ok,0,0,0,0.00,0,0,0,0,0,N/A
2025-10-13 04:07:03,1834,7796.64,34,62,2846,2846.72,100,ok,0,0,0,0.00,0,0,0,0,0,N/A
2025-10-13 04:07:09,1834,7801.15,34,62,2846,2846.72,100,ok,0,0,0,0.00,0,0,0,0,0,N/A
2025-10-13 04:07:14,1786,7801.15,76,62,2846,2846.72,100,ok,0,0,0,0.00,0,0,0,0,0,N/A
2025-10-13 04:07:19,1786,7811.58,76,62,2846,2846.72,100,ok,0,0,0,0.00,0,0,0,0,0,N/A
2025-10-13 04:07:24,1796,7811.58,67,62,2846,2846.72,100,ok,0,0,0,0.00,0,0,0,0,0,N/A
2025-10-13 04:07:29,1796,7815.70,67,62,2846,2846.72,100,ok,0,0,0,0.00,0,0,0,0,0,N/A
2025-10-13 04:07:34,1798,7815.70,87,63,2846,2846.72,100,ok,0,0,0,0.00,0,0,0,0,0,N/A
2025-10-13 04:07:40,1798,7814.67,87,63,2846,2846.72,100,ok,0,0,0,0.00,0,0,0,0,0,N/A
2025-10-13 04:07:45,1952,7814.67,84,63,2846,2846.72,100,ok,0,0,0,0.00,0,0,0,0,0,N/A
2025-10-13 04:07:50,1952,7819.83,84,63,2846,2846.72,100,ok,0,0,0,0.00,0,0,0,0,0,N/A
2025-10-13 04:07:54,1965,7819.83,72,63,2846,2846.72,100,ok,0,0,0,0.00,0,0,0,0,0,N/A
2025-10-13 04:07:59,1965,7819.83,72,63,2846,2846.72,100,ok,0,0,0,0.00,0,0,0,0,0,N/A
2025-10-13 04:08:03,1913,7824.63,61,63,2846,2846.72,100,ok,0,0,0,0.00,0,0,0,0,0,N/A
2025-10-13 04:08:08,1913,7824.63,61,63,2846,2846.72,100,ok,0,0,0,0.00,0,0,0,0,0,N/A
2025-10-13 04:08:14,1980,7824.29,46,63,2846,2846.72,100,ok,0,0,0,0.00,0,0,0,0,0,N/A
2025-10-13 04:08:17,1980,7824.29,46,63,2846,2846.72,100,ok,0,0,0,0.00,0,0,0,0,0,N/A
2025-10-13 04:08:23,1725,7824.24,37,63,2846,2846.72,100,ok,0,0,0,0.00,0,0,0,0,0,N/A
2025-10-13 04:08:27,1725,7824.24,37,63,2846,2846.72,100,ok,0,0,0,0.00,0,0,0,0,0,N/A
2025-10-13 04:08:33,1469,7826.37,68,63,2846,2846.72,100,ok,0,0,0,0.00,0,0,0,0,0,N/A
2025-10-13 04:08:38,1469,7826.37,68,63,2846,2846.72,100,ok,0,0,0,0.00,0,0,0,0,0,N/A
2025-10-13 04:08:44,1422,7829.93,80,63,2846,2846.72,100,ok,0,0,0,0.00,0,0,0,0,0,N/A
2025-10-13 04:08:48,1422,7829.93,80,63,2846,2846.72,100,ok,0,0,0,0.00,0,0,0,0,0,N/A
2025-10-13 04:08:59,1456,7841.50,50,63,2846,2846.72,100,ok,0,0,0,0.00,0,0,0,0,0,N/A
2025-10-13 04:09:05,1187,7846.11,74,63,2846,2846.72,100,ok,0,0,0,0.00,0,0,0,0,0,N/A
2025-10-13 04:09:12,1187,7850.19,31,63,2846,2846.72,100,ok,0,0,0,0.00,0,0,0,0,0,N/A
2025-10-13 04:09:16,1054,7850.19,31,63,2846,2846.72,100,ok,0,0,0,0.00,0,0,0,0,0,N/A
2025-10-13 04:09:20,1054,7850.19,31,63,2846,2846.72,100,ok,0,0,0,0.00,0,0,0,0,0,N/A
2025-10-13 04:09:26,1314,7852.57,51,63,2846,2846.72,100,ok,0,0,0,0.00,0,0,0,0,0,N/A
2025-10-13 04:09:35,1434,7871.95,73,63,2846,2846.72,100,ok,0,0,0,0.00,0,0,0,0,0,N/A
2025-10-13 04:09:39,1434,7871.95,73,63,2846,2846.72,100,ok,0,0,0,0.00,0,0,0,0,0,N/A
2025-10-13 04:09:46,1280,7871.11,36,63,2846,2846.72,100,ok,0,0,0,0.00,0,0,0,0,0,N/A
2025-10-13 04:09:51,1280,7871.11,36,63,2846,2846.72,100,ok,0,0,0,0.00,0,0,0,0,0,N/A
2025-10-13 04:09:56,1405,7870.01,51,63,2846,2846.72,100,ok,0,0,0,0.00,0,0,0,0,0,N/A
2025-10-13 04:10:00,1405,7870.01,51,63,2846,2846.72,100,ok,0,0,0,0.00,0,0,0,0,0,N/A
2025-10-13 04:10:06,1586,7869.38,70,63,2846,2846.72,100,ok,0,0,0,0.00,0,0,0,0,0,N/A
2025-10-13 04:10:10,1586,7869.38,70,63,2846,2846.72,100,ok,0,0,0,0.00,0,0,0,0,0,N/A
2025-10-13 04:10:18,1636,7879.93,49,63,2846,2846.72,100,ok,0,0,0,0.00,0,0,0,0,0,N/A
2025-10-13 04:10:23,1636,7879.93,36,63,2846,2846.72,100,ok,0,0,0,0.00,0,0,0,0,0,N/A
2025-10-13 04:10:28,1616,7880.94,36,63,2846,2846.72,100,ok,0,0,0,0.00,0,0,0,0,0,N/A
2025-10-13 04:10:32,1616,7880.94,36,63,2846,2846.72,100,ok,0,0,0,0.00,0,0,0,0,0,N/A
2025-10-13 04:10:38,1755,7881.59,32,63,2846,2846.72,100,ok,0,0,0,0.00,0,0,0,0,0,N/A
2025-10-13 04:10:42,1755,7881.59,32,63,2846,2846.72,100,ok,0,0,0,0.00,0,0,0,0,0,N/A
2025-10-13 04:10:48,1876,7880.53,60,63,2846,2846.72,100,ok,0,0,0,0.00,0,0,0,0,0,N/A
2025-10-13 04:10:52,1876,7880.53,60,63,2846,2846.72,100,ok,0,0,0,0.00,0,0,0,0,0,N/A
2025-10-13 04:10:58,1713,7882.01,41,63,2846,2846.72,100,ok,0,0,0,0.00,0,0,0,0,0,N/A
2025-10-13 04:11:02,1713,7882.01,41,63,2846,2846.72,100,ok,0,0,0,0.00,0,0,0,0,0,N/A
2025-10-13 04:11:08,1715,7887.16,36,63,2846,2846.72,100,ok,0,0,0,0.00,0,0,0,0,0,N/A
2025-10-13 04:11:12,1715,7887.16,36,63,2846,2846.72,100,ok,0,0,0,0.00,0,0,0,0,0,N/A
2025-10-13 04:11:18,1723,7890.23,86,64,2846,2846.72,100,ok,0,0,0,0.00,0,0,0,0,0,N/A
2025-10-13 04:11:22,1723,7890.23,86,64,2846,2846.72,100,ok,0,0,0,0.00,0,0,0,0,0,N/A
2025-10-13 04:11:32,1711,7889.35,81,64,2846,2846.72,100,ok,0,0,0,0.00,0,0,0,0,0,N/A
2025-10-13 04:11:38,1619,7894.46,56,64,2846,2846.72,100,ok,0,0,0,0.00,0,0,0,0,0,N/A
2025-10-13 04:11:42,1619,7894.46,56,64,2846,2846.72,100,ok,0,0,0,0.00,0,0,0,0,0,N/A
2025-10-13 04:11:48,1479,7894.46,65,64,2846,2846.72,100,ok,0,0,0,0.00,0,0,0,0,0,N/A
2025-10-13 04:11:51,1479,7893.43,65,64,2846,2846.72,100,ok,0,0,0,0.00,0,0,0,0,0,N/A
2025-10-13 04:11:55,1291,7893.43,34,64,2846,2846.72,100,ok,0,0,0,0.00,0,0,0,0,0,N/A
2025-10-13 04:12:00,1291,7893.43,34,64,2846,2846.72,100,ok,0,0,0,0.00,0,0,0,0,0,N/A
2025-10-13 04:12:05,1291,7894.14,34,64,2846,2846.72,100,ok,0,0,0,0.00,0,0,0,0,0,N/A
2025-10-13 04:12:09,1240,7894.14,38,64,2846,2846.72,100,ok,0,0,0,0.00,0,0,0,0,0,N/A
2025-10-13 04:12:13,1240,7894.06,38,64,2846,2846.72,100,ok,0,0,0,0.00,0,0,0,0,0,N/A
2025-10-13 04:12:17,1038,7894.06,72,64,2846,2846.72,100,ok,0,0,0,0.00,0,0,0,0,0,N/A
2025-10-13 04:12:24,1038,7903.93,72,64,2846,2846.72,100,ok,0,0,0,0.00,0,0,0,0,0,N/A
2025-10-13 04:12:28,1336,7903.93,42,64,2846,2846.72,100,ok,0,0,0,0.00,0,0,0,0,0,N/A
2025-10-13 04:12:34,1336,7912.03,42,64,2846,2846.72,100,ok,0,0,0,0.00,0,0,0,0,0,N/A
2025-10-13 04:12:38,1411,7912.03,33,64,2846,2846.72,100,ok,0,0,0,0.00,0,0,0,0,0,N/A
2025-10-13 04:12:44,1411,7912.80,33,64,2846,2846.72,100,ok,0,0,0,0.00,0,0,0,0,0,N/A
2025-10-13 04:12:48,1411,7912.80,33,64,2846,2846.72,100,ok,0,0,0,0.00,0,0,0,0,0,N/A
2025-10-13 04:12:55,1794,7928.23,81,64,2846,2846.72,100,ok,0,0,0,0.00,0,0,0,0,0,N/A
2025-10-13 04:12:59,1964,7928.23,72,64,2846,2846.72,100,ok,0,0,0,0.00,0,0,0,0,0,N/A
2025-10-13 04:13:04,1964,7936.32,72,64,2846,2846.72,100,ok,0,0,0,0.00,0,0,0,0,0,N/A
2025-10-13 04:13:09,1964,7936.32,50,64,2846,2846.72,100,ok,0,0,0,0.00,0,0,0,0,0,N/A
2025-10-13 04:13:16,2177,7941.42,50,64,2846,2846.72,100,ok,0,0,0,0.00,0,0,0,0,0,N/A
2025-10-13 04:13:20,2265,7941.42,55,64,2846,2846.72,100,ok,0,0,0,0.00,0,0,0,0,0,N/A
2025-10-13 04:13:26,2265,7941.25,55,64,2846,2846.72,100,ok,0,0,0,0.00,0,0,0,0,0,N/A
2025-10-13 04:13:34,2026,7940.63,88,64,2846,2846.72,100,ok,0,0,0,0.00,0,0,0,0,0,N/A
2025-10-13 04:13:39,2026,7940.63,88,64,2846,2846.72,100,ok,0,0,0,0.00,0,0,0,0,0,N/A
2025-10-13 04:13:45,2064,7939.52,53,64,2846,2846.72,100,ok,0,0,0,0.00,0,0,0,0,0,N/A
2025-10-13 04:13:49,2064,7939.52,53,64,2846,2846.72,100,ok,0,0,0,0.00,0,0,0,0,0,N/A
2025-10-13 04:13:55,1806,7946.81,83,64,2846,2846.72,100,ok,0,0,0,0.00,0,0,0,0,0,N/A
2025-10-13 04:13:59,1806,7946.81,83,64,2846,2846.72,100,ok,0,0,0,0.00,0,0,0,0,0,N/A
2025-10-13 04:14:04,1855,7946.05,39,64,2846,2846.72,100,ok,0,0,0,0.00,0,0,0,0,0,N/A
2025-10-13 04:14:09,1855,7946.05,39,64,2846,2846.72,100,ok,0,0,0,0.00,0,0,0,0,0,N/A
2025-10-13 04:14:15,1692,7945.24,68,64,2846,2846.72,100,ok,0,0,0,0.00,0,0,0,0,0,N/A
2025-10-13 04:14:19,1692,7945.24,68,64,2846,2846.72,100,ok,0,0,0,0.00,0,0,0,0,0,N/A
2025-10-13 04:14:25,1642,7954.77,61,64,2846,2846.72,100,ok,0,0,0,0.00,0,0,0,0,0,N/A
2025-10-13 04:14:29,1642,7954.77,61,64,2846,2846.72,100,ok,0,0,0,0.00,0,0,0,0,0,N/A
2025-10-13 04:14:35,1722,7958.67,54,64,2846,2846.72,100,ok,0,0,0,0.00,0,0,0,0,0,N/A
2025-10-13 04:14:39,1722,7958.67,54,64,2846,2846.72,100,ok,0,0,0,0.00,0,0,0,0,0,N/A
2025-10-13 04:14:44,1571,7957.88,36,64,2846,2846.72,100,ok,0,0,0,0.00,0,0,0,0,0,N/A
2025-10-13 04:14:49,1571,7957.88,36,64,2846,2846.72,100,ok,0,0,0,0.00,0,0,0,0,0,N/A
2025-10-13 04:14:55,1669,7977.57,87,64,2846,2846.72,100,ok,0,0,0,0.00,0,0,0,0,0,N/A
2025-10-13 04:15:00,1669,7977.57,87,64,2846,2846.72,100,ok,0,0,0,0.00,0,0,0,0,0,N/A
2025-10-13 04:15:04,1554,7976.95,46,65,2846,2846.72,100,ok,0,0,0,0.00,0,0,0,0,0,N/A
2025-10-13 04:15:09,1554,7976.95,46,65,2846,2846.72,100,ok,0,0,0,0.00,0,0,0,0,0,N/A
2025-10-13 04:15:14,1554,7976.08,46,65,2846,2846.72,100,ok,0,0,0,0.00,0,0,0,0,0,N/A
2025-10-13 04:15:18,1743,7976.08,82,65,2846,2846.72,100,ok,0,0,0,0.00,0,0,0,0,0,N/A
2025-10-13 04:15:25,1743,7975.43,49,65,2846,2846.72,100,ok,0,0,0,0.00,0,0,0,0,0,N/A
2025-10-13 04:15:29,1738,7975.43,49,65,2846,2846.72,100,ok,0,0,0,0.00,0,0,0,0,0,N/A
2025-10-13 04:15:34,1738,7976.96,49,65,2846,2846.72,100,ok,0,0,0,0.00,0,0,0,0,0,N/A
2025-10-13 04:15:39,1731,7976.96,79,65,2846,2846.72,100,ok,0,0,0,0.00,0,0,0,0,0,N/A
2025-10-13 04:15:45,1731,7994.40,79,65,2846,2846.72,100,ok,0,0,0,0.00,0,0,0,0,0,N/A
2025-10-13 04:15:49,1728,7994.40,36,65,2846,2846.72,100,ok,0,0,0,0.00,0,0,0,0,0,N/A
2025-10-13 04:15:55,1728,7996.40,36,65,2846,2846.72,100,ok,0,0,0,0.00,0,0,0,0,0,N/A
2025-10-13 04:15:59,1844,7996.40,68,65,2846,2846.72,100,ok,0,0,0,0.00,0,0,0,0,0,N/A
2025-10-13 04:16:05,1844,7995.33,68,65,2846,2846.72,100,ok,0,0,0,0.00,0,0,0,0,0,N/A
2025-10-13 04:16:09,1908,7995.33,58,65,2846,2846.72,100,ok,0,0,0,0.00,0,0,0,0,0,N/A
2025-10-13 04:16:14,1908,7995.33,58,65,2846,2846.72,100,ok,0,0,0,0.00,0,0,0,0,0,N/A
2025-10-13 04:16:18,1834,7995.33,69,65,2846,2846.72,100,ok,0,0,0,0.00,0,0,0,0,0,N/A
2025-10-13 04:16:22,1834,7994.40,69,65,2846,2846.72,100,ok,0,0,0,0.00,0,0,0,0,0,N/A
2025-10-13 04:16:32,2121,8003.73,34,65,2846,2846.72,100,ok,0,0,0,0.00,0,0,0,0,0,N/A
2025-10-13 04:16:36,2121,8003.73,34,65,2846,2846.72,100,ok,0,0,0,0.00,0,0,0,0,0,N/A
2025-10-13 04:16:42,1915,8016.09,87,65,2846,2846.72,100,ok,0,0,0,0.00,0,0,0,0,0,N/A
2025-10-13 04:16:47,1915,8016.09,43,65,2846,2846.72,100,ok,0,0,0,0.00,0,0,0,0,0,N/A
2025-10-13 04:16:53,1933,8015.69,43,65,2846,2846.72,100,ok,0,0,0,0.00,0,0,0,0,0,N/A
2025-10-13 04:16:57,1857,8015.69,75,65,2846,2846.72,100,ok,0,0,0,0.00,0,0,0,0,0,N/A
2025-10-13 04:17:04,1857,8027.36,75,65,2846,2846.72,100,ok,0,0,0,0.00,0,0,0,0,0,N/A
2025-10-13 04:17:08,1935,8027.36,38,65,2846,2846.72,100,ok,0,0,0,0.00,0,0,0,0,0,N/A
2025-10-13 04:17:14,1935,8033.98,38,65,2846,2846.72,100,ok,0,0,0,0.00,0,0,0,0,0,N/A
2025-10-13 04:17:19,1954,8033.98,79,65,2846,2846.72,100,ok,0,0,0,0.00,0,0,0,0,0,N/A
2025-10-13 04:17:25,1954,8042.74,79,65,2846,2846.72,100,ok,0,0,0,0.00,0,0,0,0,0,N/A
2025-10-13 04:17:29,1984,8042.74,51,65,2846,2846.72,100,ok,0,0,0,0.00,0,0,0,0,0,N/A
2025-10-13 04:17:34,1984,8041.83,51,65,2846,2846.72,100,ok,0,0,0,0.00,0,0,0,0,0,N/A
2025-10-13 04:17:38,1984,8041.83,51,65,2846,2846.72,100,ok,0,0,0,0.00,0,0,0,0,0,N/A
2025-10-13 04:17:44,2160,8042.55,67,65,2846,2846.72,100,ok,0,0,0,0.00,0,0,0,0,0,N/A
2025-10-13 04:17:48,2160,8042.55,67,65,2846,2846.72,100,ok,0,0,0,0.00,0,0,0,0,0,N/A
2025-10-13 04:17:54,2242,8046.84,60,65,2846,2846.72,100,ok,0,0,0,0.00,0,0,0,0,0,N/A
2025-10-13 04:17:59,2242,8046.84,60,65,2846,2846.72,100,ok,0,0,0,0.00,0,0,0,0,0,N/A
2025-10-13 04:18:04,2090,8046.98,50,66,2846,2846.72,100,ok,0,0,0,0.00,0,0,0,0,0,N/A
2025-10-13 04:18:08,2090,8046.98,50,66,2846,2846.72,100,ok,0,0,0,0.00,0,0,0,0,0,N/A
2025-10-13 04:18:14,1891,8045.77,53,66,2846,2846.72,100,ok,0,0,0,0.00,0,0,0,0,0,N/A
2025-10-13 04:18:19,1891,8045.77,53,66,2846,2846.72,100,ok,0,0,0,0.00,0,0,0,0,0,N/A
2025-10-13 04:18:25,1822,8058.13,76,66,2846,2846.72,100,ok,0,0,0,0.00,0,0,0,0,0,N/A
2025-10-13 04:18:29,1822,8058.13,76,66,2846,2846.72,100,ok,0,0,0,0.00,0,0,0,0,0,N/A
2025-10-13 04:18:35,1795,8059.56,44,66,2846,2846.72,100,ok,0,0,0,0.00,0,0,0,0,0,N/A
2025-10-13 04:18:40,1795,8059.56,44,66,2846,2846.72,100,ok,0,0,0,0.00,0,0,0,0,0,N/A
2025-10-13 04:18:45,1747,8072.00,79,66,2846,2846.72,100,ok,0,0,0,0.00,0,0,0,0,0,N/A
2025-10-13 04:18:53,1747,8072.06,79,66,2846,2846.72,100,ok,0,0,0,0.00,0,0,0,0,0,N/A
2025-10-13 04:18:58,1614,8072.06,35,66,2846,2846.72,100,ok,0,0,0,0.00,0,0,0,0,0,N/A
2025-10-13 04:19:04,1614,8077.28,35,66,2846,2846.72,100,ok,0,0,0,0.00,0,0,0,0,0,N/A
2025-10-13 04:19:09,1691,8077.28,34,66,2846,2846.72,100,ok,0,0,0,0.00,0,0,0,0,0,N/A
2025-10-13 04:19:14,1691,8076.27,34,66,2846,2846.72,100,ok,0,0,0,0.00,0,0,0,0,0,N/A
2025-10-13 04:19:19,1868,8076.27,46,66,2846,2846.72,100,ok,0,0,0,0.00,0,0,0,0,0,N/A
2025-10-13 04:19:24,1868,8078.73,46,66,2846,2846.72,100,ok,0,0,0,0.00,0,0,0,0,0,N/A
2025-10-13 04:19:29,1764,8078.73,63,66,2846,2846.72,100,ok,0,0,0,0.00,0,0,0,0,0,N/A
2025-10-13 04:19:34,1764,8078.73,63,66,2846,2846.72,100,ok,0,0,0,0.00,0,0,0,0,0,N/A
2025-10-13 04:19:38,1665,8079.47,88,66,2846,2846.72,100,ok,0,0,0,0.00,0,0,0,0,0,N/A
2025-10-13 04:19:45,1665,8079.47,42,66,2846,2846.72,100,ok,0,0,0,0.00,0,0,0,0,0,N/A
2025-10-13 04:19:49,1546,8078.32,42,66,2846,2846.72,100,ok,0,0,0,0.00,0,0,0,0,0,N/A
2025-10-13 04:19:52,1546,8078.32,42,66,2846,2846.72,100,ok,0,0,0,0.00,0,0,0,0,0,N/A
2025-10-13 04:20:00,1320,8076.76,79,66,2846,2846.72,100,ok,0,0,0,0.00,0,0,0,0,0,N/A
2025-10-13 04:20:07,1320,8096.81,87,66,2846,2846.72,100,ok,0,0,0,0.00,0,0,0,0,0,N/A
2025-10-13 04:20:12,1262,8096.81,87,66,2846,2846.72,100,ok,0,0,0,0.00,0,0,0,0,0,N/A
2025-10-13 04:20:19,1262,8098.54,82,66,2846,2846.72,100,ok,0,0,0,0.00,0,0,0,0,0,N/A
2025-10-13 04:20:24,1355,8098.54,82,66,2846,2846.72,100,ok,0,0,0,0.00,0,0,0,0,0,N/A
2025-10-13 04:20:30,1355,8098.54,60,67,2846,2846.72,100,ok,0,0,0,0.00,0,0,0,0,0,N/A
2025-10-13 04:20:34,1612,8098.54,60,67,2846,2846.72,100,ok,0,0,0,0.00,0,0,0,0,0,N/A
2025-10-13 04:20:40,1612,8106.88,60,67,2846,2846.72,100,ok,0,0,0,0.00,0,0,0,0,0,N/A
2025-10-13 04:20:44,1707,8106.88,85,67,2846,2846.72,100,ok,0,0,0,0.00,0,0,0,0,0,N/A
2025-10-13 04:20:50,1707,8105.89,85,67,2846,2846.72,100,ok,0,0,0,0.00,0,0,0,0,0,N/A
2025-10-13 04:20:54,2033,8105.89,86,67,2846,2846.72,100,ok,0,0,0,0.00,0,0,0,0,0,N/A
2025-10-13 04:20:58,2033,8105.43,86,67,2846,2846.72,100,ok,0,0,0,0.00,0,0,0,0,0,N/A
2025-10-13 04:21:03,2006,8105.43,88,67,2846,2846.72,100,ok,0,0,0,0.00,0,0,0,0,0,N/A
2025-10-13 04:21:09,2006,8107.71,88,67,2846,2846.72,100,ok,0,0,0,0.00,0,0,0,0,0,N/A
2025-10-13 04:21:14,1974,8107.71,56,67,2846,2846.72,100,ok,0,0,0,0.00,0,0,0,0,0,N/A
2025-10-13 04:21:19,1974,8108.75,56,67,2846,2846.72,100,ok,0,0,0,0.00,0,0,0,0,0,N/A
2025-10-13 04:21:22,1733,8108.75,37,67,2846,2846.72,100,ok,0,0,0,0.00,0,0,0,0,0,N/A
2025-10-13 04:21:31,1733,8107.05,37,67,2846,2846.72,100,ok,0,0,0,0.00,0,0,0,0,0,N/A
2025-10-13 04:21:38,1292,8111.85,74,67,2846,2846.72,100,ok,0,0,0,0.00,0,0,0,0,0,N/A
2025-10-13 04:21:42,1292,8111.85,58,67,2846,2846.72,100,ok,0,0,0,0.00,0,0,0,0,0,N/A
2025-10-13 04:21:50,1226,8123.67,58,67,2846,2846.72,100,ok,0,0,0,0.00,0,0,0,0,0,N/A
2025-10-13 04:21:54,1385,8123.67,36,67,2846,2846.72,100,ok,0,0,0,0.00,0,0,0,0,0,N/A
2025-10-13 04:21:59,1385,8123.40,36,67,2846,2846.72,100,ok,0,0,0,0.00,0,0,0,0,0,N/A
2025-10-13 04:22:03,1385,8123.40,36,67,2846,2846.72,100,ok,0,0,0,0.00,0,0,0,0,0,N/A
2025-10-13 04:22:09,1486,8124.88,47,67,2846,2846.72,100,ok,0,0,0,0.00,0,0,0,0,0,N/A
2025-10-13 04:22:13,1486,8124.88,47,67,2846,2846.72,100,ok,0,0,0,0.00,0,0,0,0,0,N/A
2025-10-13 04:22:19,1485,8124.09,80,67,2846,2846.72,100,ok,0,0,0,0.00,0,0,0,0,0,N/A
2025-10-13 04:22:23,1485,8124.09,80,67,2846,2846.72,100,ok,0,0,0,0.00,0,0,0,0,0,N/A
2025-10-13 04:22:31,1440,8126.70,71,67,2846,2846.72,100,ok,0,0,0,0.00,0,0,0,0,0,N/A
2025-10-13 04:22:35,1440,8126.70,71,67,2846,2846.72,100,ok,0,0,0,0.00,0,0,0,0,0,N/A
2025-10-13 04:22:40,1600,8127.41,78,67,2846,2846.72,100,ok,0,0,0,0.00,0,0,0,0,0,N/A
2025-10-13 04:22:44,1600,8127.41,78,67,2846,2846.72,100,ok,0,0,0,0.00,0,0,0,0,0,N/A
2025-10-13 04:22:50,1494,8135.96,70,67,2846,2846.72,100,ok,0,0,0,0.00,0,0,0,0,0,N/A
2025-10-13 04:22:54,1494,8135.96,70,67,2846,2846.72,100,ok,0,0,0,0.00,0,0,0,0,0,N/A
2025-10-13 04:23:00,1427,8138.94,59,67,2846,2846.72,100,ok,0,0,0,0.00,0,0,0,0,0,N/A
2025-10-13 04:23:05,1427,8138.94,59,67,2846,2846.72,100,ok,0,0,0,0.00,0,0,0,0,0,N/A
2025-10-13 04:23:09,1420,8137.92,75,67,2846,2846.72,100,ok,0,0,0,0.00,0,0,0,0,0,N/A
2025-10-13 04:23:13,1420,8137.92,75,67,2846,2846.72,100,ok,0,0,0,0.00,0,0,0,0,0,N/A
2025-10-13 04:23:20,1339,8147.44,82,67,2846,2846.72,100,ok,0,0,0,0.00,0,0,0,0,0,N/A
2025-10-13 04:23:27,1339,8147.48,82,67,2846,2846.72,100,ok,0,0,0,0.00,0,0,0,0,0,N/A
2025-10-13 04:23:31,1572,8147.48,61,67,2846,2846.72,100,ok,0,0,0,0.00,0,0,0,0,0,N/A
2025-10-13 04:23:39,1572,8155.56,86,67,2846,2846.72,100,ok,0,0,0,0.00,0,0,0,0,0,N/A
2025-10-13 04:23:43,1598,8155.56,86,67,2846,2846.72,100,ok,0,0,0,0.00,0,0,0,0,0,N/A
2025-10-13 04:23:49,1598,8159.79,86,67,2846,2846.72,100,ok,0,0,0,0.00,0,0,0,0,0,N/A
2025-10-13 04:23:54,1694,8159.79,62,68,2846,2846.72,100,ok,0,0,0,0.00,0,0,0,0,0,N/A
2025-10-13 04:23:59,1694,8159.59,62,68,2846,2846.72,100,ok,0,0,0,0.00,0,0,0,0,0,N/A
2025-10-13 04:24:03,1722,8159.59,44,68,2846,2846.72,100,ok,0,0,0,0.00,0,0,0,0,0,N/A
2025-10-13 04:24:09,1722,8160.10,44,68,2846,2846.72,100,ok,0,0,0,0.00,0,0,0,0,0,N/A
2025-10-13 04:24:13,1687,8160.10,72,68,2846,2846.72,100,ok,0,0,0,0.00,0,0,0,0,0,N/A
2025-10-13 04:24:19,1687,8164.76,72,68,2846,2846.72,100,ok,0,0,0,0.00,0,0,0,0,0,N/A
2025-10-13 04:24:24,1785,8164.76,34,68,2846,2846.72,100,ok,0,0,0,0.00,0,0,0,0,0,N/A
2025-10-13 04:24:35,1510,8163.94,61,68,2846,2846.72,100,ok,0,0,0,0.00,0,0,0,0,0,N/A
2025-10-13 04:24:40,1510,8167.96,61,68,2846,2846.72,100,ok,0,0,0,0.00,0,0,0,0,0,N/A
2025-10-13 04:24:45,1440,8167.96,61,68,2846,2846.72,100,ok,0,0,0,0.00,0,0,0,0,0,N/A
2025-10-13 04:24:49,1440,8167.75,61,68,2846,2846.72,100,ok,0,0,0,0.00,0,0,0,0,0,N/A
2025-10-13 04:24:54,1263,8167.75,70,68,2846,2846.72,100,ok,0,0,0,0.00,0,0,0,0,0,N/A
2025-10-13 04:24:59,1263,8178.83,70,68,2846,2846.72,100,ok,0,0,0,0.00,0,0,0,0,0,N/A
2025-10-13 04:25:04,1255,8178.83,64,68,2846,2846.72,100,ok,0,0,0,0.00,0,0,0,0,0,N/A
2025-10-13 04:25:09,1255,8180.84,64,68,2846,2846.72,100,ok,0,0,0,0.00,0,0,0,0,0,N/A
2025-10-13 04:25:14,1387,8180.84,50,68,2846,2846.72,100,ok,0,0,0,0.00,0,0,0,0,0,N/A
2025-10-13 04:25:20,1387,8189.36,68,68,2846,2846.72,100,ok,0,0,0,0.00,0,0,0,0,0,N/A
2025-10-13 04:25:28,1412,8190.62,68,68,2846,2846.72,100,ok,0,0,0,0.00,0,0,0,0,0,N/A
2025-10-13 04:25:32,1412,8190.62,68,68,2846,2846.72,100,ok,0,0,0,0.00,0,0,0,0,0,N/A
2025-10-13 04:25:38,1739,8189.62,35,68,2846,2846.72,100,ok,0,0,0,0.00,0,0,0,0,0,N/A
2025-10-13 04:25:43,1774,8189.62,37,68,2846,2846.72,100,ok,0,0,0,0.00,0,0,0,0,0,N/A
2025-10-13 04:25:50,1774,8204.04,37,68,2846,2846.72,100,ok,0,0,0,0.00,0,0,0,0,0,N/A
2025-10-13 04:25:57,1774,8203.45,81,68,2846,2846.72,100,ok,0,0,0,0.00,0,0,0,0,0,N/A
2025-10-13 04:26:01,1903,8203.45,81,68,2846,2846.72,100,ok,0,0,0,0.00,0,0,0,0,0,N/A
2025-10-13 04:26:07,1903,8201.73,81,68,2846,2846.72,100,ok,0,0,0,0.00,0,0,0,0,0,N/A
2025-10-13 04:26:12,2020,8201.73,75,68,2846,2846.72,100,ok,0,0,0,0.00,0,0,0,0,0,N/A
2025-10-13 04:26:18,1833,8206.03,49,68,2846,2846.72,100,ok,0,0,0,0.00,0,0,0,0,0,N/A
2025-10-13 04:26:23,1833,8206.03,49,68,2846,2846.72,100,ok,0,0,0,0.00,0,0,0,0,0,N/A
2025-10-13 04:26:34,1638,8211.04,73,68,2846,2846.72,100,ok,0,0,0,0.00,0,0,0,0,0,N/A
2025-10-13 04:26:39,1638,8210.55,73,68,2846,2846.72,100,ok,0,0,0,0.00,0,0,0,0,0,N/A
2025-10-13 04:26:42,1640,8210.55,71,68,2846,2846.72,100,ok,0,0,0,0.00,0,0,0,0,0,N/A
2025-10-13 04:26:50,1640,8216.60,86,68,2846,2846.72,100,ok,0,0,0,0.00,0,0,0,0,0,N/A
2025-10-13 04:26:55,1499,8216.60,86,68,2846,2846.72,100,ok,0,0,0,0.00,0,0,0,0,0,N/A
2025-10-13 04:27:00,1499,8222.16,86,68,2846,2846.72,100,ok,0,0,0,0.00,0,0,0,0,0,N/A
2025-10-13 04:27:04,1618,8222.16,45,68,2846,2846.72,100,ok,0,0,0,0.00,0,0,0,0,0,N/A
2025-10-13 04:27:09,1618,8222.76,45,68,2846,2846.72,100,ok,0,0,0,0.00,0,0,0,0,0,N/A
2025-10-13 04:27:14,1635,8222.76,65,69,2846,2846.72,100,ok,0,0,0,0.00,0,0,0,0,0,N/A
2025-10-13 04:27:19,1635,8236.69,65,69,2846,2846.72,100,ok,0,0,0,0.00,0,0,0,0,0,N/A
2025-10-13 04:27:24,1556,8236.69,79,69,2846,2846.72,100,ok,0,0,0,0.00,0,0,0,0,0,N/A
2025-10-13 04:27:29,1556,8238.66,79,69,2846,2846.72,100,ok,0,0,0,0.00,0,0,0,0,0,N/A
2025-10-13 04:27:34,1751,8238.66,77,69,2846,2846.72,100,ok,0,0,0,0.00,0,0,0,0,0,N/A
2025-10-13 04:27:39,1751,8236.98,77,69,2846,2846.72,100,ok,0,0,0,0.00,0,0,0,0,0,N/A
2025-10-13 04:27:44,1858,8236.98,53,69,2846,2846.72,100,ok,0,0,0,0.00,0,0,0,0,0,N/A
2025-10-13 04:27:49,1858,8243.93,53,69,2846,2846.72,100,ok,0,0,0,0.00,0,0,0,0,0,N/A
2025-10-13 04:27:54,1992,8243.93,81,69,2846,2846.72,100,ok,0,0,0,0.00,0,0,0,0,0,N/A
2025-10-13 04:28:00,1992,8246.75,81,69,2846,2846.72,100,ok,0,0,0,0.00,0,0,0,0,0,N/A
2025-10-13 04:28:04,1851,8246.75,36,69,2846,2846.72,100,ok,0,0,0,0.00,0,0,0,0,0,N/A
2025-10-13 04:28:09,1851,8247.03,36,69,2846,2846.72,100,ok,0,0,0,0.00,0,0,0,0,0,N/A
2025-10-13 04:28:14,1821,8247.03,52,69,2846,2846.72,100,ok,0,0,0,0.00,0,0,0,0,0,N/A
2025-10-13 04:28:19,1821,8246.38,52,69,2846,2846.72,100,ok,0,0,0,0.00,0,0,0,0,0,N/A
2025-10-13 04:28:24,1733,8246.38,77,69,2846,2846.72,100,ok,0,0,0,0.00,0,0,0,0,0,N/A
2025-10-13 04:28:29,1733,8252.09,77,69,2846,2846.72,100,ok,0,0,0,0.00,0,0,0,0,0,N/A
2025-10-13 04:28:34,1604,8252.09,55,69,2846,2846.72,100,ok,0,0,0,0.00,0,0,0,0,0,N/A
2025-10-13 04:28:39,1604,8251.25,55,69,2846,2846.72,100,ok,0,0,0,0.00,0,0,0,0,0,N/A
2025-10-13 04:28:43,1529,8251.25,89,69,2846,2846.72,100,ok,0,0,0,0.00,0,0,0,0,0,N/A
2025-10-13 04:28:50,1529,8264.77,89,69,2846,2846.72,100,ok,0,0,0,0.00,0,0,0,0,0,N/A
2025-10-13 04:28:55,1558,8264.77,77,69,2846,2846.72,100,ok,0,0,0,0.00,0,0,0,0,0,N/A
2025-10-13 04:29:00,1558,8275.31,77,69,2846,2846.72,100,ok,0,0,0,0.00,0,0,0,0,0,N/A
2025-10-13 04:29:04,1558,8275.31,77,69,2846,2846.72,100,ok,0,0,0,0.00,0,0,0,0,0,N/A
2025-10-13 04:29:09,1563,8274.66,84,69,2846,2846.72,100,ok,0,0,0,0.00,0,0,0,0,0,N/A
2025-10-13 04:29:14,1563,8274.66,84,69,2846,2846.72,100,ok,0,0,0,0.00,0,0,0,0,0,N/A
2025-10-13 04:29:19,1747,8273.97,43,69,2846,2846.72,100,ok,0,0,0,0.00,0,0,0,0,0,N/A
2025-10-13 04:29:24,1747,8273.97,43,69,2846,2846.72,100,ok,0,0,0,0.00,0,0,0,0,0,N/A
2025-10-13 04:29:30,1855,8282.86,56,69,2846,2846.72,100,ok,0,0,0,0.00,0,0,0,0,0,N/A
2025-10-13 04:29:34,1855,8282.86,56,69,2846,2846.72,100,ok,0,0,0,0.00,0,0,0,0,0,N/A
2025-10-13 04:29:39,1967,8282.89,70,69,2846,2846.72,100,ok,0,0,0,0.00,0,0,0,0,0,N/A
2025-10-13 04:29:43,1967,8282.89,70,69,2846,2846.72,100,ok,0,0,0,0.00,0,0,0,0,0,N/A
2025-10-13 04:29:49,1903,8292.05,68,69,2846,2846.72,100,ok,0,0,0,0.00,0,0,0,0,0,N/A
2025-10-13 04:29:53,1903,8292.05,68,69,2846,2846.72,100,ok,0,0,0,0.00,0,0,0,0,0,N/A
2025-10-13 04:30:00,2033,8299.64,49,69,2846,2846.72,100,ok,0,0,0,0.00,0,0,0,0,0,N/A
2025-10-13 04:30:05,2033,8299.64,49,69,2846,2846.72,100,ok,0,0,0,0.00,0,0,0,0,0,N/A
2025-10-13 04:30:09,2014,8298.88,84,69,2846,2846.72,100,ok,0,0,0,0.00,0,0,0,0,0,N/A
2025-10-13 04:30:14,2014,8298.88,84,69,2846,2846.72,100,ok,0,0,0,0.00,0,0,0,0,0,N/A
2025-10-13 04:30:19,1951,8298.06,51,69,2846,2846.72,100,ok,0,0,0,0.00,0,0,0,0,0,N/A
2025-10-13 04:30:23,1951,8298.06,51,69,2846,2846.72,100,ok,0,0,0,0.00,0,0,0,0,0,N/A
2025-10-13 04:30:29,2019,8300.94,47,70,2846,2846.72,100,ok,0,0,0,0.00,0,0,0,0,0,N/A
2025-10-13 04:30:33,2019,8300.94,47,70,2846,2846.72,100,ok,0,0,0,0.00,0,0,0,0,0,N/A
2025-10-13 04:30:39,1954,8301.73,67,70,2846,2846.72,100,ok,0,0,0,0.00,0,0,0,0,0,N/A
2025-10-13 04:30:43,1954,8301.73,67,70,2846,2846.72,100,ok,0,0,0,0.00,0,0,0,0,0,N/A
2025-10-13 04:30:49,2055,8306.25,49,70,2846,2846.72,100,ok,0,0,0,0.00,0,0,0,0,0,N/A
2025-10-13 04:30:53,2055,8306.25,49,70,2846,2846.72,100,ok,0,0,0,0.00,0,0,0,0,0,N/A
2025-10-13 04:30:59,1805,8316.08,39,70,2846,2846.72,100,ok,0,0,0,0.00,0,0,0,0,0,N/A
2025-10-13 04:31:04,1805,8316.08,39,70,2846,2846.72,100,ok,0,0,0,0.00,0,0,0,0,0,N/A
2025-10-13 04:31:09,1951,8314.79,57,70,2846,2846.72,100,ok,0,0,0,0.00,0,0,0,0,0,N/A
2025-10-13 04:31:14,1951,8314.79,57,70,2846,2846.72,100,ok,0,0,0,0.00,0,0,0,0,0,N/A
2025-10-13 04:31:19,1899,8316.62,65,70,2846,2846.72,100,ok,0,0,0,0.00,0,0,0,0,0,N/A
2025-10-13 04:31:23,1899,8316.62,65,70,2846,2846.72,100,ok,0,0,0,0.00,0,0,0,0,0,N/A
2025-10-13 04:31:33,1882,8326.00,59,70,2846,2846.72,100,ok,0,0,0,0.00,0,0,0,0,0,N/A
2025-10-13 04:31:39,1882,8325.30,59,70,2846,2846.72,100,ok,0,0,0,0.00,0,0,0,0,0,N/A
2025-10-13 04:31:44,1912,8325.30,42,70,2846,2846.72,100,ok,0,0,0,0.00,0,0,0,0,0,N/A
2025-10-13 04:31:49,1912,8324.56,46,70,2846,2846.72,100,ok,0,0,0,0.00,0,0,0,0,0,N/A
2025-10-13 04:31:54,1729,8324.56,46,70,2846,2846.72,100,ok,0,0,0,0.00,0,0,0,0,0,N/A
2025-10-13 04:31:59,1729,8327.80,46,70,2846,2846.72,100,ok,0,0,0,0.00,0,0,0,0,0,N/A
2025-10-13 04:32:04,1767,8327.80,52,70,2846,2846.72,100,ok,0,0,0,0.00,0,0,0,0,0,N/A
2025-10-13 04:32:09,1767,8327.56,52,70,2846,2846.72,100,ok,0,0,0,0.00,0,0,0,0,0,N/A
2025-10-13 04:32:13,1596,8327.56,56,70,2846,2846.72,100,ok,0,0,0,0.00,0,0,0,0,0,N/A
2025-10-13 04:32:19,1596,8337.48,56,70,2846,2846.72,100,ok,0,0,0,0.00,0,0,0,0,0,N/A
2025-10-13 04:32:24,1490,8337.48,41,70,2846,2846.72,100,ok,0,0,0,0.00,0,0,0,0,0,N/A
2025-10-13 04:32:29,1490,8340.24,41,70,2846,2846.72,100,ok,0,0,0,0.00,0,0,0,0,0,N/A
2025-10-13 04:32:34,1468,8340.24,49,70,2846,2846.72,100,ok,0,0,0,0.00,0,0,0,0,0,N/A
2025-10-13 04:32:39,1468,8344.71,49,70,2846,2846.72,100,ok,0,0,0,0.00,0,0,0,0,0,N/A
2025-10-13 04:32:44,1445,8344.71,55,70,2846,2846.72,100,ok,0,0,0,0.00,0,0,0,0,0,N/A
2025-10-13 04:32:49,1445,8344.94,55,70,2846,2846.72,100,ok,0,0,0,0.00,0,0,0,0,0,N/A
2025-10-13 04:32:54,1697,8344.94,68,70,2846,2846.72,100,ok,0,0,0,0.00,0,0,0,0,0,N/A
2025-10-13 04:32:59,1697,8344.74,68,70,2846,2846.72,100,ok,0,0,0,0.00,0,0,0,0,0,N/A
2025-10-13 04:33:03,1599,8344.74,79,70,2846,2846.72,100,ok,0,0,0,0.00,0,0,0,0,0,N/A
2025-10-13 04:33:09,1599,8362.39,79,70,2846,2846.72,100,ok,0,0,0,0.00,0,0,0,0,0,N/A
2025-10-13 04:33:14,1668,8362.39,54,71,2846,2846.72,100,ok,0,0,0,0.00,0,0,0,0,0,N/A
2025-10-13 04:33:19,1668,8365.23,54,71,2846,2846.72,100,ok,0,0,0,0.00,0,0,0,0,0,N/A
2025-10-13 04:33:24,1801,8365.23,79,71,2846,2846.72,100,ok,0,0,0,0.00,0,0,0,0,0,N/A
2025-10-13 04:33:30,1801,8366.26,79,71,2846,2846.72,100,ok,0,0,0,0.00,0,0,0,0,0,N/A
2025-10-13 04:33:34,1775,8366.26,40,71,2846,2846.72,100,ok,0,0,0,0.00,0,0,0,0,0,N/A
2025-10-13 04:33:39,1775,8365.80,40,71,2846,2846.72,100,ok,0,0,0,0.00,0,0,0,0,0,N/A
2025-10-13 04:33:43,1723,8365.80,70,71,2846,2846.72,100,ok,0,0,0,0.00,0,0,0,0,0,N/A
2025-10-13 04:33:50,1723,8376.22,70,71,2846,2846.72,100,ok,0,0,0,0.00,0,0,0,0,0,N/A
2025-10-13 04:33:54,1679,8376.22,47,71,2846,2846.72,100,ok,0,0,0,0.00,0,0,0,0,0,N/A
2025-10-13 04:33:59,1679,8375.70,47,71,2846,2846.72,100,ok,0,0,0,0.00,0,0,0,0,0,N/A
2025-10-13 04:34:04,1748,8375.70,69,71,2846,2846.72,100,ok,0,0,0,0.00,0,0,0,0,0,N/A
2025-10-13 04:34:09,1748,8380.95,69,71,2846,2846.72,100,ok,0,0,0,0.00,0,0,0,0,0,N/A
2025-10-13 04:34:13,1776,8380.95,74,71,2846,2846.72,100,ok,0,0,0,0.00,0,0,0,0,0,N/A
2025-10-13 04:34:20,1776,8380.31,74,71,2846,2846.72,100,ok,0,0,0,0.00,0,0,0,0,0,N/A
2025-10-13 04:34:24,1640,8380.31,79,71,2846,2846.72,100,ok,0,0,0,0.00,0,0,0,0,0,N/A
2025-10-13 04:34:29,1640,8379.37,79,71,2846,2846.72,100,ok,0,0,0,0.00,0,0,0,0,0,N/A
2025-10-13 04:34:33,1640,8379.37,79,71,2846,2846.72,100,ok,0,0,0,0.00,0,0,0,0,0,N/A
2025-10-13 04:34:40,1609,8385.98,85,71,2846,2846.72,100,ok,0,0,0,0.00,0,0,0,0,0,N/A
2025-10-13 04:34:44,1539,8385.98,71,71,2846,2846.72,100,ok,0,0,0,0.00,0,0,0,0,0,N/A
2025-10-13 04:34:50,1539,8394.28,71,71,2846,2846.72,100,ok,0,0,0,0.00,0,0,0,0,0,N/A
2025-10-13 04:34:54,1539,8394.28,71,71,2846,2846.72,100,ok,0,0,0,0.00,0,0,0,0,0,N/A
2025-10-13 04:34:59,1580,8395.49,41,71,2846,2846.72,100,ok,0,0,0,0.00,0,0,0,0,0,N/A
2025-10-13 04:35:04,1580,8395.49,41,71,2846,2846.72,100,ok,0,0,0,0.00,0,0,0,0,0,N/A
2025-10-13 04:35:09,1636,8394.10,82,71,2846,2846.72,100,ok,0,0,0,0.00,0,0,0,0,0,N/A
2025-10-13 04:35:13,1636,8394.10,82,71,2846,2846.72,100,ok,0,0,0,0.00,0,0,0,0,0,N/A
2025-10-13 04:35:20,1737,8402.53,41,71,2846,2846.72,100,ok,0,0,0,0.00,0,0,0,0,0,N/A
2025-10-13 04:35:24,1737,8402.53,44,71,2846,2846.72,100,ok,0,0,0,0.00,0,0,0,0,0,N/A
2025-10-13 04:35:30,1753,8402.96,44,71,2846,2846.72,100,ok,0,0,0,0.00,0,0,0,0,0,N/A
2025-10-13 04:35:34,1753,8402.96,44,71,2846,2846.72,100,ok,0,0,0,0.00,0,0,0,0,0,N/A
2025-10-13 04:35:40,1795,8402.43,44,71,2846,2846.72,100,ok,0,0,0,0.00,0,0,0,0,0,N/A
2025-10-13 04:35:44,1795,8402.43,44,71,2846,2846.72,100,ok,0,0,0,0.00,0,0,0,0,0,N/A
2025-10-13 04:35:50,1887,8413.28,43,72,2846,2846.72,100,ok,0,0,0,0.00,0,0,0,0,0,N/A
2025-10-13 04:35:57,1887,8413.60,43,72,2846,2846.72,100,ok,0,0,0,0.00,0,0,0,0,0,N/A
2025-10-13 04:36:02,1826,8413.60,64,72,2846,2846.72,100,ok,0,0,0,0.00,0,0,0,0,0,N/A
2025-10-13 04:36:09,1826,8413.34,64,72,2846,2846.72,100,ok,0,0,0,0.00,0,0,0,0,0,N/A
2025-10-13 04:36:13,1847,8413.34,43,72,2846,2846.72,100,ok,0,0,0,0.00,0,0,0,0,0,N/A
2025-10-13 04:36:19,1847,8416.95,77,72,2846,2846.72,100,ok,0,0,0,0.00,0,0,0,0,0,N/A
2025-10-13 04:36:23,1866,8416.95,77,72,2846,2846.72,100,ok,0,0,0,0.00,0,0,0,0,0,N/A
2025-10-13 04:36:34,1871,8418.52,38,72,2846,2846.72,100,ok,0,0,0,0.00,0,0,0,0,0,N/A
2025-10-13 04:36:39,1871,8428.92,38,72,2846,2846.72,100,ok,0,0,0,0.00,0,0,0,0,0,N/A
2025-10-13 04:36:44,1802,8428.92,61,72,2846,2846.72,100,ok,0,0,0,0.00,0,0,0,0,0,N/A
2025-10-13 04:36:50,1802,8439.13,61,72,2846,2846.72,100,ok,0,0,0,0.00,0,0,0,0,0,N/A
2025-10-13 04:36:54,1708,8439.13,61,72,2846,2846.72,100,ok,0,0,0,0.00,0,0,0,0,0,N/A
2025-10-13 04:36:59,1708,8438.06,61,72,2846,2846.72,100,ok,0,0,0,0.00,0,0,0,0,0,N/A
2025-10-13 04:37:04,1800,8438.06,70,72,2846,2846.72,100,ok,0,0,0,0.00,0,0,0,0,0,N/A
2025-10-13 04:37:09,1800,8437.42,70,72,2846,2846.72,100,ok,0,0,0,0.00,0,0,0,0,0,N/A
2025-10-13 04:37:13,1678,8437.42,84,72,2846,2846.72,100,ok,0,0,0,0.00,0,0,0,0,0,N/A
2025-10-13 04:37:19,1678,8436.84,84,72,2846,2846.72,100,ok,0,0,0,0.00,0,0,0,0,0,N/A
2025-10-13 04:37:24,1659,8436.84,85,72,2846,2846.72,100,ok,0,0,0,0.00,0,0,0,0,0,N/A
2025-10-13 04:37:29,1659,8436.65,85,72,2846,2846.72,100,ok,0,0,0,0.00,0,0,0,0,0,N/A
2025-10-13 04:37:33,1660,8436.65,47,72,2846,2846.72,100,ok,0,0,0,0.00,0,0,0,0,0,N/A
2025-10-13 04:37:40,1660,8437.08,47,72,2846,2846.72,100,ok,0,0,0,0.00,0,0,0,0,0,N/A
2025-10-13 04:37:44,1616,8437.08,78,72,2846,2846.72,100,ok,0,0,0,0.00,0,0,0,0,0,N/A
2025-10-13 04:37:49,1616,8440.73,78,72,2846,2846.72,100,ok,0,0,0,0.00,0,0,0,0,0,N/A
2025-10-13 04:37:53,1696,8440.73,57,72,2846,2846.72,100,ok,0,0,0,0.00,0,0,0,0,0,N/A
2025-10-13 04:38:00,1696,8450.46,57,72,2846,2846.72,100,ok,0,0,0,0.00,0,0,0,0,0,N/A
2025-10-13 04:38:05,1696,8450.46,44,73,2846,2846.72,100,ok,0,0,0,0.00,0,0,0,0,0,N/A
2025-10-13 04:38:10,1727,8459.11,44,73,2846,2846.72,100,ok,0,0,0,0.00,0,0,0,0,0,N/A
2025-10-13 04:38:14,1727,8459.11,44,73,2846,2846.72,100,ok,0,0,0,0.00,0,0,0,0,0,N/A
2025-10-13 04:38:19,1683,8459.85,52,73,2846,2846.72,100,ok,0,0,0,0.00,0,0,0,0,0,N/A
2025-10-13 04:38:24,1683,8459.85,52,73,2846,2846.72,100,ok,0,0,0,0.00,0,0,0,0,0,N/A
2025-10-13 04:38:30,1817,8459.16,37,73,2846,2846.72,100,ok,0,0,0,0.00,0,0,0,0,0,N/A
2025-10-13 04:38:34,1817,8459.16,37,73,2846,2846.72,100,ok,0,0,0,0.00,0,0,0,0,0,N/A
2025-10-13 04:38:40,1944,8471.53,42,73,2846,2846.72,100,ok,0,0,0,0.00,0,0,0,0,0,N/A
2025-10-13 04:38:44,1944,8471.53,42,73,2846,2846.72,100,ok,0,0,0,0.00,0,0,0,0,0,N/A
2025-10-13 04:38:54,2015,8473.16,40,73,2846,2846.72,100,ok,0,0,0,0.00,0,0,0,0,0,N/A
2025-10-13 04:39:00,1836,8471.90,62,73,2846,2846.72,100,ok,0,0,0,0.00,0,0,0,0,0,N/A
2025-10-13 04:39:04,1836,8471.90,62,73,2846,2846.72,100,ok,0,0,0,0.00,0,0,0,0,0,N/A
2025-10-13 04:39:09,1814,8470.71,40,73,2846,2846.72,100,ok,0,0,0,0.00,0,0,0,0,0,N/A
2025-10-13 04:39:14,1814,8470.71,40,73,2846,2846.72,100,ok,0,0,0,0.00,0,0,0,0,0,N/A
2025-10-13 04:39:20,1760,8477.54,69,73,2846,2846.72,100,ok,0,0,0,0.00,0,0,0,0,0,N/A
2025-10-13 04:39:25,1760,8477.54,69,73,2846,2846.72,100,ok,0,0,0,0.00,0,0,0,0,0,N/A
2025-10-13 04:39:30,1548,8488.39,49,73,2846,2846.72,100,ok,0,0,0,0.00,0,0,0,0,0,N/A
2025-10-13 04:39:34,1548,8488.39,49,73,2846,2846.72,100,ok,0,0,0,0.00,0,0,0,0,0,N/A
2025-10-13 04:39:39,1528,8488.09,79,73,2846,2846.72,100,ok,0,0,0,0.00,0,0,0,0,0,N/A
2025-10-13 04:39:44,1528,8488.09,79,73,2846,2846.72,100,ok,0,0,0,0.00,0,0,0,0,0,N/A
2025-10-13 04:39:50,1447,8488.13,41,73,2846,2846.72,100,ok,0,0,0,0.00,0,0,0,0,0,N/A
2025-10-13 04:39:54,1447,8488.13,41,73,2846,2846.72,100,ok,0,0,0,0.00,0,0,0,0,0,N/A
2025-10-13 04:40:00,1663,8494.01,87,73,2846,2846.72,100,ok,0,0,0,0.00,0,0,0,0,0,N/A
2025-10-13 04:40:04,1663,8494.01,87,73,2846,2846.72,100,ok,0,0,0,0.00,0,0,0,0,0,N/A
2025-10-13 04:40:10,1645,8494.41,39,73,2846,2846.72,100,ok,0,0,0,0.00,0,0,0,0,0,N/A
2025-10-13 04:40:14,1645,8494.41,39,73,2846,2846.72,100,ok,0,0,0,0.00,0,0,0,0,0,N/A
2025-10-13 04:40:20,1662,8495.29,49,73,2846,2846.72,100,ok,0,0,0,0.00,0,0,0,0,0,N/A
2025-10-13 04:40:24,1662,8495.29,49,73,2846,2846.72,100,ok,0,0,0,0.00,0,0,0,0,0,N/A
2025-10-13 04:40:31,1765,8499.25,76,73,2846,2846.72,100,ok,0,0,0,0.00,0,0,0,0,0,N/A
2025-10-13 04:40:35,1765,8499.25,76,73,2846,2846.72,100,ok,0,0,0,0.00,0,0,0,0,0,N/A
2025-10-13 04:40:40,1671,8498.39,48,73,2846,2846.72,100,ok,0,0,0,0.00,0,0,0,0,0,N/A
2025-10-13 04:40:44,1671,8498.39,48,73,2846,2846.72,100,ok,0,0,0,0.00,0,0,0,0,0,N/A
2025-10-13 04:40:50,1671,8504.35,70,73,2846,2846.72,100,ok,0,0,0,0.00,0,0,0,0,0,N/A
2025-10-13 04:40:54,1662,8504.35,70,73,2846,2846.72,100,ok,0,0,0,0.00,0,0,0,0,0,N/A
2025-10-13 04:41:00,1662,8504.11,66,73,2846,2846.72,100,ok,0,0,0,0.00,0,0,0,0,0,N/A
2025-10-13 04:41:04,1585,8504.11,66,73,2846,2846.72,100,ok,0,0,0,0.00,0,0,0,0,0,N/A
2025-10-13 04:41:09,1585,8510.84,66,73,2846,2846.72,100,ok,0,0,0,0.00,0,0,0,0,0,N/A
2025-10-13 04:41:14,1600,8510.84,88,73,2846,2846.72,100,ok,0,0,0,0.00,0,0,0,0,0,N/A
2025-10-13 04:41:20,1600,8512.55,88,73,2846,2846.72,100,ok,0,0,0,0.00,0,0,0,0,0,N/A
2025-10-13 04:41:24,1565,8512.55,60,74,2846,2846.72,100,ok,0,0,0,0.00,0,0,0,0,0,N/A
2025-10-13 04:41:34,1616,8518.23,56,74,2846,2846.72,100,ok,0,0,0,0.00,0,0,0,0,0,N/A
2025-10-13 04:41:39,1616,8517.61,56,74,2846,2846.72,100,ok,0,0,0,0.00,0,0,0,0,0,N/A
2025-10-13 04:41:44,1634,8517.61,69,74,2846,2846.72,100,ok,0,0,0,0.00,0,0,0,0,0,N/A
2025-10-13 04:41:50,1634,8528.72,69,74,2846,2846.72,100,ok,0,0,0,0.00,0,0,0,0,0,N/A
2025-10-13 04:41:54,1661,8528.72,59,74,2846,2846.72,100,ok,0,0,0,0.00,0,0,0,0,0,N/A
2025-10-13 04:42:00,1661,8529.40,59,74,2846,2846.72,100,ok,0,0,0,0.00,0,0,0,0,0,N/A
2025-10-13 04:42:04,1770,8529.40,82,74,2846,2846.72,100,ok,0,0,0,0.00,0,0,0,0,0,N/A
2025-10-13 04:42:09,1770,8528.27,82,74,2846,2846.72,100,ok,0,0,0,0.00,0,0,0,0,0,N/A
2025-10-13 04:42:14,1733,8528.27,41,74,2846,2846.72,100,ok,0,0,0,0.00,0,0,0,0,0,N/A
2025-10-13 04:42:19,1733,8527.31,41,74,2846,2846.72,100,ok,0,0,0,0.00,0,0,0,0,0,N/A
2025-10-13 04:42:24,1750,8527.31,46,74,2846,2846.72,100,ok,0,0,0,0.00,0,0,0,0,0,N/A
2025-10-13 04:42:30,1750,8532.44,46,74,2846,2846.72,100,ok,0,0,0,0.00,0,0,0,0,0,N/A
2025-10-13 04:42:34,1555,8532.44,69,74,2846,2846.72,100,ok,0,0,0,0.00,0,0,0,0,0,N/A
2025-10-13 04:42:40,1555,8535.98,69,74,2846,2846.72,100,ok,0,0,0,0.00,0,0,0,0,0,N/A
2025-10-13 04:42:44,1657,8535.98,68,74,2846,2846.72,100,ok,0,0,0,0.00,0,0,0,0,0,N/A
2025-10-13 04:42:49,1657,8534.49,68,74,2846,2846.72,100,ok,0,0,0,0.00,0,0,0,0,0,N/A
2025-10-13 04:42:53,1604,8534.49,41,74,2846,2846.72,100,ok,0,0,0,0.00,0,0,0,0,0,N/A
2025-10-13 04:42:59,1604,8538.47,41,74,2846,2846.72,100,ok,0,0,0,0.00,0,0,0,0,0,N/A
2025-10-13 04:43:03,1656,8538.47,39,74,2846,2846.72,100,ok,0,0,0,0.00,0,0,0,0,0,N/A
2025-10-13 04:43:10,1656,8549.77,39,74,2846,2846.72,100,ok,0,0,0,0.00,0,0,0,0,0,N/A
2025-10-13 04:43:14,1587,8549.77,78,74,2846,2846.72,100,ok,0,0,0,0.00,0,0,0,0,0,N/A
2025-10-13 04:43:20,1587,8562.96,78,74,2846,2846.72,100,ok,0,0,0,0.00,0,0,0,0,0,N/A
2025-10-13 04:43:24,1587,8562.96,78,74,2846,2846.72,100,ok,0,0,0,0.00,0,0,0,0,0,N/A
2025-10-13 04:43:29,1770,8562.19,86,74,2846,2846.72,100,ok,0,0,0,0.00,0,0,0,0,0,N/A
2025-10-13 04:43:34,1770,8562.19,86,74,2846,2846.72,100,ok,0,0,0,0.00,0,0,0,0,0,N/A
2025-10-13 04:43:40,1767,8561.33,60,74,2846,2846.72,100,ok,0,0,0,0.00,0,0,0,0,0,N/A
2025-10-13 04:43:44,1767,8561.33,60,74,2846,2846.72,100,ok,0,0,0,0.00,0,0,0,0,0,N/A
2025-10-13 04:43:50,1889,8565.78,80,74,2846,2846.72,100,ok,0,0,0,0.00,0,0,0,0,0,N/A
2025-10-13 04:43:54,1889,8565.78,80,74,2846,2846.72,100,ok,0,0,0,0.00,0,0,0,0,0,N/A
2025-10-13 04:44:00,1947,8564.15,62,74,2846,2846.72,100,ok,0,0,0,0.00,0,0,0,0,0,N/A
2025-10-13 04:44:04,1947,8564.15,62,74,2846,2846.72,100,ok,0,0,0,0.00,0,0,0,0,0,N/A
2025-10-13 04:44:10,1900,8571.50,46,74,2846,2846.72,100,ok,0,0,0,0.00,0,0,0,0,0,N/A
2025-10-13 04:44:14,1900,8571.50,46,74,2846,2846.72,100,ok,0,0,0,0.00,0,0,0,0,0,N/A
2025-10-13 04:44:19,2036,8570.81,39,75,2846,2846.72,100,ok,0,0,0,0.00,0,0,0,0,0,N/A
2025-10-13 04:44:24,2036,8570.81,39,75,2846,2846.72,100,ok,0,0,0,0.00,0,0,0,0,0,N/A
2025-10-13 04:44:30,2018,8572.87,67,75,2846,2846.72,100,ok,0,0,0,0.00,0,0,0,0,0,N/A
2025-10-13 04:44:34,2018,8572.87,67,75,2846,2846.72,100,ok,0,0,0,0.00,0,0,0,0,0,N/A
2025-10-13 04:44:40,1962,8583.37,75,75,2846,2846.72,100,ok,0,0,0,0.00,0,0,0,0,0,N/A
2025-10-13 04:44:44,1962,8583.37,75,75,2846,2846.72,100,ok,0,0,0,0.00,0,0,0,0,0,N/A
2025-10-13 04:44:50,1811,8587.72,89,75,2846,2846.72,100,ok,0,0,0,0.00,0,0,0,0,0,N/A
2025-10-13 04:44:54,1811,8587.72,89,75,2846,2846.72,100,ok,0,0,0,0.00,0,0,0,0,0,N/A
2025-10-13 04:44:59,1899,8586.49,86,75,2846,2846.72,100,ok,0,0,0,0.00,0,0,0,0,0,N/A
2025-10-13 04:45:04,1899,8586.49,86,75,2846,2846.72,100,ok,0,0,0,0.00,0,0,0,0,0,N/A
2025-10-13 04:45:10,1906,8589.66,65,75,2846,2846.72,100,ok,0,0,0,0.00,0,0,0,0,0,N/A
2025-10-13 04:45:14,1906,8589.66,65,75,2846,2846.72,100,ok,0,0,0,0.00,0,0,0,0,0,N/A
2025-10-13 04:45:20,1772,8600.47,44,75,2846,2846.72,100,ok,0,0,0,0.00,0,0,0,0,0,N/A
2025-10-13 04:45:24,1772,8600.47,44,75,2846,2846.72,100,ok,0,0,0,0.00,0,0,0,0,0,N/A
2025-10-13 04:45:30,1930,8599.98,79,75,2846,2846.72,100,ok,0,0,0,0.00,0,0,0,0,0,N/A
2025-10-13 04:45:34,1930,8599.98,79,75,2846,2846.72,100,ok,0,0,0,0.00,0,0,0,0,0,N/A
2025-10-13 04:45:40,1913,8600.76,83,75,2846,2846.72,100,ok,0,0,0,0.00,0,0,0,0,0,N/A
2025-10-13 04:45:44,1913,8600.76,83,75,2846,2846.72,100,ok,0,0,0,0.00,0,0,0,0,0,N/A
2025-10-13 04:45:49,1982,8602.14,60,75,2846,2846.72,100,ok,0,0,0,0.00,0,0,0,0,0,N/A
2025-10-13 04:45:54,1982,8602.14,60,75,2846,2846.72,100,ok,0,0,0,0.00,0,0,0,0,0,N/A
2025-10-13 04:46:00,1896,8612.84,41,75,2846,2846.72,100,ok,0,0,0,0.00,0,0,0,0,0,N/A
2025-10-13 04:46:04,1896,8612.84,41,75,2846,2846.72,100,ok,0,0,0,0.00,0,0,0,0,0,N/A
2025-10-13 04:46:09,1896,8611.86,75,75,2846,2846.72,100,ok,0,0,0,0.00,0,0,0,0,0,N/A
2025-10-13 04:46:13,1869,8611.86,75,75,2846,2846.72,100,ok,0,0,0,0.00,0,0,0,0,0,N/A
2025-10-13 04:46:20,1869,8615.16,75,75,2846,2846.72,100,ok,0,0,0,0.00,0,0,0,0,0,N/A
2025-10-13 04:46:24,1968,8615.16,83,75,2846,2846.72,100,ok,0,0,0,0.00,0,0,0,0,0,N/A
2025-10-13 04:46:34,1776,8620.22,57,75,2846,2846.72,100,ok,0,0,0,0.00,0,0,0,0,0,N/A
2025-10-13 04:46:38,1776,8619.27,57,75,2846,2846.72,100,ok,0,0,0,0.00,0,0,0,0,0,N/A
2025-10-13 04:46:42,1776,8619.27,57,75,2846,2846.72,100,ok,0,0,0,0.00,0,0,0,0,0,N/A
2025-10-13 04:46:48,1789,8619.62,48,75,2846,2846.72,100,ok,0,0,0,0.00,0,0,0,0,0,N/A
2025-10-13 04:46:53,1789,8619.62,48,75,2846,2846.72,100,ok,0,0,0,0.00,0,0,0,0,0,N/A
2025-10-13 04:46:59,1666,8626.78,58,76,2846,2846.72,100,ok,0,0,0,0.00,0,0,0,0,0,N/A
2025-10-13 04:47:04,1653,8626.78,84,76,2846,2846.72,100,ok,0,0,0,0.00,0,0,0,0,0,N/A
2025-10-13 04:47:09,1653,8629.27,84,76,2846,2846.72,100,ok,0,0,0,0.00,0,0,0,0,0,N/A
2025-10-13 04:47:13,1653,8629.27,49,76,2846,2846.72,100,ok,0,0,0,0.00,0,0,0,0,0,N/A
2025-10-13 04:47:20,1651,8640.21,49,76,2846,2846.72,100,ok,0,0,0,0.00,0,0,0,0,0,N/A
2025-10-13 04:47:25,1674,8640.21,72,76,2846,2846.72,100,ok,0,0,0,0.00,0,0,0,0,0,N/A
2025-10-13 04:47:30,1674,8646.13,72,76,2846,2846.72,100,ok,0,0,0,0.00,0,0,0,0,0,N/A
2025-10-13 04:47:35,1674,8646.13,72,76,2846,2846.72,100,ok,0,0,0,0.00,0,0,0,0,0,N/A
2025-10-13 04:47:40,1745,8644.94,85,76,2846,2846.72,100,ok,0,0,0,0.00,0,0,0,0,0,N/A
2025-10-13 04:47:44,1745,8644.94,85,76,2846,2846.72,100,ok,0,0,0,0.00,0,0,0,0,0,N/A
2025-10-13 04:47:49,1766,8644.15,58,76,2846,2846.72,100,ok,0,0,0,0.00,0,0,0,0,0,N/A
2025-10-13 04:47:54,1766,8644.15,58,76,2846,2846.72,100,ok,0,0,0,0.00,0,0,0,0,0,N/A
2025-10-13 04:48:00,1860,8645.16,70,76,2846,2846.72,100,ok,0,0,0,0.00,0,0,0,0,0,N/A
2025-10-13 04:48:04,1860,8645.16,70,76,2846,2846.72,100,ok,0,0,0,0.00,0,0,0,0,0,N/A
2025-10-13 04:48:10,1821,8650.97,65,76,2846,2846.72,100,ok,0,0,0,0.00,0,0,0,0,0,N/A
2025-10-13 04:48:14,1821,8650.97,65,76,2846,2846.72,100,ok,0,0,0,0.00,0,0,0,0,0,N/A
2025-10-13 04:48:19,1767,8651.70,67,76,2846,2846.72,100,ok,0,0,0,0.00,0,0,0,0,0,N/A
2025-10-13 04:48:23,1767,8651.70,67,76,2846,2846.72,100,ok,0,0,0,0.00,0,0,0,0,0,N/A
2025-10-13 04:48:30,1822,8661.67,77,76,2846,2846.72,100,ok,0,0,0,0.00,0,0,0,0,0,N/A
2025-10-13 04:48:34,1822,8661.67,77,76,2846,2846.72,100,ok,0,0,0,0.00,0,0,0,0,0,N/A
2025-10-13 04:48:39,1922,8660.82,56,76,2846,2846.72,100,ok,0,0,0,0.00,0,0,0,0,0,N/A
2025-10-13 04:48:44,1922,8660.82,56,76,2846,2846.72,100,ok,0,0,0,0.00,0,0,0,0,0,N/A
2025-10-13 04:48:50,1886,8670.37,44,76,2846,2846.72,100,ok,0,0,0,0.00,0,0,0,0,0,N/A
2025-10-13 04:48:54,1886,8670.37,44,76,2846,2846.72,100,ok,0,0,0,0.00,0,0,0,0,0,N/A
2025-10-13 04:48:59,2011,8674.86,69,76,2846,2846.72,100,ok,0,0,0,0.00,0,0,0,0,0,N/A
2025-10-13 04:49:04,2011,8674.86,69,76,2846,2846.72,100,ok,0,0,0,0.00,0,0,0,0,0,N/A
2025-10-13 04:49:09,2022,8685.69,44,76,2846,2846.72,100,ok,0,0,0,0.00,0,0,0,0,0,N/A
2025-10-13 04:49:14,2022,8685.69,44,76,2846,2846.72,100,ok,0,0,0,0.00,0,0,0,0,0,N/A
2025-10-13 04:49:20,2103,8686.21,75,76,2846,2846.72,100,ok,0,0,0,0.00,0,0,0,0,0,N/A
2025-10-13 04:49:24,2103,8686.21,75,76,2846,2846.72,100,ok,0,0,0,0.00,0,0,0,0,0,N/A
2025-10-13 04:49:29,1994,8686.04,47,77,2846,2846.72,100,ok,0,0,0,0.00,0,0,0,0,0,N/A
2025-10-13 04:49:34,1994,8686.04,47,77,2846,2846.72,100,ok,0,0,0,0.00,0,0,0,0,0,N/A
2025-10-13 04:49:39,1961,8684.59,51,77,2846,2846.72,100,ok,0,0,0,0.00,0,0,0,0,0,N/A
2025-10-13 04:49:44,1961,8684.59,51,77,2846,2846.72,100,ok,0,0,0,0.00,0,0,0,0,0,N/A
2025-10-13 04:49:50,1965,8688.35,39,77,2846,2846.72,100,ok,0,0,0,0.00,0,0,0,0,0,N/A
2025-10-13 04:49:54,1965,8688.35,39,77,2846,2846.72,100,ok,0,0,0,0.00,0,0,0,0,0,N/A
2025-10-13 04:50:00,1896,8695.94,63,77,2846,2846.72,100,ok,0,0,0,0.00,0,0,0,0,0,N/A
2025-10-13 04:50:04,1896,8695.94,63,77,2846,2846.72,100,ok,0,0,0,0.00,0,0,0,0,0,N/A
2025-10-13 04:50:10,1934,8695.57,40,77,2846,2846.72,100,ok,0,0,0,0.00,0,0,0,0,0,N/A
2025-10-13 04:50:14,1934,8695.57,40,77,2846,2846.72,100,ok,0,0,0,0.00,0,0,0,0,0,N/A
2025-10-13 04:50:20,1834,8696.76,69,77,2846,2846.72,100,ok,0,0,0,0.00,0,0,0,0,0,N/A
2025-10-13 04:50:25,1834,8696.76,69,77,2846,2846.72,100,ok,0,0,0,0.00,0,0,0,0,0,N/A
2025-10-13 04:50:29,1903,8698.59,49,77,2846,2846.72,100,ok,0,0,0,0.00,0,0,0,0,0,N/A
2025-10-13 04:50:34,1903,8698.59,49,77,2846,2846.72,100,ok,0,0,0,0.00,0,0,0,0,0,N/A
2025-10-13 04:50:39,1711,8698.30,88,77,2846,2846.72,100,ok,0,0,0,0.00,0,0,0,0,0,N/A
2025-10-13 04:50:44,1711,8698.30,88,77,2846,2846.72,100,ok,0,0,0,0.00,0,0,0,0,0,N/A
2025-10-13 04:50:50,1709,8715.09,70,77,2846,2846.72,100,ok,0,0,0,0.00,0,0,0,0,0,N/A
2025-10-13 04:50:54,1709,8715.09,70,77,2846,2846.72,100,ok,0,0,0,0.00,0,0,0,0,0,N/A
2025-10-13 04:51:00,1571,8715.34,62,77,2846,2846.72,100,ok,0,0,0,0.00,0,0,0,0,0,N/A
2025-10-13 04:51:04,1571,8715.34,62,77,2846,2846.72,100,ok,0,0,0,0.00,0,0,0,0,0,N/A
2025-10-13 04:51:09,1571,8714.23,62,77,2846,2846.72,100,ok,0,0,0,0.00,0,0,0,0,0,N/A
2025-10-13 04:51:13,1534,8714.23,69,77,2846,2846.72,100,ok,0,0,0,0.00,0,0,0,0,0,N/A
2025-10-13 04:51:19,1534,8716.44,69,77,2846,2846.72,100,ok,0,0,0,0.00,0,0,0,0,0,N/A
2025-10-13 04:51:24,1683,8716.44,56,77,2846,2846.72,100,ok,0,0,0,0.00,0,0,0,0,0,N/A
2025-10-13 04:51:37,1580,8720.02,82,78,2846,2846.72,100,ok,0,0,0,0.00,0,0,0,0,0,N/A
2025-10-13 04:51:41,1580,8720.02,82,78,2846,2846.72,100,ok,0,0,0,0.00,0,0,0,0,0,N/A
2025-10-13 04:51:47,1643,8721.93,81,78,2846,2846.72,100,ok,0,0,0,0.00,0,0,0,0,0,N/A
2025-10-13 04:51:51,1643,8721.93,81,78,2846,2846.72,100,ok,0,0,0,0.00,0,0,0,0,0,N/A
2025-10-13 04:51:57,1671,8723.79,86,78,2846,2846.72,100,ok,0,0,0,0.00,0,0,0,0,0,N/A
2025-10-13 04:52:02,1671,8723.79,86,78,2846,2846.72,100,ok,0,0,0,0.00,0,0,0,0,0,N/A
2025-10-13 04:52:08,1697,8726.14,40,78,2846,2846.72,100,ok,0,0,0,0.00,0,0,0,0,0,N/A
2025-10-13 04:52:12,1697,8726.14,40,78,2846,2846.72,100,ok,0,0,0,0.00,0,0,0,0,0,N/A
2025-10-13 04:52:19,1627,8726.94,62,78,2846,2846.72,100,ok,0,0,0,0.00,0,0,0,0,0,N/A
2025-10-13 04:52:23,1647,8726.94,45,78,2846,2846.72,100,ok,0,0,0,0.00,0,0,0,0,0,N/A
2025-10-13 04:52:29,1647,8735.64,45,78,2846,2846.72,100,ok,0,0,0,0.00,0,0,0,0,0,N/A
2025-10-13 04:52:34,1706,8735.64,44,78,2846,2846.72,100,ok,0,0,0,0.00,0,0,0,0,0,N/A
2025-10-13 04:52:40,1706,8746.28,44,78,2846,2846.72,100,ok,0,0,0,0.00,0,0,0,0,0,N/A
2025-10-13 04:52:44,1802,8746.28,40,78,2846,2846.72,100,ok,0,0,0,0.00,0,0,0,0,0,N/A
2025-10-13 04:52:49,1802,8744.90,40,78,2846,2846.72,100,ok,0,0,0,0.00,0,0,0,0,0,N/A
2025-10-13 04:52:54,1802,8744.90,40,78,2846,2846.72,100,ok,0,0,0,0.00,0,0,0,0,0,N/A
2025-10-13 04:52:59,1829,8744.81,70,78,2846,2846.72,100,ok,0,0,0,0.00,0,0,0,0,0,N/A
2025-10-13 04:53:03,1829,8744.81,70,78,2846,2846.72,100,ok,0,0,0,0.00,0,0,0,0,0,N/A
2025-10-13 04:53:09,2016,8751.37,64,78,2846,2846.72,100,ok,0,0,0,0.00,0,0,0,0,0,N/A
2025-10-13 04:53:14,2016,8751.37,64,78,2846,2846.72,100,ok,0,0,0,0.00,0,0,0,0,0,N/A
2025-10-13 04:53:19,1902,8750.96,89,78,2846,2846.72,100,ok,0,0,0,0.00,0,0,0,0,0,N/A
2025-10-13 04:53:24,1902,8750.96,89,78,2846,2846.72,100,ok,0,0,0,0.00,0,0,0,0,0,N/A
2025-10-13 04:53:30,1976,8751.69,42,78,2846,2846.72,100,ok,0,0,0,0.00,0,0,0,0,0,N/A
2025-10-13 04:53:34,1976,8751.69,51,78,2846,2846.72,100,ok,0,0,0,0.00,0,0,0,0,0,N/A
2025-10-13 04:53:40,1854,8758.56,51,78,2846,2846.72,100,ok,0,0,0,0.00,0,0,0,0,0,N/A
2025-10-13 04:53:44,1854,8758.56,51,78,2846,2846.72,100,ok,0,0,0,0.00,0,0,0,0,0,N/A
2025-10-13 04:53:50,1855,8759.29,47,78,2846,2846.72,100,ok,0,0,0,0.00,0,0,0,0,0,N/A
2025-10-13 04:53:56,1855,8764.04,47,78,2846,2846.72,100,ok,0,0,0,0.00,0,0,0,0,0,N/A
2025-10-13 04:54:00,1927,8764.04,49,78,2846,2846.72,100,ok,0,0,0,0.00,0,0,0,0,0,N/A
2025-10-13 04:54:04,1927,8764.04,49,78,2846,2846.72,100,ok,0,0,0,0.00,0,0,0,0,0,N/A
2025-10-13 04:54:09,1813,8764.04,81,78,2846,2846.72,100,ok,0,0,0,0.00,0,0,0,0,0,N/A
2025-10-13 04:54:14,1813,8764.04,81,78,2846,2846.72,100,ok,0,0,0,0.00,0,0,0,0,0,N/A
2025-10-13 04:54:19,1896,8776.06,83,79,2846,2846.72,100,ok,0,0,0,0.00,0,0,0,0,0,N/A
2025-10-13 04:54:24,1896,8776.06,83,79,2846,2846.72,100,ok,0,0,0,0.00,0,0,0,0,0,N/A
2025-10-13 04:54:35,1786,8776.80,57,79,2846,2846.72,100,ok,0,0,0,0.00,0,0,0,0,0,N/A
2025-10-13 04:54:39,1714,8775.66,69,79,2846,2846.72,100,ok,0,0,0,0.00,0,0,0,0,0,N/A
2025-10-13 04:54:43,1714,8775.66,69,79,2846,2846.72,100,ok,0,0,0,0.00,0,0,0,0,0,N/A
2025-10-13 04:54:50,1742,8776.19,65,79,2846,2846.72,100,ok,0,0,0,0.00,0,0,0,0,0,N/A
2025-10-13 04:54:55,1742,8776.19,65,79,2846,2846.72,100,ok,0,0,0,0.00,0,0,0,0,0,N/A
2025-10-13 04:55:00,1656,8776.65,71,79,2846,2846.72,100,ok,0,0,0,0.00,0,0,0,0,0,N/A
2025-10-13 04:55:05,1656,8776.65,71,79,2846,2846.72,100,ok,0,0,0,0.00,0,0,0,0,0,N/A
2025-10-13 04:55:10,1625,8789.53,42,79,2846,2846.72,100,ok,0,0,0,0.00,0,0,0,0,0,N/A
2025-10-13 04:55:15,1625,8789.53,42,79,2846,2846.72,100,ok,0,0,0,0.00,0,0,0,0,0,N/A
2025-10-13 04:55:20,1577,8788.01,51,79,2846,2846.72,100,ok,0,0,0,0.00,0,0,0,0,0,N/A
2025-10-13 04:55:24,1577,8788.01,51,79,2846,2846.72,100,ok,0,0,0,0.00,0,0,0,0,0,N/A
2025-10-13 04:55:30,1596,8788.30,75,79,2846,2846.72,100,ok,0,0,0,0.00,0,0,0,0,0,N/A
2025-10-13 04:55:34,1596,8788.30,75,79,2846,2846.72,100,ok,0,0,0,0.00,0,0,0,0,0,N/A
2025-10-13 04:55:40,1747,8791.64,62,79,2846,2846.72,100,ok,0,0,0,0.00,0,0,0,0,0,N/A
2025-10-13 04:55:44,1747,8791.64,62,79,2846,2846.72,100,ok,0,0,0,0.00,0,0,0,0,0,N/A
2025-10-13 04:55:50,1627,8801.48,40,79,2846,2846.72,100,ok,0,0,0,0.00,0,0,0,0,0,N/A
2025-10-13 04:55:54,1627,8801.48,40,79,2846,2846.72,100,ok,0,0,0,0.00,0,0,0,0,0,N/A
2025-10-13 04:56:00,1692,8799.15,73,79,2846,2846.72,100,ok,0,0,0,0.00,0,0,0,0,0,N/A
2025-10-13 04:56:04,1692,8799.15,73,79,2846,2846.72,100,ok,0,0,0,0.00,0,0,0,0,0,N/A
2025-10-13 04:56:09,1692,8798.93,42,79,2846,2846.72,100,ok,0,0,0,0.00,0,0,0,0,0,N/A
2025-10-13 04:56:14,1766,8798.93,42,79,2846,2846.72,100,ok,0,0,0,0.00,0,0,0,0,0,N/A
2025-10-13 04:56:19,1766,8799.92,42,79,2846,2846.72,100,ok,0,0,0,0.00,0,0,0,0,0,N/A
2025-10-13 04:56:23,1765,8799.92,61,79,2846,2846.72,100,ok,0,0,0,0.00,0,0,0,0,0,N/A
2025-10-13 04:56:35,1763,8809.92,55,79,2846,2846.72,100,ok,0,0,0,0.00,0,0,0,0,0,N/A
2025-10-13 04:56:40,1763,8808.68,55,79,2846,2846.72,100,ok,0,0,0,0.00,0,0,0,0,0,N/A
2025-10-13 04:56:44,1742,8808.68,74,79,2846,2846.72,100,ok,0,0,0,0.00,0,0,0,0,0,N/A
2025-10-13 04:56:49,1742,8811.95,74,79,2846,2846.72,100,ok,0,0,0,0.00,0,0,0,0,0,N/A
2025-10-13 04:56:54,1784,8811.95,57,79,2846,2846.72,100,ok,0,0,0,0.00,0,0,0,0,0,N/A
2025-10-13 04:57:00,1784,8820.70,57,79,2846,2846.72,100,ok,0,0,0,0.00,0,0,0,0,0,N/A
2025-10-13 04:57:04,1716,8820.70,64,79,2846,2846.72,100,ok,0,0,0,0.00,0,0,0,0,0,N/A
2025-10-13 04:57:09,1716,8820.64,64,79,2846,2846.72,100,ok,0,0,0,0.00,0,0,0,0,0,N/A
2025-10-13 04:57:14,1808,8820.64,63,79,2846,2846.72,100,ok,0,0,0,0.00,0,0,0,0,0,N/A
2025-10-13 04:57:20,1808,8820.74,63,79,2846,2846.72,100,ok,0,0,0,0.00,0,0,0,0,0,N/A
2025-10-13 04:57:25,1777,8820.74,43,80,2846,2846.72,100,ok,0,0,0,0.00,0,0,0,0,0,N/A
2025-10-13 04:57:29,1777,8819.80,43,80,2846,2846.72,100,ok,0,0,0,0.00,0,0,0,0,0,N/A
2025-10-13 04:57:34,1738,8819.80,79,80,2846,2846.72,100,ok,0,0,0,0.00,0,0,0,0,0,N/A
2025-10-13 04:57:40,1738,8821.58,79,80,2846,2846.72,100,ok,0,0,0,0.00,0,0,0,0,0,N/A
2025-10-13 04:57:44,1710,8821.58,66,80,2846,2846.72,100,ok,0,0,0,0.00,0,0,0,0,0,N/A
2025-10-13 04:57:50,1710,8820.01,66,80,2846,2846.72,100,ok,0,0,0,0.00,0,0,0,0,0,N/A
2025-10-13 04:57:54,1548,8820.01,63,80,2846,2846.72,100,ok,0,0,0,0.00,0,0,0,0,0,N/A
2025-10-13 04:57:59,1548,8820.79,63,80,2846,2846.72,100,ok,0,0,0,0.00,0,0,0,0,0,N/A
2025-10-13 04:58:03,1548,8820.79,59,80,2846,2846.72,100,ok,0,0,0,0.00,0,0,0,0,0,N/A
2025-10-13 04:58:09,1494,8823.89,59,80,2846,2846.72,100,ok,0,0,0,0.00,0,0,0,0,0,N/A
2025-10-13 04:58:13,1494,8823.89,73,80,2846,2846.72,100,ok,0,0,0,0.00,0,0,0,0,0,N/A
2025-10-13 04:58:19,1440,8825.82,73,80,2846,2846.72,100,ok,0,0,0,0.00,0,0,0,0,0,N/A
2025-10-13 04:58:24,1565,8825.82,40,80,2846,2846.72,100,ok,0,0,0,0.00,0,0,0,0,0,N/A
2025-10-13 04:58:29,1565,8824.98,40,80,2846,2846.72,100,ok,0,0,0,0.00,0,0,0,0,0,N/A
2025-10-13 04:58:34,1826,8824.98,55,80,2846,2846.72,100,ok,0,0,0,0.00,0,0,0,0,0,N/A
2025-10-13 04:58:39,1826,8827.80,55,80,2846,2846.72,100,ok,0,0,0,0.00,0,0,0,0,0,N/A
2025-10-13 04:58:43,1826,8827.80,55,80,2846,2846.72,100,ok,0,0,0,0.00,0,0,0,0,0,N/A
2025-10-13 04:58:50,1997,8830.32,75,80,2846,2846.72,100,ok,0,0,0,0.00,0,0,0,0,0,N/A
2025-10-13 04:58:54,1997,8830.32,75,80,2846,2846.72,100,ok,0,0,0,0.00,0,0,0,0,0,N/A
2025-10-13 04:58:59,2183,8831.81,47,80,2846,2846.72,100,ok,0,0,0,0.00,0,0,0,0,0,N/A
2025-10-13 04:59:04,2183,8831.81,47,80,2846,2846.72,100,ok,0,0,0,0.00,0,0,0,0,0,N/A
2025-10-13 04:59:09,2291,8830.21,58,80,2846,2846.72,100,ok,0,0,0,0.00,0,0,0,0,0,N/A
2025-10-13 04:59:13,2291,8830.21,58,80,2846,2846.72,100,ok,0,0,0,0.00,0,0,0,0,0,N/A
2025-10-13 04:59:19,2245,8832.49,46,80,2846,2846.72,100,ok,0,0,0,0.00,0,0,0,0,0,N/A
2025-10-13 04:59:24,2245,8832.49,46,80,2846,2846.72,100,ok,0,0,0,0.00,0,0,0,0,0,N/A
2025-10-13 04:59:29,2363,8835.84,75,80,2846,2846.72,100,ok,0,0,0,0.00,0,0,0,0,0,N/A
2025-10-13 04:59:33,2363,8835.84,75,80,2846,2846.72,100,ok,0,0,0,0.00,0,0,0,0,0,N/A
2025-10-13 04:59:39,2339,8836.31,48,81,2846,2846.72,100,ok,0,0,0,0.00,0,0,0,0,0,N/A
2025-10-13 04:59:43,2339,8836.31,48,81,2846,2846.72,100,ok,0,0,0,0.00,0,0,0,0,0,N/A
2025-10-13 04:59:49,2399,8835.58,70,81,2846,2846.72,100,ok,0,0,0,0.00,0,0,0,0,0,N/A
2025-10-13 04:59:53,2399,8835.58,70,81,2846,2846.72,100,ok,0,0,0,0.00,0,0,0,0,0,N/A
2025-10-13 04:59:59,2329,8837.52,70,81,2846,2846.72,100,ok,0,0,0,0.00,0,0,0,0,0,N/A
2025-10-13 05:00:03,2329,8837.52,70,81,2846,2846.72,100,ok,0,0,0,0.00,0,0,0,0,0,N/A
2025-10-13 05:00:09,2313,8838.79,84,81,2846,2846.72,100,ok,0,0,0,0.00,0,0,0,0,0,N/A
2025-10-13 05:00:13,2313,8838.79,84,81,2846,2846.72,100,ok,0,0,0,0.00,0,0,0,0,0,N/A
2025-10-13 05:00:19,2308,8838.79,87,81,2846,2846.72,100,ok,0,0,0,0.00,0,0,0,0,0,N/A
2025-10-13 05:00:22,2308,8838.79,87,81,2846,2846.72,100,ok,0,0,0,0.00,0,0,0,0,0,N/A
2025-10-13 05:00:28,2236,8837.82,74,81,2846,2846.72,100,ok,0,0,0,0.00,0,0,0,0,0,N/A
2025-10-13 05:00:32,2236,8837.82,74,81,2846,2846.72,100,ok,0,0,0,0.00,0,0,0,0,0,N/A
2025-10-13 05:00:38,2236,8840.89,74,81,2846,2846.72,100,ok,0,0,0,0.00,0,0,0,0,0,N/A
2025-10-13 05:00:42,2208,8840.89,63,81,2846,2846.72,100,ok,0,0,0,0.00,0,0,0,0,0,N/A
2025-10-13 05:00:48,2208,8841.56,62,81,2846,2846.72,100,ok,0,0,0,0.00,0,0,0,0,0,N/A
2025-10-13 05:00:52,2078,8841.56,62,81,2846,2846.72,100,ok,0,0,0,0.00,0,0,0,0,0,N/A
2025-10-13 05:00:58,2078,8844.40,62,81,2846,2846.72,100,ok,0,0,0,0.00,0,0,0,0,0,N/A
2025-10-13 05:01:02,2173,8844.40,68,81,2846,2846.72,100,ok,0,0,0,0.00,0,0,0,0,0,N/A
2025-10-13 05:01:08,2083,8842.14,62,81,2846,2846.72,100,ok,0,0,0,0.00,0,0,0,0,0,N/A
2025-10-13 05:01:13,2083,8842.14,62,81,2846,2846.72,100,ok,0,0,0,0.00,0,0,0,0,0,N/A
2025-10-13 05:01:18,2083,8844.45,62,81,2846,2846.72,100,ok,0,0,0,0.00,0,0,0,0,0,N/A
2025-10-13 05:01:22,2136,8844.45,43,81,2846,2846.72,100,ok,0,0,0,0.00,0,0,0,0,0,N/A
2025-10-13 05:01:34,2120,8845.82,76,81,2846,2846.72,100,ok,0,0,0,0.00,0,0,0,0,0,N/A
2025-10-13 05:01:39,2120,8846.50,89,82,2846,2846.72,100,ok,0,0,0,0.00,0,0,0,0,0,N/A
2025-10-13 05:01:43,2022,8846.50,89,82,2846,2846.72,100,ok,0,0,0,0.00,0,0,0,0,0,N/A
2025-10-13 05:01:49,2022,8846.70,73,82,2846,2846.72,100,ok,0,0,0,0.00,0,0,0,0,0,N/A
2025-10-13 05:01:53,2122,8846.70,73,82,2846,2846.72,100,ok,0,0,0,0.00,0,0,0,0,0,N/A
2025-10-13 05:01:59,2122,8848.86,73,82,2846,2846.72,100,ok,0,0,0,0.00,0,0,0,0,0,N/A
2025-10-13 05:02:03,2115,8848.86,80,82,2846,2846.72,100,ok,0,0,0,0.00,0,0,0,0,0,N/A
2025-10-13 05:02:08,2115,8850.00,80,82,2846,2846.72,100,ok,0,0,0,0.00,0,0,0,0,0,N/A
2025-10-13 05:02:12,2230,8850.00,57,82,2846,2846.72,100,ok,0,0,0,0.00,0,0,0,0,0,N/A
2025-10-13 05:02:18,2230,8849.45,57,82,2846,2846.72,100,ok,0,0,0,0.00,0,0,0,0,0,N/A
2025-10-13 05:02:23,2176,8849.45,82,82,2846,2846.72,100,ok,0,0,0,0.00,0,0,0,0,0,N/A
2025-10-13 05:02:29,2176,8851.22,82,82,2846,2846.72,100,ok,0,0,0,0.00,0,0,0,0,0,N/A
2025-10-13 05:02:33,2212,8851.22,82,82,2846,2846.72,100,ok,0,0,0,0.00,0,0,0,0,0,N/A
2025-10-13 05:02:39,2212,8851.99,82,82,2846,2846.72,100,ok,0,0,0,0.00,0,0,0,0,0,N/A
2025-10-13 05:02:43,2266,8851.99,64,82,2846,2846.72,100,ok,0,0,0,0.00,0,0,0,0,0,N/A
2025-10-13 05:02:49,2266,8855.45,64,82,2846,2846.72,100,ok,0,0,0,0.00,0,0,0,0,0,N/A
2025-10-13 05:02:53,2214,8855.45,43,82,2846,2846.72,100,ok,0,0,0,0.00,0,0,0,0,0,N/A
2025-10-13 05:02:59,2214,8855.09,43,82,2846,2846.72,100,ok,0,0,0,0.00,0,0,0,0,0,N/A
2025-10-13 05:03:03,2188,8855.09,70,82,2846,2846.72,100,ok,0,0,0,0.00,0,0,0,0,0,N/A
2025-10-13 05:03:09,2188,8852.67,70,82,2846,2846.72,100,ok,0,0,0,0.00,0,0,0,0,0,N/A
2025-10-13 05:03:13,2054,8852.67,68,82,2846,2846.72,100,ok,0,0,0,0.00,0,0,0,0,0,N/A
2025-10-13 05:03:18,2054,8854.88,68,82,2846,2846.72,100,ok,0,0,0,0.00,0,0,0,0,0,N/A
2025-10-13 05:03:23,2174,8854.88,65,82,2846,2846.72,100,ok,0,0,0,0.00,0,0,0,0,0,N/A
2025-10-13 05:03:28,2174,8856.30,65,82,2846,2846.72,100,ok,0,0,0,0.00,0,0,0,0,0,N/A
2025-10-13 05:03:32,2064,8856.30,60,82,2846,2846.72,100,ok,0,0,0,0.00,0,0,0,0,0,N/A
2025-10-13 05:03:38,2064,8857.99,60,82,2846,2846.72,100,ok,0,0,0,0.00,0,0,0,0,0,N/A
2025-10-13 05:03:42,2064,8857.99,60,82,2846,2846.72,100,ok,0,0,0,0.00,0,0,0,0,0,N/A
2025-10-13 05:03:48,2140,8856.65,42,82,2846,2846.72,100,ok,0,0,0,0.00,0,0,0,0,0,N/A
2025-10-13 05:03:52,2140,8856.65,42,82,2846,2846.72,100,ok,0,0,0,0.00,0,0,0,0,0,N/A
2025-10-13 05:03:57,2048,8859.01,83,82,2846,2846.72,100,ok,0,0,0,0.00,0,0,0,0,0,N/A
2025-10-13 05:04:02,2048,8859.01,83,82,2846,2846.72,100,ok,0,0,0,0.00,0,0,0,0,0,N/A
2025-10-13 05:04:07,2005,8858.59,43,83,2846,2846.72,100,ok,0,0,0,0.00,0,0,0,0,0,N/A
2025-10-13 05:04:11,2005,8858.59,43,83,2846,2846.72,100,ok,0,0,0,0.00,0,0,0,0,0,N/A
2025-10-13 05:04:17,2057,8861.75,81,83,2846,2846.72,100,ok,0,0,0,0.00,0,0,0,0,0,N/A
2025-10-13 05:04:21,2057,8861.75,81,83,2846,2846.72,100,ok,0,0,0,0.00,0,0,0,0,0,N/A
2025-10-13 05:04:25,2013,8861.75,55,83,2846,2846.72,100,ok,0,0,0,0.00,0,0,0,0,0,N/A
2025-10-13 05:04:30,2013,8859.60,55,83,2846,2846.72,100,ok,0,0,0,0.00,0,0,0,0,0,N/A
2025-10-13 05:04:34,1972,8859.60,48,83,2846,2846.72,100,ok,0,0,0,0.00,0,0,0,0,0,N/A
2025-10-13 05:04:39,1972,8862.57,48,83,2846,2846.72,100,ok,0,0,0,0.00,0,0,0,0,0,N/A
2025-10-13 05:04:43,1972,8862.57,48,83,2846,2846.72,100,ok,0,0,0,0.00,0,0,0,0,0,N/A
2025-10-13 05:04:49,2059,8863.43,58,83,2846,2846.72,100,ok,0,0,0,0.00,0,0,0,0,0,N/A
2025-10-13 05:04:53,2059,8863.43,58,83,2846,2846.72,100,ok,0,0,0,0.00,0,0,0,0,0,N/A
2025-10-13 05:04:59,2018,8864.31,69,83,2846,2846.72,100,ok,0,0,0,0.00,0,0,0,0,0,N/A
2025-10-13 05:05:04,2018,8864.31,69,83,2846,2846.72,100,ok,0,0,0,0.00,0,0,0,0,0,N/A
2025-10-13 05:05:09,2156,8863.78,71,83,2846,2846.72,100,ok,0,0,0,0.00,0,0,0,0,0,N/A
2025-10-13 05:05:13,2156,8863.78,71,83,2846,2846.72,100,ok,0,0,0,0.00,0,0,0,0,0,N/A
2025-10-13 05:05:19,2053,8866.30,68,83,2846,2846.72,100,ok,0,0,0,0.00,0,0,0,0,0,N/A
2025-10-13 05:05:23,2053,8866.30,68,83,2846,2846.72,100,ok,0,0,0,0.00,0,0,0,0,0,N/A
2025-10-13 05:05:28,2155,8867.40,76,83,2846,2846.72,100,ok,0,0,0,0.00,0,0,0,0,0,N/A
2025-10-13 05:05:32,2155,8867.40,76,83,2846,2846.72,100,ok,0,0,0,0.00,0,0,0,0,0,N/A
2025-10-13 05:05:38,2121,8867.74,77,83,2846,2846.72,100,ok,0,0,0,0.00,0,0,0,0,0,N/A
2025-10-13 05:05:42,2121,8867.74,77,83,2846,2846.72,100,ok,0,0,0,0.00,0,0,0,0,0,N/A
2025-10-13 05:05:48,2121,8867.14,81,83,2846,2846.72,100,ok,0,0,0,0.00,0,0,0,0,0,N/A
2025-10-13 05:05:52,2118,8867.14,81,83,2846,2846.72,100,ok,0,0,0,0.00,0,0,0,0,0,N/A
2025-10-13 05:05:58,2118,8870.12,73,83,2846,2846.72,100,ok,0,0,0,0.00,0,0,0,0,0,N/A
2025-10-13 05:06:02,2136,8870.12,73,83,2846,2846.72,100,ok,0,0,0,0.00,0,0,0,0,0,N/A
2025-10-13 05:06:08,2136,8869.34,73,83,2846,2846.72,100,ok,0,0,0,0.00,0,0,0,0,0,N/A
2025-10-13 05:06:12,2047,8869.34,47,84,2846,2846.72,100,ok,0,0,0,0.00,0,0,0,0,0,N/A
2025-10-13 05:06:18,2047,8870.93,47,84,2846,2846.72,100,ok,0,0,0,0.00,0,0,0,0,0,N/A
2025-10-13 05:06:22,2130,8870.93,70,84,2846,2846.72,100,ok,0,0,0,0.00,0,0,0,0,0,N/A
2025-10-13 05:06:35,2041,8869.43,63,84,2846,2846.72,100,ok,0,0,0,0.00,0,0,0,0,0,N/A
2025-10-13 05:06:39,2041,8870.78,63,84,2846,2846.72,100,ok,0,0,0,0.00,0,0,0,0,0,N/A
2025-10-13 05:06:42,2041,8870.78,63,84,2846,2846.72,100,ok,0,0,0,0.00,0,0,0,0,0,N/A
2025-10-13 05:06:48,1928,8871.71,60,84,2846,2846.72,100,ok,0,0,0,0.00,0,0,0,0,0,N/A
2025-10-13 05:06:52,1928,8871.71,60,84,2846,2846.72,100,ok,0,0,0,0.00,0,0,0,0,0,N/A
2025-10-13 05:06:57,1911,8873.14,85,84,2846,2846.72,100,ok,0,0,0,0.00,0,0,0,0,0,N/A
2025-10-13 05:07:01,1911,8873.14,85,84,2846,2846.72,100,ok,0,0,0,0.00,0,0,0,0,0,N/A
2025-10-13 05:07:05,1906,8873.14,72,84,2846,2846.72,100,ok,0,0,0,0.00,0,0,0,0,0,N/A
2025-10-13 05:07:09,1906,8871.05,72,84,2846,2846.72,100,ok,0,0,0,0.00,0,0,0,0,0,N/A
2025-10-13 05:07:13,1882,8871.05,43,84,2846,2846.72,100,ok,0,0,0,0.00,0,0,0,0,0,N/A
2025-10-13 05:07:19,1882,8874.29,43,84,2846,2846.72,100,ok,0,0,0,0.00,0,0,0,0,0,N/A
2025-10-13 05:07:23,1882,8874.29,43,84,2846,2846.72,100,ok,0,0,0,0.00,0,0,0,0,0,N/A
2025-10-13 05:07:28,1843,8875.58,80,84,2846,2846.72,100,ok,0,0,0,0.00,0,0,0,0,0,N/A
2025-10-13 05:07:33,1843,8875.58,80,84,2846,2846.72,100,ok,0,0,0,0.00,0,0,0,0,0,N/A
2025-10-13 05:07:39,1879,8875.38,48,84,2846,2846.72,100,ok,0,0,0,0.00,0,0,0,0,0,N/A
2025-10-13 05:07:42,1879,8875.38,48,84,2846,2846.72,100,ok,0,0,0,0.00,0,0,0,0,0,N/A
2025-10-13 05:07:48,1736,8873.18,59,84,2846,2846.72,100,ok,0,0,0,0.00,0,0,0,0,0,N/A
2025-10-13 05:07:52,1736,8873.18,59,84,2846,2846.72,100,ok,0,0,0,0.00,0,0,0,0,0,N/A
2025-10-13 05:07:57,1736,8874.05,52,84,2846,2846.72,100,ok,0,0,0,0.00,0,0,0,0,0,N/A
2025-10-13 05:08:01,1633,8874.05,52,84,2846,2846.72,100,ok,0,0,0,0.00,0,0,0,0,0,N/A
2025-10-13 05:08:05,1633,8874.05,52,84,2846,2846.72,100,ok,0,0,0,0.00,0,0,0,0,0,N/A
2025-10-13 05:08:09,1633,8876.26,82,85,2846,2846.72,100,ok,0,0,0,0.00,0,0,0,0,0,N/A
2025-10-13 05:08:13,1677,8876.26,82,85,2846,2846.72,100,ok,0,0,0,0.00,0,0,0,0,0,N/A
2025-10-13 05:08:19,1677,8877.80,65,85,2846,2846.72,100,ok,0,0,0,0.00,0,0,0,0,0,N/A
2025-10-13 05:08:23,1654,8877.80,65,85,2846,2846.72,100,ok,0,0,0,0.00,0,0,0,0,0,N/A
2025-10-13 05:08:28,1654,8877.15,65,85,2846,2846.72,100,ok,0,0,0,0.00,0,0,0,0,0,N/A
2025-10-13 05:08:32,1709,8877.15,60,85,2846,2846.72,100,ok,0,0,0,0.00,0,0,0,0,0,N/A
2025-10-13 05:08:39,1709,8879.69,53,85,2846,2846.72,100,ok,0,0,0,0.00,0,0,0,0,0,N/A
2025-10-13 05:08:43,1761,8879.69,53,85,2846,2846.72,100,ok,0,0,0,0.00,0,0,0,0,0,N/A
2025-10-13 05:08:48,1761,8881.16,53,85,2846,2846.72,100,ok,0,0,0,0.00,0,0,0,0,0,N/A
2025-10-13 05:08:52,1911,8881.16,80,85,2846,2846.72,100,ok,0,0,0,0.00,0,0,0,0,0,N/A
2025-10-13 05:08:58,1911,8880.79,80,85,2846,2846.72,100,ok,0,0,0,0.00,0,0,0,0,0,N/A
2025-10-13 05:09:02,1951,8880.79,75,85,2846,2846.72,100,ok,0,0,0,0.00,0,0,0,0,0,N/A
2025-10-13 05:09:08,1951,8881.03,75,85,2846,2846.72,100,ok,0,0,0,0.00,0,0,0,0,0,N/A
2025-10-13 05:09:12,1947,8881.03,47,85,2846,2846.72,100,ok,0,0,0,0.00,0,0,0,0,0,N/A
2025-10-13 05:09:18,1947,8881.20,47,85,2846,2846.72,100,ok,0,0,0,0.00,0,0,0,0,0,N/A
2025-10-13 05:09:23,1935,8881.20,76,85,2846,2846.72,100,ok,0,0,0,0.00,0,0,0,0,0,N/A
2025-10-13 05:09:29,1935,8880.29,76,85,2846,2846.72,100,ok,0,0,0,0.00,0,0,0,0,0,N/A
2025-10-13 05:09:33,1682,8880.29,62,85,2846,2846.72,100,ok,0,0,0,0.00,0,0,0,0,0,N/A
2025-10-13 05:09:38,1682,8878.60,62,85,2846,2846.72,100,ok,0,0,0,0.00,0,0,0,0,0,N/A
2025-10-13 05:09:42,1300,8878.60,47,85,2846,2846.72,100,ok,0,0,0,0.00,0,0,0,0,0,N/A
2025-10-13 05:09:45,1300,8877.76,47,85,2846,2846.72,100,ok,0,0,0,0.00,0,0,0,0,0,N/A
2025-10-13 05:09:48,1300,8877.76,47,85,2846,2846.72,100,ok,0,0,0,0.00,0,0,0,0,0,N/A
2025-10-13 05:09:52,1300,8877.76,47,85,2846,2846.72,100,ok,0,0,0,0.00,0,0,0,0,0,N/A
2025-10-13 05:09:55,1004,8877.76,50,85,2846,2846.72,100,ok,0,0,0,0.00,0,0,0,0,0,N/A
2025-10-13 05:09:58,1004,8877.76,50,85,2846,2846.72,100,ok,0,0,0,0.00,0,0,0,0,0,N/A
2025-10-13 05:10:02,1004,8877.76,50,85,2846,2846.72,100,ok,0,0,0,0.00,0,0,0,0,0,N/A
2025-10-13 05:10:05,678,8877.76,54,85,2846,2846.72,100,ok,0,0,0,0.00,0,0,0,0,0,N/A
2025-10-13 05:10:08,678,8877.76,54,85,2846,2846.72,100,ok,0,0,0,0.00,0,0,0,0,0,N/A
2025-10-13 05:10:11,678,8877.76,54,85,2846,2846.72,100,ok,0,0,0,0.00,0,0,0,0,0,N/A
2025-10-13 05:10:15,387,8877.76,58,85,2846,2846.72,100,ok,0,0,0,0.00,0,0,0,0,0,N/A
2025-10-13 05:10:18,387,8877.76,58,85,2846,2846.72,100,ok,0,0,0,0.00,0,0,0,0,0,N/A
2025-10-13 05:10:22,387,8877.76,58,85,2846,2846.72,100,ok,0,0,0,0.00,0,0,0,0,0,N/A
2025-10-13 05:10:25,91,8877.76,61,85,2846,2846.72,100,ok,0,0,0,0.00,0,0,0,0,0,N/A
2025-10-13 05:10:28,91,8877.76,61,85,2846,2846.72,100,ok,0,0,0,0.00,0,0,0,0,0,N/A
2025-10-13 05:10:32,91,8877.76,61,85,2846,2846.72,100,ok,0,0,0,0.00,0,0,0,0,0,N/A
2025-10-13 05:10:35,25,8877.76,65,85,2846,2846.72,100,ok,0,0,0,0.00,0,0,0,0,0,N/A
2025-10-13 05:10:38,25,8877.76,65,85,2846,2846.72,100,ok,0,0,0,0.00,0,0,0,0,0,N/A
2025-10-13 05:10:41,25,8877.76,65,85,2846,2846.72,100,ok,0,0,0,0.00,0,0,0,0,0,N/A
2025-10-13 05:10:45,0,8877.76,69,85,2846,2846.72,100,ok,0,0,0,0.00,0,0,0,0,0,N/A
2025-10-13 05:10:48,0,8877.76,69,85,2846,2846.72,100,ok,0,0,0,0.00,0,0,0,0,0,N/A
2025-10-13 05:10:51,0,8877.76,69,85,2846,2846.72,100,ok,0,0,0,0.00,0,0,0,0,0,N/A
2025-10-13 05:10:55,0,8877.76,72,85,2846,2846.72,100,ok,0,0,0,0.00,0,0,0,0,0,N/A
2025-10-13 05:10:58,0,8877.76,72,85,2846,2846.72,100,ok,0,0,0,0.00,0,0,0,0,0,N/A
2025-10-13 05:11:01,0,8877.76,72,85,2846,2846.72,100,ok,0,0,0,0.00,0,0,0,0,0,N/A
2025-10-13 05:11:05,0,8877.76,76,85,2846,2846.72,100,ok,0,0,0,0.00,0,0,0,0,0,N/A
2025-10-13 05:11:08,0,8877.76,76,85,2846,2846.72,100,ok,0,0,0,0.00,0,0,0,0,0,N/A
2025-10-13 05:11:11,0,8877.76,76,85,2846,2846.72,100,ok,0,0,0,0.00,0,0,0,0,0,N/A
2025-10-13 05:11:15,0,8877.76,43,85,2846,2846.72,100,ok,0,0,0,0.00,0,0,0,0,0,N/A
2025-10-13 05:11:18,0,8877.76,43,85,2846,2846.72,100,ok,0,0,0,0.00,0,0,0,0,0,N/A
2025-10-13 05:11:21,0,8877.76,43,85,2846,2846.72,100,ok,0,0,0,0.00,0,0,0,0,0,N/A
2025-10-13 05:11:24,0,8877.76,48,85,2846,2846.72,100,ok,0,0,0,0.00,0,0,0,0,0,N/A
2025-10-13 05:11:32,0,8877.76,48,85,2846,2846.72,100,ok,0,0,0,0.00,0,0,0,0,0,N/A
2025-10-13 05:11:37,0,8877.76,52,85,2846,2846.72,100,ok,0,0,0,0.00,0,0,0,0,0,N/A
2025-10-13 05:11:40,0,8877.76,52,85,2846,2846.72,100,ok,0,0,0,0.00,0,0,0,0,0,N/A
2025-10-13 05:11:44,0,8877.76,52,85,2846,2846.72,100,ok,0,0,0,0.00,0,0,0,0,0,N/A
2025-10-13 05:11:48,0,8877.76,56,85,2846,2846.72,100,ok,0,0,0,0.00,0,0,0,0,0,N/A
2025-10-13 05:11:51,0,8877.76,56,85,2846,2846.72,100,ok,0,0,0,0.00,0,0,0,0,0,N/A
2025-10-13 05:11:55,0,8877.76,56,85,2846,2846.72,100,ok,0,0,0,0.00,0,0,0,0,0,N/A
2025-10-13 05:11:58,0,8877.76,59,85,2846,2846.72,100,ok,0,0,0,0.00,0,0,0,0,0,N/A
2025-10-13 05:12:01,0,8877.76,59,85,2846,2846.72,100,ok,0,0,0,0.00,0,0,0,0,0,N/A
2025-10-13 05:12:05,0,8877.76,59,85,2846,2846.72,100,ok,0,0,0,0.00,0,0,0,0,0,N/A
2025-10-13 05:12:08,0,8877.76,63,85,2846,2846.72,100,ok,0,0,0,0.00,0,0,0,0,0,N/A
2025-10-13 05:12:11,0,8877.76,63,85,2846,2846.72,100,ok,0,0,0,0.00,0,0,0,0,0,N/A
2025-10-13 05:12:15,0,8877.76,63,85,2846,2846.72,100,ok,0,0,0,0.00,0,0,0,0,0,N/A
2025-10-13 05:12:18,0,8877.76,66,85,2846,2846.72,100,ok,0,0,0,0.00,0,0,0,0,0,N/A
2025-10-13 05:12:21,0,8877.76,66,85,2846,2846.72,100,ok,0,0,0,0.00,0,0,0,0,0,N/A
2025-10-13 05:12:25,0,8877.76,66,85,2846,2846.72,100,ok,0,0,0,0.00,0,0,0,0,0,N/A
2025-10-13 05:12:28,0,8877.76,70,85,2846,2846.72,100,ok,0,0,0,0.00,0,0,0,0,0,N/A
2025-10-13 05:12:32,0,8877.76,70,85,2846,2846.72,100,ok,0,0,0,0.00,0,0,0,0,0,N/A
2025-10-13 05:12:35,0,8877.76,70,85,2846,2846.72,100,ok,0,0,0,0.00,0,0,0,0,0,N/A
2025-10-13 05:12:39,0,8877.76,73,85,2846,2846.72,100,ok,0,0,0,0.00,0,0,0,0,0,N/A
2025-10-13 05:12:42,0,8877.76,73,85,2846,2846.72,100,ok,0,0,0,0.00,0,0,0,0,0,N/A
2025-10-13 05:12:47,0,8877.76,43,85,2846,2846.72,100,ok,0,0,0,0.00,0,0,0,0,0,N/A
2025-10-13 05:12:51,0,8877.76,43,85,2846,2846.72,100,ok,0,0,0,0.00,0,0,0,0,0,N/A
2025-10-13 05:12:55,0,8877.76,43,85,2846,2846.72,100,ok,0,0,0,0.00,0,0,0,0,0,N/A
2025-10-13 05:12:58,0,8877.76,46,85,2846,2846.72,100,ok,0,0,0,0.00,0,0,0,0,0,N/A
2025-10-13 05:13:01,0,8877.76,46,85,2846,2846.72,100,ok,0,0,0,0.00,0,0,0,0,0,N/A
2025-10-13 05:13:05,0,8877.76,46,85,2846,2846.72,100,ok,0,0,0,0.00,0,0,0,0,0,N/A
2025-10-13 05:13:08,0,8877.76,46,85,2846,2846.72,100,ok,0,0,0,0.00,0,0,0,0,0,N/A
2025-10-13 05:13:11,0,8877.76,50,85,2846,2846.72,100,ok,0,0,0,0.00,0,0,0,0,0,N/A
2025-10-13 05:13:15,0,8877.76,50,85,2846,2846.72,100,ok,0,0,0,0.00,0,0,0,0,0,N/A
2025-10-13 05:13:18,0,8877.76,53,85,2846,2846.72,100,ok,0,0,0,0.00,0,0,0,0,0,N/A
2025-10-13 05:13:22,0,8877.76,53,85,2846,2846.72,100,ok,0,0,0,0.00,0,0,0,0,0,N/A
2025-10-13 05:13:25,0,8877.76,53,85,2846,2846.72,100,ok,0,0,0,0.00,0,0,0,0,0,N/A
2025-10-13 05:13:28,0,8877.76,53,85,2846,2846.72,100,ok,0,0,0,0.00,0,0,0,0,0,N/A
2025-10-13 05:13:32,0,8877.76,57,85,2846,2846.72,100,ok,0,0,0,0.00,0,0,0,0,0,N/A
2025-10-13 05:13:35,0,8877.76,57,85,2846,2846.72,100,ok,0,0,0,0.00,0,0,0,0,0,N/A
2025-10-13 05:13:38,0,8877.76,60,85,2846,2846.72,100,ok,0,0,0,0.00,0,0,0,0,0,N/A
2025-10-13 05:13:42,0,8877.76,60,85,2846,2846.72,100,ok,0,0,0,0.00,0,0,0,0,0,N/A
2025-10-13 05:13:45,0,8877.76,60,85,2846,2846.72,100,ok,0,0,0,0.00,0,0,0,0,0,N/A
2025-10-13 05:13:48,0,8877.76,60,85,2846,2846.72,100,ok,0,0,0,0.00,0,0,0,0,0,N/A
2025-10-13 05:13:52,0,8877.76,64,85,2846,2846.72,100,ok,0,0,0,0.00,0,0,0,0,0,N/A
2025-10-13 05:13:55,0,8877.76,64,85,2846,2846.72,100,ok,0,0,0,0.00,0,0,0,0,0,N/A
2025-10-13 05:13:58,0,8877.76,64,85,2846,2846.72,100,ok,0,0,0,0.00,0,0,0,0,0,N/A
2025-10-13 05:14:01,0,8877.76,67,85,2846,2846.72,100,ok,0,0,0,0.00,0,0,0,0,0,N/A
2025-10-13 05:14:05,0,8877.76,67,85,2846,2846.72,100,ok,0,0,0,0.00,0,0,0,0,0,N/A
2025-10-13 05:14:08,0,8877.76,67,85,2846,2846.72,100,ok,0,0,0,0.00,0,0,0,0,0,N/A
2025-10-13 05:14:11,0,8877.76,43,85,2846,2846.72,100,ok,0,0,0,0.00,0,0,0,0,0,N/A
2025-10-13 05:14:15,0,8877.76,43,85,2846,2846.72,100,ok,0,0,0,0.00,0,0,0,0,0,N/A
2025-10-13 05:14:18,0,8877.76,43,85,2846,2846.72,100,ok,0,0,0,0.00,0,0,0,0,0,N/A
2025-10-13 05:14:22,0,8877.76,46,85,2846,2846.72,100,ok,0,0,0,0.00,0,0,0,0,0,N/A
2025-10-13 05:14:25,0,8877.76,46,85,2846,2846.72,100,ok,0,0,0,0.00,0,0,0,0,0,N/A
2025-10-13 05:14:28,0,8877.76,46,85,2846,2846.72,100,ok,0,0,0,0.00,0,0,0,0,0,N/A
2025-10-13 05:14:31,0,8877.76,49,85,2846,2846.72,100,ok,0,0,0,0.00,0,0,0,0,0,N/A
2025-10-13 05:14:35,0,8877.76,49,85,2846,2846.72,100,ok,0,0,0,0.00,0,0,0,0,0,N/A
2025-10-13 05:14:38,0,8877.76,49,85,2846,2846.72,100,ok,0,0,0,0.00,0,0,0,0,0,N/A
2025-10-13 05:14:41,0,8877.76,53,85,2846,2846.72,100,ok,0,0,0,0.00,0,0,0,0,0,N/A
2025-10-13 05:14:45,0,8877.76,53,85,2846,2846.72,100,ok,0,0,0,0.00,0,0,0,0,0,N/A
2025-10-13 05:14:48,0,8877.76,53,85,2846,2846.72,100,ok,0,0,0,0.00,0,0,0,0,0,N/A
2025-10-13 05:14:51,0,8877.76,56,85,2846,2846.72,100,ok,0,0,0,0.00,0,0,0,0,0,N/A
2025-10-13 05:14:55,0,8877.76,56,85,2846,2846.72,100,ok,0,0,0,0.00,0,0,0,0,0,N/A
2025-10-13 05:14:58,0,8877.76,56,85,2846,2846.72,100,ok,0,0,0,0.00,0,0,0,0,0,N/A
2025-10-13 05:15:01,0,8877.76,60,85,2846,2846.72,100,ok,0,0,0,0.00,0,0,0,0,0,N/A
2025-10-13 05:15:05,0,8877.76,60,85,2846,2846.72,100,ok,0,0,0,0.00,0,0,0,0,0,N/A
2025-10-13 05:15:08,0,8877.76,60,85,2846,2846.72,100,ok,0,0,0,0.00,0,0,0,0,0,N/A
2025-10-13 05:15:12,0,8877.76,63,85,2846,2846.72,100,ok,0,0,0,0.00,0,0,0,0,0,N/A
2025-10-13 05:15:17,0,8877.76,63,85,2846,2846.72,100,ok,0,0,0,0.00,0,0,0,0,0,N/A
2025-10-13 05:15:20,0,8877.76,67,85,2846,2846.72,100,ok,0,0,0,0.00,0,0,0,0,0,N/A
2025-10-13 05:15:23,0,8877.76,67,85,2846,2846.72,100,ok,0,0,0,0.00,0,0,0,0,0,N/A
2025-10-13 05:15:28,0,8877.76,67,85,2846,2846.72,100,ok,0,0,0,0.00,0,0,0,0,0,N/A
2025-10-13 05:15:31,0,8877.76,67,85,2846,2846.72,100,ok,0,0,0,0.00,0,0,0,0,0,N/A
2025-10-13 05:15:35,0,8877.76,70,85,2846,2846.72,100,ok,0,0,0,0.00,0,0,0,0,0,N/A
2025-10-13 05:15:38,0,8877.76,70,85,2846,2846.72,100,ok,0,0,0,0.00,0,0,0,0,0,N/A
2025-10-13 05:15:42,0,8877.76,43,85,2846,2846.72,100,ok,0,0,0,0.00,0,0,0,0,0,N/A
2025-10-13 05:15:45,0,8877.76,43,85,2846,2846.72,100,ok,0,0,0,0.00,0,0,0,0,0,N/A
2025-10-13 05:15:48,0,8877.76,43,85,2846,2846.72,100,ok,0,0,0,0.00,0,0,0,0,0,N/A
2025-10-13 05:15:52,0,8877.76,46,85,2846,2846.72,100,ok,0,0,0,0.00,0,0,0,0,0,N/A
2025-10-13 05:15:55,0,8877.76,46,85,2846,2846.72,100,ok,0,0,0,0.00,0,0,0,0,0,N/A
2025-10-13 05:15:58,0,8877.76,46,85,2846,2846.72,100,ok,0,0,0,0.00,0,0,0,0,0,N/A
2025-10-13 05:16:02,0,8877.76,50,85,2846,2846.72,100,ok,0,0,0,0.00,0,0,0,0,0,N/A
2025-10-13 05:16:06,0,8877.76,50,85,2846,2846.72,100,ok,0,0,0,0.00,0,0,0,0,0,N/A
2025-10-13 05:16:09,0,8877.76,50,85,2846,2846.72,100,ok,0,0,0,0.00,0,0,0,0,0,N/A
2025-10-13 05:16:12,0,8877.76,50,85,2846,2846.72,100,ok,0,0,0,0.00,0,0,0,0,0,N/A
2025-10-13 05:16:15,0,8877.76,53,85,2846,2846.72,100,ok,0,0,0,0.00,0,0,0,0,0,N/A
2025-10-13 05:16:19,0,8877.76,53,85,2846,2846.72,100,ok,0,0,0,0.00,0,0,0,0,0,N/A
2025-10-13 05:16:22,0,8877.76,57,85,2846,2846.72,100,ok,0,0,0,0.00,0,0,0,0,0,N/A
2025-10-13 05:16:29,0,8877.76,57,85,2846,2846.72,100,ok,0,0,0,0.00,0,0,0,0,0,N/A
2025-10-13 05:16:32,0,8877.76,60,85,2846,2846.72,100,ok,0,0,0,0.00,0,0,0,0,0,N/A
2025-10-13 05:16:38,0,8877.76,60,85,2846,2846.72,100,ok,0,0,0,0.00,0,0,0,0,0,N/A
2025-10-13 05:16:41,0,8877.76,60,85,2846,2846.72,100,ok,0,0,0,0.00,0,0,0,0,0,N/A
2025-10-13 05:16:45,0,8877.76,63,85,2846,2846.72,100,ok,0,0,0,0.00,0,0,0,0,0,N/A
2025-10-13 05:16:49,0,8877.76,63,85,2846,2846.72,100,ok,0,0,0,0.00,0,0,0,0,0,N/A
2025-10-13 05:16:53,0,8877.76,67,85,2846,2846.72,100,ok,0,0,0,0.00,0,0,0,0,0,N/A
2025-10-13 05:16:58,0,8877.76,67,85,2846,2846.72,100,ok,0,0,0,0.00,0,0,0,0,0,N/A
2025-10-13 05:17:02,0,8877.76,67,85,2846,2846.72,100,ok,0,0,0,0.00,0,0,0,0,0,N/A
2025-10-13 05:17:05,0,8877.76,43,85,2846,2846.72,100,ok,0,0,0,0.00,0,0,0,0,0,N/A
2025-10-13 05:17:08,0,8877.76,43,85,2846,2846.72,100,ok,0,0,0,0.00,0,0,0,0,0,N/A
2025-10-13 05:17:11,0,8877.76,43,85,2846,2846.72,100,ok,0,0,0,0.00,0,0,0,0,0,N/A
2025-10-13 05:17:17,0,8877.76,46,85,2846,2846.72,100,ok,0,0,0,0.00,0,0,0,0,0,N/A
2025-10-13 05:17:20,0,8877.76,46,85,2846,2846.72,100,ok,0,0,0,0.00,0,0,0,0,0,N/A
2025-10-13 05:17:24,0,8877.76,51,85,2846,2846.72,100,ok,0,0,0,0.00,0,0,0,0,0,N/A
2025-10-13 05:17:28,0,8877.76,51,85,2846,2846.72,100,ok,0,0,0,0.00,0,0,0,0,0,N/A
2025-10-13 05:17:32,0,8877.76,51,85,2846,2846.72,100,ok,0,0,0,0.00,0,0,0,0,0,N/A
2025-10-13 05:17:35,0,8877.76,55,85,2846,2846.72,100,ok,0,0,0,0.00,0,0,0,0,0,N/A
2025-10-13 05:17:38,0,8877.76,55,85,2846,2846.72,100,ok,0,0,0,0.00,0,0,0,0,0,N/A
2025-10-13 05:17:42,0,8877.76,55,85,2846,2846.72,100,ok,0,0,0,0.00,0,0,0,0,0,N/A
2025-10-13 05:17:45,0,8877.76,59,85,2846,2846.72,100,ok,0,0,0,0.00,0,0,0,0,0,N/A
2025-10-13 05:17:48,0,8877.76,59,85,2846,2846.72,100,ok,0,0,0,0.00,0,0,0,0,0,N/A
2025-10-13 05:17:52,0,8877.76,59,85,2846,2846.72,100,ok,0,0,0,0.00,0,0,0,0,0,N/A
2025-10-13 05:17:55,0,8877.76,62,85,2846,2846.72,100,ok,0,0,0,0.00,0,0,0,0,0,N/A
2025-10-13 05:17:58,0,8877.76,62,85,2846,2846.72,100,ok,0,0,0,0.00,0,0,0,0,0,N/A
2025-10-13 05:18:02,0,8877.76,62,85,2846,2846.72,100,ok,0,0,0,0.00,0,0,0,0,0,N/A
2025-10-13 05:18:06,0,8877.76,65,85,2846,2846.72,100,ok,0,0,0,0.00,0,0,0,0,0,N/A
2025-10-13 05:18:09,0,8877.76,65,85,2846,2846.72,100,ok,0,0,0,0.00,0,0,0,0,0,N/A
2025-10-13 05:18:13,0,8877.76,65,85,2846,2846.72,100,ok,0,0,0,0.00,0,0,0,0,0,N/A
2025-10-13 05:18:18,0,8877.76,69,85,2846,2846.72,100,ok,0,0,0,0.00,0,0,0,0,0,N/A
2025-10-13 05:18:22,0,8877.76,69,85,2846,2846.72,100,ok,0,0,0,0.00,0,0,0,0,0,N/A
2025-10-13 05:18:25,0,8877.76,69,85,2846,2846.72,100,ok,0,0,0,0.00,0,0,0,0,0,N/A
2025-10-13 05:18:28,0,8877.76,72,85,2846,2846.72,100,ok,0,0,0,0.00,0,0,0,0,0,N/A
2025-10-13 05:18:32,0,8877.76,72,85,2846,2846.72,100,ok,0,0,0,0.00,0,0,0,0,0,N/A
2025-10-13 05:18:35,0,8877.76,72,85,2846,2846.72,100,ok,0,0,0,0.00,0,0,0,0,0,N/A
2025-10-13 05:18:38,0,8877.76,43,85,2846,2846.72,100,ok,0,0,0,0.00,0,0,0,0,0,N/A
2025-10-13 05:18:42,0,8877.76,43,85,2846,2846.72,100,ok,0,0,0,0.00,0,0,0,0,0,N/A
2025-10-13 05:18:47,0,8877.76,43,85,2846,2846.72,100,ok,0,0,0,0.00,0,0,0,0,0,N/A
2025-10-13 05:18:50,0,8877.76,46,85,2846,2846.72,100,ok,0,0,0,0.00,0,0,0,0,0,N/A
2025-10-13 05:18:54,0,8877.76,46,85,2846,2846.72,100,ok,0,0,0,0.00,0,0,0,0,0,N/A
2025-10-13 05:18:58,0,8877.76,46,85,2846,2846.72,100,ok,0,0,0,0.00,0,0,0,0,0,N/A
2025-10-13 05:19:02,0,8877.76,50,85,2846,2846.72,100,ok,0,0,0,0.00,0,0,0,0,0,N/A
2025-10-13 05:19:05,0,8877.76,50,85,2846,2846.72,100,ok,0,0,0,0.00,0,0,0,0,0,N/A
2025-10-13 05:19:09,0,8877.76,50,85,2846,2846.72,100,ok,0,0,0,0.00,0,0,0,0,0,N/A
2025-10-13 05:19:12,0,8877.76,53,85,2846,2846.72,100,ok,0,0,0,0.00,0,0,0,0,0,N/A
2025-10-13 05:19:17,0,8877.76,53,85,2846,2846.72,100,ok,0,0,0,0.00,0,0,0,0,0,N/A
2025-10-13 05:19:21,0,8877.76,53,85,2846,2846.72,100,ok,0,0,0,0.00,0,0,0,0,0,N/A
2025-10-13 05:19:25,0,8877.76,57,85,2846,2846.72,100,ok,0,0,0,0.00,0,0,0,0,0,N/A
2025-10-13 05:19:28,0,8877.76,57,85,2846,2846.72,100,ok,0,0,0,0.00,0,0,0,0,0,N/A
2025-10-13 05:19:32,0,8877.76,57,85,2846,2846.72,100,ok,0,0,0,0.00,0,0,0,0,0,N/A
2025-10-13 05:19:35,0,8877.76,60,85,2846,2846.72,100,ok,0,0,0,0.00,0,0,0,0,0,N/A
2025-10-13 05:19:38,0,8877.76,60,85,2846,2846.72,100,ok,0,0,0,0.00,0,0,0,0,0,N/A
2025-10-13 05:19:42,0,8877.76,63,85,2846,2846.72,100,ok,0,0,0,0.00,0,0,0,0,0,N/A
2025-10-13 05:19:47,0,8877.76,63,85,2846,2846.72,100,ok,0,0,0,0.00,0,0,0,0,0,N/A
2025-10-13 05:19:51,0,8877.76,63,85,2846,2846.72,100,ok,0,0,0,0.00,0,0,0,0,0,N/A
2025-10-13 05:19:55,0,8877.76,67,85,2846,2846.72,100,ok,0,0,0,0.00,0,0,0,0,0,N/A
2025-10-13 05:19:59,0,8877.76,67,85,2846,2846.72,100,ok,0,0,0,0.00,0,0,0,0,0,N/A
2025-10-13 05:20:02,0,8877.76,43,85,2846,2846.72,100,ok,0,0,0,0.00,0,0,0,0,0,N/A
2025-10-13 05:20:07,0,8877.76,43,85,2846,2846.72,100,ok,0,0,0,0.00,0,0,0,0,0,N/A
2025-10-13 05:20:12,0,8877.76,43,85,2846,2846.72,100,ok,0,0,0,0.00,0,0,0,0,0,N/A
2025-10-13 05:20:17,0,8877.76,46,85,2846,2846.72,100,ok,0,0,0,0.00,0,0,0,0,0,N/A
2025-10-13 05:20:20,0,8877.76,46,85,2846,2846.72,100,ok,0,0,0,0.00,0,0,0,0,0,N/A
2025-10-13 05:20:24,0,8877.76,51,85,2846,2846.72,100,ok,0,0,0,0.00,0,0,0,0,0,N/A
2025-10-13 05:20:28,0,8877.76,51,85,2846,2846.72,100,ok,0,0,0,0.00,0,0,0,0,0,N/A
2025-10-13 05:20:31,0,8877.76,51,85,2846,2846.72,100,ok,0,0,0,0.00,0,0,0,0,0,N/A
2025-10-13 05:20:35,0,8877.76,55,85,2846,2846.72,100,ok,0,0,0,0.00,0,0,0,0,0,N/A
2025-10-13 05:20:39,0,8877.76,55,85,2846,2846.72,100,ok,0,0,0,0.00,0,0,0,0,0,N/A
2025-10-13 05:20:42,0,8877.76,55,85,2846,2846.72,100,ok,0,0,0,0.00,0,0,0,0,0,N/A
2025-10-13 05:20:47,0,8877.76,58,85,2846,2846.72,100,ok,0,0,0,0.00,0,0,0,0,0,N/A
2025-10-13 05:20:51,0,8877.76,58,85,2846,2846.72,100,ok,0,0,0,0.00,0,0,0,0,0,N/A
2025-10-13 05:20:55,0,8877.76,58,85,2846,2846.72,100,ok,0,0,0,0.00,0,0,0,0,0,N/A
2025-10-13 05:20:58,0,8877.76,62,85,2846,2846.72,100,ok,0,0,0,0.00,0,0,0,0,0,N/A
2025-10-13 05:21:01,0,8877.76,62,85,2846,2846.72,100,ok,0,0,0,0.00,0,0,0,0,0,N/A
2025-10-13 05:21:05,0,8877.76,62,85,2846,2846.72,100,ok,0,0,0,0.00,0,0,0,0,0,N/A
2025-10-13 05:21:08,0,8877.76,65,85,2846,2846.72,100,ok,0,0,0,0.00,0,0,0,0,0,N/A
2025-10-13 05:21:12,0,8877.76,65,85,2846,2846.72,100,ok,0,0,0,0.00,0,0,0,0,0,N/A
2025-10-13 05:21:15,0,8877.76,69,85,2846,2846.72,100,ok,0,0,0,0.00,0,0,0,0,0,N/A
2025-10-13 05:21:18,0,8877.76,69,85,2846,2846.72,100,ok,0,0,0,0.00,0,0,0,0,0,N/A
2025-10-13 05:21:22,0,8877.76,69,85,2846,2846.72,100,ok,0,0,0,0.00,0,0,0,0,0,N/A
2025-10-13 05:21:30,0,8877.76,72,85,2846,2846.72,100,ok,0,0,0,0.00,0,0,0,0,0,N/A
2025-10-13 05:21:34,0,8877.76,72,85,2846,2846.72,100,ok,0,0,0,0.00,0,0,0,0,0,N/A
2025-10-13 05:21:38,0,8877.76,43,85,2846,2846.72,100,ok,0,0,0,0.00,0,0,0,0,0,N/A
2025-10-13 05:21:42,0,8877.76,43,85,2846,2846.72,100,ok,0,0,0,0.00,0,0,0,0,0,N/A
2025-10-13 05:21:47,0,8877.76,47,85,2846,2846.72,100,ok,0,0,0,0.00,0,0,0,0,0,N/A
2025-10-13 05:21:50,0,8877.76,47,85,2846,2846.72,100,ok,0,0,0,0.00,0,0,0,0,0,N/A
2025-10-13 05:21:54,0,8877.76,47,85,2846,2846.72,100,ok,0,0,0,0.00,0,0,0,0,0,N/A
2025-10-13 05:21:58,0,8877.76,50,85,2846,2846.72,100,ok,0,0,0,0.00,0,0,0,0,0,N/A
2025-10-13 05:22:01,0,8877.76,50,85,2846,2846.72,100,ok,0,0,0,0.00,0,0,0,0,0,N/A
2025-10-13 05:22:04,0,8877.76,50,85,2846,2846.72,100,ok,0,0,0,0.00,0,0,0,0,0,N/A
2025-10-13 05:22:08,0,8877.76,50,85,2846,2846.72,100,ok,0,0,0,0.00,0,0,0,0,0,N/A
2025-10-13 05:22:11,0,8877.76,53,85,2846,2846.72,100,ok,0,0,0,0.00,0,0,0,0,0,N/A
2025-10-13 05:22:15,0,8877.76,53,85,2846,2846.72,100,ok,0,0,0,0.00,0,0,0,0,0,N/A
2025-10-13 05:22:18,0,8877.76,53,85,2846,2846.72,100,ok,0,0,0,0.00,0,0,0,0,0,N/A
2025-10-13 05:22:21,0,8877.76,57,85,2846,2846.72,100,ok,0,0,0,0.00,0,0,0,0,0,N/A
2025-10-13 05:22:25,0,8877.76,57,85,2846,2846.72,100,ok,0,0,0,0.00,0,0,0,0,0,N/A
2025-10-13 05:22:28,0,8877.76,57,85,2846,2846.72,100,ok,0,0,0,0.00,0,0,0,0,0,N/A
2025-10-13 05:22:32,0,8877.76,60,85,2846,2846.72,100,ok,0,0,0,0.00,0,0,0,0,0,N/A
2025-10-13 05:22:35,0,8877.76,60,85,2846,2846.72,100,ok,0,0,0,0.00,0,0,0,0,0,N/A
2025-10-13 05:22:38,0,8877.76,60,85,2846,2846.72,100,ok,0,0,0,0.00,0,0,0,0,0,N/A
2025-10-13 05:22:41,0,8877.76,64,85,2846,2846.72,100,ok,0,0,0,0.00,0,0,0,0,0,N/A
2025-10-13 05:22:45,0,8877.76,64,85,2846,2846.72,100,ok,0,0,0,0.00,0,0,0,0,0,N/A
2025-10-13 05:22:49,0,8877.76,64,85,2846,2846.72,100,ok,0,0,0,0.00,0,0,0,0,0,N/A
2025-10-13 05:22:53,0,8877.76,67,85,2846,2846.72,100,ok,0,0,0,0.00,0,0,0,0,0,N/A
2025-10-13 05:22:57,0,8877.76,67,85,2846,2846.72,100,ok,0,0,0,0.00,0,0,0,0,0,N/A
2025-10-13 05:23:01,0,8877.76,43,85,2846,2846.72,100,ok,0,0,0,0.00,0,0,0,0,0,N/A
2025-10-13 05:23:04,0,8877.76,43,85,2846,2846.72,100,ok,0,0,0,0.00,0,0,0,0,0,N/A
2025-10-13 05:23:08,0,8877.76,43,85,2846,2846.72,100,ok,0,0,0,0.00,0,0,0,0,0,N/A
2025-10-13 05:23:12,0,8877.76,46,85,2846,2846.72,100,ok,0,0,0,0.00,0,0,0,0,0,N/A
2025-10-13 05:23:17,0,8877.76,46,85,2846,2846.72,100,ok,0,0,0,0.00,0,0,0,0,0,N/A
2025-10-13 05:23:20,0,8877.76,46,85,2846,2846.72,100,ok,0,0,0,0.00,0,0,0,0,0,N/A
2025-10-13 05:23:24,0,8877.76,50,85,2846,2846.72,100,ok,0,0,0,0.00,0,0,0,0,0,N/A
2025-10-13 05:23:28,0,8877.76,50,85,2846,2846.72,100,ok,0,0,0,0.00,0,0,0,0,0,N/A
2025-10-13 05:23:31,0,8877.76,50,85,2846,2846.72,100,ok,0,0,0,0.00,0,0,0,0,0,N/A
2025-10-13 05:23:35,0,8877.76,53,85,2846,2846.72,100,ok,0,0,0,0.00,0,0,0,0,0,N/A
2025-10-13 05:23:39,0,8877.76,53,85,2846,2846.72,100,ok,0,0,0,0.00,0,0,0,0,0,N/A
2025-10-13 05:23:42,0,8877.76,56,85,2846,2846.72,100,ok,0,0,0,0.00,0,0,0,0,0,N/A
2025-10-13 05:23:47,0,8877.76,56,85,2846,2846.72,100,ok,0,0,0,0.00,0,0,0,0,0,N/A
2025-10-13 05:23:51,0,8877.76,56,85,2846,2846.72,100,ok,0,0,0,0.00,0,0,0,0,0,N/A
2025-10-13 05:23:55,0,8877.76,60,85,2846,2846.72,100,ok,0,0,0,0.00,0,0,0,0,0,N/A
2025-10-13 05:23:58,0,8877.76,60,85,2846,2846.72,100,ok,0,0,0,0.00,0,0,0,0,0,N/A
2025-10-13 05:24:02,0,8877.76,60,85,2846,2846.72,100,ok,0,0,0,0.00,0,0,0,0,0,N/A
2025-10-13 05:24:05,0,8877.76,63,85,2846,2846.72,100,ok,0,0,0,0.00,0,0,0,0,0,N/A
2025-10-13 05:24:08,0,8877.76,63,85,2846,2846.72,100,ok,0,0,0,0.00,0,0,0,0,0,N/A
2025-10-13 05:24:12,0,8877.76,63,85,2846,2846.72,100,ok,0,0,0,0.00,0,0,0,0,0,N/A
2025-10-13 05:24:15,0,8877.76,66,85,2846,2846.72,100,ok,0,0,0,0.00,0,0,0,0,0,N/A
2025-10-13 05:24:18,0,8877.76,66,85,2846,2846.72,100,ok,0,0,0,0.00,0,0,0,0,0,N/A
2025-10-13 05:24:21,0,8877.76,66,85,2846,2846.72,100,ok,0,0,0,0.00,0,0,0,0,0,N/A
2025-10-13 05:24:25,0,8877.76,70,85,2846,2846.72,100,ok,0,0,0,0.00,0,0,0,0,0,N/A
2025-10-13 05:24:29,0,8877.76,70,85,2846,2846.72,100,ok,0,0,0,0.00,0,0,0,0,0,N/A
2025-10-13 05:24:32,0,8877.76,70,85,2846,2846.72,100,ok,0,0,0,0.00,0,0,0,0,0,N/A
2025-10-13 05:24:37,0,8877.76,43,85,2846,2846.72,100,ok,0,0,0,0.00,0,0,0,0,0,N/A
2025-10-13 05:24:41,0,8877.76,43,85,2846,2846.72,100,ok,0,0,0,0.00,0,0,0,0,0,N/A
2025-10-13 05:24:44,0,8877.76,49,85,2846,2846.72,100,ok,0,0,0,0.00,0,0,0,0,0,N/A
2025-10-13 05:24:48,0,8877.76,49,85,2846,2846.72,100,ok,0,0,0,0.00,0,0,0,0,0,N/A
2025-10-13 05:24:52,0,8877.76,49,85,2846,2846.72,100,ok,0,0,0,0.00,0,0,0,0,0,N/A
2025-10-13 05:24:55,0,8877.76,52,85,2846,2846.72,100,ok,0,0,0,0.00,0,0,0,0,0,N/A
2025-10-13 05:24:59,0,8877.76,52,85,2846,2846.72,100,ok,0,0,0,0.00,0,0,0,0,0,N/A
2025-10-13 05:25:02,0,8877.76,52,85,2846,2846.72,100,ok,0,0,0,0.00,0,0,0,0,0,N/A
2025-10-13 05:25:08,0,8877.76,56,85,2846,2846.72,100,ok,0,0,0,0.00,0,0,0,0,0,N/A
2025-10-13 05:25:11,0,8877.76,56,85,2846,2846.72,100,ok,0,0,0,0.00,0,0,0,0,0,N/A
2025-10-13 05:25:15,0,8877.76,56,85,2846,2846.72,100,ok,0,0,0,0.00,0,0,0,0,0,N/A
2025-10-13 05:25:18,0,8877.76,59,85,2846,2846.72,100,ok,0,0,0,0.00,0,0,0,0,0,N/A
2025-10-13 05:25:22,0,8877.76,59,85,2846,2846.72,100,ok,0,0,0,0.00,0,0,0,0,0,N/A
2025-10-13 05:25:27,0,8877.76,62,85,2846,2846.72,100,ok,0,0,0,0.00,0,0,0,0,0,N/A
2025-10-13 05:25:30,0,8877.76,62,85,2846,2846.72,100,ok,0,0,0,0.00,0,0,0,0,0,N/A
2025-10-13 05:25:34,0,8877.76,62,85,2846,2846.72,100,ok,0,0,0,0.00,0,0,0,0,0,N/A
2025-10-13 05:25:38,0,8877.76,66,85,2846,2846.72,100,ok,0,0,0,0.00,0,0,0,0,0,N/A
2025-10-13 05:25:42,0,8877.76,66,85,2846,2846.72,100,ok,0,0,0,0.00,0,0,0,0,0,N/A
2025-10-13 05:25:47,0,8877.76,66,85,2846,2846.72,100,ok,0,0,0,0.00,0,0,0,0,0,N/A
2025-10-13 05:25:50,0,8877.76,66,85,2846,2846.72,100,ok,0,0,0,0.00,0,0,0,0,0,N/A
2025-10-13 05:25:54,0,8877.76,69,85,2846,2846.72,100,ok,0,0,0,0.00,0,0,0,0,0,N/A
2025-10-13 05:25:58,0,8877.76,69,85,2846,2846.72,100,ok,0,0,0,0.00,0,0,0,0,0,N/A
2025-10-13 05:26:02,0,8877.76,43,85,2846,2846.72,100,ok,0,0,0,0.00,0,0,0,0,0,N/A
2025-10-13 05:26:07,0,8877.76,43,85,2846,2846.72,100,ok,0,0,0,0.00,0,0,0,0,0,N/A
2025-10-13 05:26:10,0,8877.76,43,85,2846,2846.72,100,ok,0,0,0,0.00,0,0,0,0,0,N/A
2025-10-13 05:26:14,0,8877.76,47,85,2846,2846.72,100,ok,0,0,0,0.00,0,0,0,0,0,N/A
2025-10-13 05:26:18,0,8877.76,47,85,2846,2846.72,100,ok,0,0,0,0.00,0,0,0,0,0,N/A
2025-10-13 05:26:22,0,8877.76,47,85,2846,2846.72,100,ok,0,0,0,0.00,0,0,0,0,0,N/A
2025-10-13 05:26:29,0,8877.76,52,85,2846,2846.72,100,ok,0,0,0,0.00,0,0,0,0,0,N/A
2025-10-13 05:26:32,0,8877.76,52,85,2846,2846.72,100,ok,0,0,0,0.00,0,0,0,0,0,N/A
2025-10-13 05:26:37,0,8877.76,55,85,2846,2846.72,100,ok,0,0,0,0.00,0,0,0,0,0,N/A
2025-10-13 05:26:40,0,8877.76,55,85,2846,2846.72,100,ok,0,0,0,0.00,0,0,0,0,0,N/A
2025-10-13 05:26:44,0,8877.76,55,85,2846,2846.72,100,ok,0,0,0,0.00,0,0,0,0,0,N/A
2025-10-13 05:26:48,0,8877.76,59,85,2846,2846.72,100,ok,0,0,0,0.00,0,0,0,0,0,N/A
2025-10-13 05:26:51,0,8877.76,59,85,2846,2846.72,100,ok,0,0,0,0.00,0,0,0,0,0,N/A
2025-10-13 05:26:55,0,8877.76,59,85,2846,2846.72,100,ok,0,0,0,0.00,0,0,0,0,0,N/A
2025-10-13 05:26:58,0,8877.76,62,85,2846,2846.72,100,ok,0,0,0,0.00,0,0,0,0,0,N/A
2025-10-13 05:27:01,0,8877.76,62,85,2846,2846.72,100,ok,0,0,0,0.00,0,0,0,0,0,N/A
2025-10-13 05:27:04,0,8877.76,62,85,2846,2846.72,100,ok,0,0,0,0.00,0,0,0,0,0,N/A
2025-10-13 05:27:08,0,8877.76,62,85,2846,2846.72,100,ok,0,0,0,0.00,0,0,0,0,0,N/A
2025-10-13 05:27:12,0,8877.76,66,85,2846,2846.72,100,ok,0,0,0,0.00,0,0,0,0,0,N/A
2025-10-13 05:27:17,0,8877.76,66,85,2846,2846.72,100,ok,0,0,0,0.00,0,0,0,0,0,N/A
2025-10-13 05:27:20,0,8877.76,69,85,2846,2846.72,100,ok,0,0,0,0.00,0,0,0,0,0,N/A
2025-10-13 05:27:23,0,8877.76,69,85,2846,2846.72,100,ok,0,0,0,0.00,0,0,0,0,0,N/A
2025-10-13 05:27:28,0,8877.76,69,85,2846,2846.72,100,ok,0,0,0,0.00,0,0,0,0,0,N/A
2025-10-13 05:27:31,0,8877.76,69,85,2846,2846.72,100,ok,0,0,0,0.00,0,0,0,0,0,N/A
2025-10-13 05:27:35,0,8877.76,72,85,2846,2846.72,100,ok,0,0,0,0.00,0,0,0,0,0,N/A
2025-10-13 05:27:39,0,8877.76,72,85,2846,2846.72,100,ok,0,0,0,0.00,0,0,0,0,0,N/A
2025-10-13 05:27:42,0,8877.76,43,85,2846,2846.72,100,ok,0,0,0,0.00,0,0,0,0,0,N/A
2025-10-13 05:27:47,0,8877.76,43,85,2846,2846.72,100,ok,0,0,0,0.00,0,0,0,0,0,N/A
2025-10-13 05:27:50,0,8877.76,43,85,2846,2846.72,100,ok,0,0,0,0.00,0,0,0,0,0,N/A
2025-10-13 05:27:54,0,8877.76,48,85,2846,2846.72,100,ok,0,0,0,0.00,0,0,0,0,0,N/A
2025-10-13 05:27:59,0,8877.76,48,85,2846,2846.72,100,ok,0,0,0,0.00,0,0,0,0,0,N/A
2025-10-13 05:28:02,0,8877.76,48,85,2846,2846.72,100,ok,0,0,0,0.00,0,0,0,0,0,N/A
2025-10-13 05:28:08,0,8877.76,52,85,2846,2846.72,100,ok,0,0,0,0.00,0,0,0,0,0,N/A
2025-10-13 05:28:11,0,8877.76,52,85,2846,2846.72,100,ok,0,0,0,0.00,0,0,0,0,0,N/A
2025-10-13 05:28:14,0,8877.76,52,85,2846,2846.72,100,ok,0,0,0,0.00,0,0,0,0,0,N/A
2025-10-13 05:28:18,0,8877.76,55,85,2846,2846.72,100,ok,0,0,0,0.00,0,0,0,0,0,N/A
2025-10-13 05:28:22,0,8877.76,55,85,2846,2846.72,100,ok,0,0,0,0.00,0,0,0,0,0,N/A
2025-10-13 05:28:25,0,8877.76,55,85,2846,2846.72,100,ok,0,0,0,0.00,0,0,0,0,0,N/A
2025-10-13 05:28:28,0,8877.76,59,85,2846,2846.72,100,ok,0,0,0,0.00,0,0,0,0,0,N/A
2025-10-13 05:28:31,0,8877.76,59,85,2846,2846.72,100,ok,0,0,0,0.00,0,0,0,0,0,N/A
2025-10-13 05:28:35,0,8877.76,59,85,2846,2846.72,100,ok,0,0,0,0.00,0,0,0,0,0,N/A
2025-10-13 05:28:38,0,8877.76,62,85,2846,2846.72,100,ok,0,0,0,0.00,0,0,0,0,0,N/A
2025-10-13 05:28:42,0,8877.76,62,85,2846,2846.72,100,ok,0,0,0,0.00,0,0,0,0,0,N/A
2025-10-13 05:28:45,0,8877.76,66,85,2846,2846.72,100,ok,0,0,0,0.00,0,0,0,0,0,N/A
2025-10-13 05:28:48,0,8877.76,66,85,2846,2846.72,100,ok,0,0,0,0.00,0,0,0,0,0,N/A
2025-10-13 05:28:52,0,8877.76,66,85,2846,2846.72,100,ok,0,0,0,0.00,0,0,0,0,0,N/A
2025-10-13 05:28:57,0,8877.76,69,85,2846,2846.72,100,ok,0,0,0,0.00,0,0,0,0,0,N/A
2025-10-13 05:29:00,0,8877.76,69,85,2846,2846.72,100,ok,0,0,0,0.00,0,0,0,0,0,N/A
2025-10-13 05:29:04,0,8877.76,69,85,2846,2846.72,100,ok,0,0,0,0.00,0,0,0,0,0,N/A
2025-10-13 05:29:09,0,8877.76,43,85,2846,2846.72,100,ok,0,0,0,0.00,0,0,0,0,0,N/A
2025-10-13 05:29:12,0,8877.76,43,85,2846,2846.72,100,ok,0,0,0,0.00,0,0,0,0,0,N/A
2025-10-13 05:29:17,0,8877.76,46,85,2846,2846.72,100,ok,0,0,0,0.00,0,0,0,0,0,N/A
2025-10-13 05:29:21,0,8877.76,46,85,2846,2846.72,100,ok,0,0,0,0.00,0,0,0,0,0,N/A
2025-10-13 05:29:25,0,8877.76,46,85,2846,2846.72,100,ok,0,0,0,0.00,0,0,0,0,0,N/A
2025-10-13 05:29:28,0,8877.76,46,85,2846,2846.72,100,ok,0,0,0,0.00,0,0,0,0,0,N/A
2025-10-13 05:29:32,0,8877.76,50,85,2846,2846.72,100,ok,0,0,0,0.00,0,0,0,0,0,N/A
2025-10-13 05:29:35,0,8877.76,50,85,2846,2846.72,100,ok,0,0,0,0.00,0,0,0,0,0,N/A
2025-10-13 05:29:39,0,8877.76,53,85,2846,2846.72,100,ok,0,0,0,0.00,0,0,0,0,0,N/A
2025-10-13 05:29:43,0,8877.76,53,85,2846,2846.72,100,ok,0,0,0,0.00,0,0,0,0,0,N/A
2025-10-13 05:29:47,0,8877.76,53,85,2846,2846.72,100,ok,0,0,0,0.00,0,0,0,0,0,N/A
2025-10-13 05:29:51,0,8877.76,56,85,2846,2846.72,100,ok,0,0,0,0.00,0,0,0,0,0,N/A
2025-10-13 05:29:54,0,8877.76,56,85,2846,2846.72,100,ok,0,0,0,0.00,0,0,0,0,0,N/A
2025-10-13 05:29:58,0,8877.76,56,85,2846,2846.72,100,ok,0,0,0,0.00,0,0,0,0,0,N/A
2025-10-13 05:30:02,0,8877.76,60,85,2846,2846.72,100,ok,0,0,0,0.00,0,0,0,0,0,N/A
2025-10-13 05:30:07,0,8877.76,60,85,2846,2846.72,100,ok,0,0,0,0.00,0,0,0,0,0,N/A
2025-10-13 05:30:11,0,8877.76,60,85,2846,2846.72,100,ok,0,0,0,0.00,0,0,0,0,0,N/A
2025-10-13 05:30:15,0,8877.76,63,85,2846,2846.72,100,ok,0,0,0,0.00,0,0,0,0,0,N/A
2025-10-13 05:30:18,0,8877.76,63,85,2846,2846.72,100,ok,0,0,0,0.00,0,0,0,0,0,N/A
2025-10-13 05:30:21,0,8877.76,63,85,2846,2846.72,100,ok,0,0,0,0.00,0,0,0,0,0,N/A
2025-10-13 05:30:25,0,8877.76,67,85,2846,2846.72,100,ok,0,0,0,0.00,0,0,0,0,0,N/A
2025-10-13 05:30:28,0,8877.76,67,85,2846,2846.72,100,ok,0,0,0,0.00,0,0,0,0,0,N/A
2025-10-13 05:30:31,0,8877.76,67,85,2846,2846.72,100,ok,0,0,0,0.00,0,0,0,0,0,N/A
2025-10-13 05:30:35,0,8877.76,70,85,2846,2846.72,100,ok,0,0,0,0.00,0,0,0,0,0,N/A
2025-10-13 05:30:38,0,8877.76,70,85,2846,2846.72,100,ok,0,0,0,0.00,0,0,0,0,0,N/A
2025-10-13 05:30:42,0,8877.76,70,85,2846,2846.72,100,ok,0,0,0,0.00,0,0,0,0,0,N/A
2025-10-13 05:30:47,0,8877.76,43,86,2846,2846.72,100,ok,0,0,0,0.00,0,0,0,0,0,N/A
2025-10-13 05:30:51,0,8877.76,43,86,2846,2846.72,100,ok,0,0,0,0.00,0,0,0,0,0,N/A
2025-10-13 05:30:55,0,8877.76,46,86,2846,2846.72,100,ok,0,0,0,0.00,0,0,0,0,0,N/A
2025-10-13 05:30:58,0,8877.76,46,86,2846,2846.72,100,ok,0,0,0,0.00,0,0,0,0,0,N/A
2025-10-13 05:31:01,0,8877.76,46,86,2846,2846.72,100,ok,0,0,0,0.00,0,0,0,0,0,N/A
2025-10-13 05:31:05,0,8877.76,50,86,2846,2846.72,100,ok,0,0,0,0.00,0,0,0,0,0,N/A
2025-10-13 05:31:09,0,8877.76,50,86,2846,2846.72,100,ok,0,0,0,0.00,0,0,0,0,0,N/A
2025-10-13 05:31:12,0,8877.76,50,86,2846,2846.72,100,ok,0,0,0,0.00,0,0,0,0,0,N/A
2025-10-13 05:31:15,0,8877.76,53,86,2846,2846.72,100,ok,0,0,0,0.00,0,0,0,0,0,N/A
2025-10-13 05:31:18,0,8877.76,53,86,2846,2846.72,100,ok,0,0,0,0.00,0,0,0,0,0,N/A
2025-10-13 05:31:22,0,8877.76,53,86,2846,2846.72,100,ok,0,0,0,0.00,0,0,0,0,0,N/A
2025-10-13 05:31:31,0,8877.76,57,86,2846,2846.72,100,ok,0,0,0,0.00,0,0,0,0,0,N/A
2025-10-13 05:31:34,0,8877.76,62,86,2846,2846.72,100,ok,0,0,0,0.00,0,0,0,0,0,N/A
2025-10-13 05:31:38,0,8877.76,62,86,2846,2846.72,100,ok,0,0,0,0.00,0,0,0,0,0,N/A
2025-10-13 05:31:42,0,8877.76,62,86,2846,2846.72,100,ok,0,0,0,0.00,0,0,0,0,0,N/A
2025-10-13 05:31:45,0,8877.76,66,86,2846,2846.72,100,ok,0,0,0,0.00,0,0,0,0,0,N/A
2025-10-13 05:31:48,0,8877.76,66,86,2846,2846.72,100,ok,0,0,0,0.00,0,0,0,0,0,N/A
2025-10-13 05:31:52,0,8877.76,66,86,2846,2846.72,100,ok,0,0,0,0.00,0,0,0,0,0,N/A
2025-10-13 05:31:55,0,8877.76,66,86,2846,2846.72,100,ok,0,0,0,0.00,0,0,0,0,0,N/A
2025-10-13 05:31:59,0,8877.76,69,86,2846,2846.72,100,ok,0,0,0,0.00,0,0,0,0,0,N/A
2025-10-13 05:32:02,0,8877.76,69,86,2846,2846.72,100,ok,0,0,0,0.00,0,0,0,0,0,N/A
2025-10-13 05:32:07,0,8877.76,43,86,2846,2846.72,100,ok,0,0,0,0.00,0,0,0,0,0,N/A
2025-10-13 05:32:10,0,8877.76,43,86,2846,2846.72,100,ok,0,0,0,0.00,0,0,0,0,0,N/A
2025-10-13 05:32:14,0,8877.76,43,86,2846,2846.72,100,ok,0,0,0,0.00,0,0,0,0,0,N/A
2025-10-13 05:32:18,0,8877.76,46,86,2846,2846.72,100,ok,0,0,0,0.00,0,0,0,0,0,N/A
2025-10-13 05:32:22,0,8877.76,46,86,2846,2846.72,100,ok,0,0,0,0.00,0,0,0,0,0,N/A
2025-10-13 05:32:27,0,8877.76,46,86,2846,2846.72,100,ok,0,0,0,0.00,0,0,0,0,0,N/A
2025-10-13 05:32:30,0,8877.76,50,86,2846,2846.72,100,ok,0,0,0,0.00,0,0,0,0,0,N/A
2025-10-13 05:32:34,0,8877.76,50,86,2846,2846.72,100,ok,0,0,0,0.00,0,0,0,0,0,N/A
2025-10-13 05:32:38,0,8877.76,50,86,2846,2846.72,100,ok,0,0,0,0.00,0,0,0,0,0,N/A
2025-10-13 05:32:41,0,8877.76,53,86,2846,2846.72,100,ok,0,0,0,0.00,0,0,0,0,0,N/A
2025-10-13 05:32:45,0,8877.76,53,86,2846,2846.72,100,ok,0,0,0,0.00,0,0,0,0,0,N/A
2025-10-13 05:32:48,0,8877.76,53,86,2846,2846.72,100,ok,0,0,0,0.00,0,0,0,0,0,N/A
2025-10-13 05:32:51,0,8877.76,56,86,2846,2846.72,100,ok,0,0,0,0.00,0,0,0,0,0,N/A
2025-10-13 05:32:55,0,8877.76,56,86,2846,2846.72,100,ok,0,0,0,0.00,0,0,0,0,0,N/A
2025-10-13 05:32:58,0,8877.76,56,86,2846,2846.72,100,ok,0,0,0,0.00,0,0,0,0,0,N/A
2025-10-13 05:33:02,0,8877.76,60,86,2846,2846.72,100,ok,0,0,0,0.00,0,0,0,0,0,N/A
2025-10-13 05:33:07,0,8877.76,60,86,2846,2846.72,100,ok,0,0,0,0.00,0,0,0,0,0,N/A
2025-10-13 05:33:11,0,8877.76,60,86,2846,2846.72,100,ok,0,0,0,0.00,0,0,0,0,0,N/A
2025-10-13 05:33:14,0,8877.76,65,86,2846,2846.72,100,ok,0,0,0,0.00,0,0,0,0,0,N/A
2025-10-13 05:33:18,0,8877.76,65,86,2846,2846.72,100,ok,0,0,0,0.00,0,0,0,0,0,N/A
2025-10-13 05:33:21,0,8877.76,65,86,2846,2846.72,100,ok,0,0,0,0.00,0,0,0,0,0,N/A
2025-10-13 05:33:25,0,8877.76,65,86,2846,2846.72,100,ok,0,0,0,0.00,0,0,0,0,0,N/A
2025-10-13 05:33:29,0,8877.76,69,86,2846,2846.72,100,ok,0,0,0,0.00,0,0,0,0,0,N/A
2025-10-13 05:33:32,0,8877.76,69,86,2846,2846.72,100,ok,0,0,0,0.00,0,0,0,0,0,N/A
2025-10-13 05:33:37,0,8877.76,72,86,2846,2846.72,100,ok,0,0,0,0.00,0,0,0,0,0,N/A
2025-10-13 05:33:40,0,8877.76,72,86,2846,2846.72,100,ok,0,0,0,0.00,0,0,0,0,0,N/A
2025-10-13 05:33:44,0,8877.76,72,86,2846,2846.72,100,ok,0,0,0,0.00,0,0,0,0,0,N/A
2025-10-13 05:33:48,0,8877.76,72,86,2846,2846.72,100,ok,0,0,0,0.00,0,0,0,0,0,N/A
2025-10-13 05:33:52,0,8877.76,43,86,2846,2846.72,100,ok,0,0,0,0.00,0,0,0,0,0,N/A
2025-10-13 05:33:55,0,8877.76,43,86,2846,2846.72,100,ok,0,0,0,0.00,0,0,0,0,0,N/A
2025-10-13 05:33:58,0,8877.76,43,86,2846,2846.72,100,ok,0,0,0,0.00,0,0,0,0,0,N/A
2025-10-13 05:34:02,0,8877.76,47,86,2846,2846.72,100,ok,0,0,0,0.00,0,0,0,0,0,N/A
2025-10-13 05:34:07,0,8877.76,47,86,2846,2846.72,100,ok,0,0,0,0.00,0,0,0,0,0,N/A
2025-10-13 05:34:10,0,8877.76,50,86,2846,2846.72,100,ok,0,0,0,0.00,0,0,0,0,0,N/A
2025-10-13 05:34:14,0,8877.76,50,86,2846,2846.72,100,ok,0,0,0,0.00,0,0,0,0,0,N/A
2025-10-13 05:34:18,0,8877.76,50,86,2846,2846.72,100,ok,0,0,0,0.00,0,0,0,0,0,N/A
2025-10-13 05:34:22,0,8877.76,53,86,2846,2846.72,100,ok,0,0,0,0.00,0,0,0,0,0,N/A
2025-10-13 05:34:27,0,8877.76,53,86,2846,2846.72,100,ok,0,0,0,0.00,0,0,0,0,0,N/A
2025-10-13 05:34:31,0,8877.76,53,86,2846,2846.72,100,ok,0,0,0,0.00,0,0,0,0,0,N/A
2025-10-13 05:34:34,0,8877.76,57,86,2846,2846.72,100,ok,0,0,0,0.00,0,0,0,0,0,N/A
2025-10-13 05:34:39,0,8877.76,57,86,2846,2846.72,100,ok,0,0,0,0.00,0,0,0,0,0,N/A
2025-10-13 05:34:42,0,8877.76,57,86,2846,2846.72,100,ok,0,0,0,0.00,0,0,0,0,0,N/A
2025-10-13 05:34:47,0,8877.76,60,86,2846,2846.72,100,ok,0,0,0,0.00,0,0,0,0,0,N/A
2025-10-13 05:34:51,0,8877.76,60,86,2846,2846.72,100,ok,0,0,0,0.00,0,0,0,0,0,N/A
2025-10-13 05:34:54,0,8877.76,60,86,2846,2846.72,100,ok,0,0,0,0.00,0,0,0,0,0,N/A
2025-10-13 05:34:58,0,8877.76,65,86,2846,2846.72,100,ok,0,0,0,0.00,0,0,0,0,0,N/A
2025-10-13 05:35:02,0,8877.76,65,86,2846,2846.72,100,ok,0,0,0,0.00,0,0,0,0,0,N/A
2025-10-13 05:35:05,0,8877.76,65,86,2846,2846.72,100,ok,0,0,0,0.00,0,0,0,0,0,N/A
2025-10-13 05:35:09,0,8877.76,69,86,2846,2846.72,100,ok,0,0,0,0.00,0,0,0,0,0,N/A
2025-10-13 05:35:12,0,8877.76,69,86,2846,2846.72,100,ok,0,0,0,0.00,0,0,0,0,0,N/A
2025-10-13 05:35:17,0,8877.76,43,86,2846,2846.72,100,ok,0,0,0,0.00,0,0,0,0,0,N/A
2025-10-13 05:35:21,0,8877.76,43,86,2846,2846.72,100,ok,0,0,0,0.00,0,0,0,0,0,N/A
2025-10-13 05:35:25,0,8877.76,43,86,2846,2846.72,100,ok,0,0,0,0.00,0,0,0,0,0,N/A
2025-10-13 05:35:28,0,8877.76,46,86,2846,2846.72,100,ok,0,0,0,0.00,0,0,0,0,0,N/A
2025-10-13 05:35:32,0,8877.76,46,86,2846,2846.72,100,ok,0,0,0,0.00,0,0,0,0,0,N/A
2025-10-13 05:35:37,0,8877.76,50,86,2846,2846.72,100,ok,0,0,0,0.00,0,0,0,0,0,N/A
2025-10-13 05:35:40,0,8877.76,50,86,2846,2846.72,100,ok,0,0,0,0.00,0,0,0,0,0,N/A
2025-10-13 05:35:44,0,8877.76,50,86,2846,2846.72,100,ok,0,0,0,0.00,0,0,0,0,0,N/A
2025-10-13 05:35:48,0,8877.76,53,86,2846,2846.72,100,ok,0,0,0,0.00,0,0,0,0,0,N/A
2025-10-13 05:35:52,0,8877.76,53,86,2846,2846.72,100,ok,0,0,0,0.00,0,0,0,0,0,N/A
2025-10-13 05:35:58,0,8877.76,53,86,2846,2846.72,100,ok,0,0,0,0.00,0,0,0,0,0,N/A
2025-10-13 05:36:01,0,8877.76,57,86,2846,2846.72,100,ok,0,0,0,0.00,0,0,0,0,0,N/A
2025-10-13 05:36:05,0,8877.76,57,86,2846,2846.72,100,ok,0,0,0,0.00,0,0,0,0,0,N/A
2025-10-13 05:36:08,0,8877.76,57,86,2846,2846.72,100,ok,0,0,0,0.00,0,0,0,0,0,N/A
2025-10-13 05:36:12,0,8877.76,60,86,2846,2846.72,100,ok,0,0,0,0.00,0,0,0,0,0,N/A
2025-10-13 05:36:17,0,8877.76,60,86,2846,2846.72,100,ok,0,0,0,0.00,0,0,0,0,0,N/A
2025-10-13 05:36:20,0,8877.76,63,86,2846,2846.72,100,ok,0,0,0,0.00,0,0,0,0,0,N/A
2025-10-13 05:36:24,0,8877.76,63,86,2846,2846.72,100,ok,0,0,0,0.00,0,0,0,0,0,N/A
2025-10-13 05:36:32,0,8877.76,63,86,2846,2846.72,100,ok,0,0,0,0.00,0,0,0,0,0,N/A
2025-10-13 05:36:37,0,8877.76,67,86,2846,2846.72,100,ok,0,0,0,0.00,0,0,0,0,0,N/A
2025-10-13 05:36:41,0,8877.76,67,86,2846,2846.72,100,ok,0,0,0,0.00,0,0,0,0,0,N/A
2025-10-13 05:36:44,0,8877.76,72,86,2846,2846.72,100,ok,0,0,0,0.00,0,0,0,0,0,N/A
2025-10-13 05:36:48,0,8877.76,72,86,2846,2846.72,100,ok,0,0,0,0.00,0,0,0,0,0,N/A
2025-10-13 05:36:52,0,8877.76,72,86,2846,2846.72,100,ok,0,0,0,0.00,0,0,0,0,0,N/A
2025-10-13 05:36:56,0,8877.76,44,86,2846,2846.72,100,ok,0,0,0,0.00,0,0,0,0,0,N/A
2025-10-13 05:37:00,0,8877.76,44,86,2846,2846.72,100,ok,0,0,0,0.00,0,0,0,0,0,N/A
2025-10-13 05:37:04,0,8877.76,44,86,2846,2846.72,100,ok,0,0,0,0.00,0,0,0,0,0,N/A
2025-10-13 05:37:08,0,8877.76,47,86,2846,2846.72,100,ok,0,0,0,0.00,0,0,0,0,0,N/A
2025-10-13 05:37:12,0,8877.76,47,86,2846,2846.72,100,ok,0,0,0,0.00,0,0,0,0,0,N/A
2025-10-13 05:37:17,0,8877.76,47,86,2846,2846.72,100,ok,0,0,0,0.00,0,0,0,0,0,N/A
2025-10-13 05:37:21,0,8877.76,51,86,2846,2846.72,100,ok,0,0,0,0.00,0,0,0,0,0,N/A
2025-10-13 05:37:24,0,8877.76,51,86,2846,2846.72,100,ok,0,0,0,0.00,0,0,0,0,0,N/A
2025-10-13 05:37:28,0,8877.76,51,86,2846,2846.72,100,ok,0,0,0,0.00,0,0,0,0,0,N/A
2025-10-13 05:37:32,0,8877.76,54,86,2846,2846.72,100,ok,0,0,0,0.00,0,0,0,0,0,N/A
2025-10-13 05:37:37,0,8877.76,54,86,2846,2846.72,100,ok,0,0,0,0.00,0,0,0,0,0,N/A
2025-10-13 05:37:41,0,8877.76,57,86,2846,2846.72,100,ok,0,0,0,0.00,0,0,0,0,0,N/A
2025-10-13 05:37:44,0,8877.76,57,86,2846,2846.72,100,ok,0,0,0,0.00,0,0,0,0,0,N/A
2025-10-13 05:37:48,0,8877.76,57,86,2846,2846.72,100,ok,0,0,0,0.00,0,0,0,0,0,N/A
2025-10-13 05:37:52,0,8877.76,61,86,2846,2846.72,100,ok,0,0,0,0.00,0,0,0,0,0,N/A
2025-10-13 05:37:55,0,8877.76,61,86,2846,2846.72,100,ok,0,0,0,0.00,0,0,0,0,0,N/A
2025-10-13 05:37:58,0,8877.76,64,86,2846,2846.72,100,ok,0,0,0,0.00,0,0,0,0,0,N/A
2025-10-13 05:38:02,0,8877.76,64,86,2846,2846.72,100,ok,0,0,0,0.00,0,0,0,0,0,N/A
2025-10-13 05:38:07,0,8877.76,64,86,2846,2846.72,100,ok,0,0,0,0.00,0,0,0,0,0,N/A
2025-10-13 05:38:10,0,8877.76,64,86,2846,2846.72,100,ok,0,0,0,0.00,0,0,0,0,0,N/A
2025-10-13 05:38:14,0,8877.76,67,86,2846,2846.72,100,ok,0,0,0,0.00,0,0,0,0,0,N/A
2025-10-13 05:38:18,0,8877.76,67,86,2846,2846.72,100,ok,0,0,0,0.00,0,0,0,0,0,N/A
2025-10-13 05:38:22,0,8877.76,43,86,2846,2846.72,100,ok,0,0,0,0.00,0,0,0,0,0,N/A
2025-10-13 05:38:27,0,8877.76,43,86,2846,2846.72,100,ok,0,0,0,0.00,0,0,0,0,0,N/A
2025-10-13 05:38:31,0,8877.76,43,86,2846,2846.72,100,ok,0,0,0,0.00,0,0,0,0,0,N/A
2025-10-13 05:38:34,0,8877.76,48,86,2846,2846.72,100,ok,0,0,0,0.00,0,0,0,0,0,N/A
2025-10-13 05:38:38,0,8877.76,48,86,2846,2846.72,100,ok,0,0,0,0.00,0,0,0,0,0,N/A
2025-10-13 05:38:41,0,8877.76,48,86,2846,2846.72,100,ok,0,0,0,0.00,0,0,0,0,0,N/A
2025-10-13 05:38:45,0,8877.76,52,86,2846,2846.72,100,ok,0,0,0,0.00,0,0,0,0,0,N/A
2025-10-13 05:38:48,0,8877.76,52,86,2846,2846.72,100,ok,0,0,0,0.00,0,0,0,0,0,N/A
2025-10-13 05:38:52,0,8877.76,52,86,2846,2846.72,100,ok,0,0,0,0.00,0,0,0,0,0,N/A
2025-10-13 05:38:55,0,8877.76,55,86,2846,2846.72,100,ok,0,0,0,0.00,0,0,0,0,0,N/A
2025-10-13 05:38:58,0,8877.76,55,86,2846,2846.72,100,ok,0,0,0,0.00,0,0,0,0,0,N/A
2025-10-13 05:39:01,0,8877.76,55,86,2846,2846.72,100,ok,0,0,0,0.00,0,0,0,0,0,N/A
2025-10-13 05:39:05,0,8877.76,55,86,2846,2846.72,100,ok,0,0,0,0.00,0,0,0,0,0,N/A
2025-10-13 05:39:08,0,8877.76,59,86,2846,2846.72,100,ok,0,0,0,0.00,0,0,0,0,0,N/A
2025-10-13 05:39:12,0,8877.76,59,86,2846,2846.72,100,ok,0,0,0,0.00,0,0,0,0,0,N/A
2025-10-13 05:39:15,0,8877.76,62,86,2846,2846.72,100,ok,0,0,0,0.00,0,0,0,0,0,N/A
2025-10-13 05:39:18,0,8877.76,62,86,2846,2846.72,100,ok,0,0,0,0.00,0,0,0,0,0,N/A
2025-10-13 05:39:21,0,8877.76,62,86,2846,2846.72,100,ok,0,0,0,0.00,0,0,0,0,0,N/A
2025-10-13 05:39:25,0,8877.76,62,86,2846,2846.72,100,ok,0,0,0,0.00,0,0,0,0,0,N/A
2025-10-13 05:39:28,0,8877.76,65,86,2846,2846.72,100,ok,0,0,0,0.00,0,0,0,0,0,N/A
2025-10-13 05:39:32,0,8877.76,65,86,2846,2846.72,100,ok,0,0,0,0.00,0,0,0,0,0,N/A
2025-10-13 05:39:35,0,8877.76,69,86,2846,2846.72,100,ok,0,0,0,0.00,0,0,0,0,0,N/A
2025-10-13 05:39:38,0,8877.76,69,86,2846,2846.72,100,ok,0,0,0,0.00,0,0,0,0,0,N/A
2025-10-13 05:39:42,0,8877.76,69,86,2846,2846.72,100,ok,0,0,0,0.00,0,0,0,0,0,N/A
2025-10-13 05:39:47,0,8877.76,69,86,2846,2846.72,100,ok,0,0,0,0.00,0,0,0,0,0,N/A
2025-10-13 05:39:50,0,8877.76,72,86,2846,2846.72,100,ok,0,0,0,0.00,0,0,0,0,0,N/A
2025-10-13 05:39:54,0,8877.76,72,86,2846,2846.72,100,ok,0,0,0,0.00,0,0,0,0,0,N/A
2025-10-13 05:39:58,0,8877.76,43,86,2846,2846.72,100,ok,0,0,0,0.00,0,0,0,0,0,N/A
2025-10-13 05:40:01,0,8877.76,43,86,2846,2846.72,100,ok,0,0,0,0.00,0,0,0,0,0,N/A
2025-10-13 05:40:05,0,8877.76,43,86,2846,2846.72,100,ok,0,0,0,0.00,0,0,0,0,0,N/A
2025-10-13 05:40:08,0,8877.76,46,86,2846,2846.72,100,ok,0,0,0,0.00,0,0,0,0,0,N/A
2025-10-13 05:40:11,0,8877.76,46,86,2846,2846.72,100,ok,0,0,0,0.00,0,0,0,0,0,N/A
2025-10-13 05:40:15,0,8877.76,46,86,2846,2846.72,100,ok,0,0,0,0.00,0,0,0,0,0,N/A
2025-10-13 05:40:18,0,8877.76,50,86,2846,2846.72,100,ok,0,0,0,0.00,0,0,0,0,0,N/A
2025-10-13 05:40:22,0,8877.76,50,86,2846,2846.72,100,ok,0,0,0,0.00,0,0,0,0,0,N/A
2025-10-13 05:40:27,0,8877.76,50,86,2846,2846.72,100,ok,0,0,0,0.00,0,0,0,0,0,N/A
2025-10-13 05:40:30,0,8877.76,53,86,2846,2846.72,100,ok,0,0,0,0.00,0,0,0,0,0,N/A
2025-10-13 05:40:34,0,8877.76,53,86,2846,2846.72,100,ok,0,0,0,0.00,0,0,0,0,0,N/A
2025-10-13 05:40:38,0,8877.76,53,86,2846,2846.72,100,ok,0,0,0,0.00,0,0,0,0,0,N/A
2025-10-13 05:40:41,0,8877.76,57,86,2846,2846.72,100,ok,0,0,0,0.00,0,0,0,0,0,N/A
2025-10-13 05:40:45,0,8877.76,57,86,2846,2846.72,100,ok,0,0,0,0.00,0,0,0,0,0,N/A
2025-10-13 05:40:48,0,8877.76,57,86,2846,2846.72,100,ok,0,0,0,0.00,0,0,0,0,0,N/A
2025-10-13 05:40:51,0,8877.76,60,86,2846,2846.72,100,ok,0,0,0,0.00,0,0,0,0,0,N/A
2025-10-13 05:40:55,0,8877.76,60,86,2846,2846.72,100,ok,0,0,0,0.00,0,0,0,0,0,N/A
2025-10-13 05:40:58,0,8877.76,60,86,2846,2846.72,100,ok,0,0,0,0.00,0,0,0,0,0,N/A
2025-10-13 05:41:01,0,8877.76,63,86,2846,2846.72,100,ok,0,0,0,0.00,0,0,0,0,0,N/A
2025-10-13 05:41:05,0,8877.76,63,86,2846,2846.72,100,ok,0,0,0,0.00,0,0,0,0,0,N/A
2025-10-13 05:41:08,0,8877.76,63,86,2846,2846.72,100,ok,0,0,0,0.00,0,0,0,0,0,N/A
2025-10-13 05:41:12,0,8877.76,63,86,2846,2846.72,100,ok,0,0,0,0.00,0,0,0,0,0,N/A
2025-10-13 05:41:17,0,8877.76,67,86,2846,2846.72,100,ok,0,0,0,0.00,0,0,0,0,0,N/A
2025-10-13 05:41:21,0,8877.76,67,86,2846,2846.72,100,ok,0,0,0,0.00,0,0,0,0,0,N/A
2025-10-13 05:41:25,0,8877.76,43,86,2846,2846.72,100,ok,0,0,0,0.00,0,0,0,0,0,N/A
2025-10-13 05:41:31,0,8877.76,43,86,2846,2846.72,100,ok,0,0,0,0.00,0,0,0,0,0,N/A
2025-10-13 05:41:35,0,8877.76,46,86,2846,2846.72,100,ok,0,0,0,0.00,0,0,0,0,0,N/A
2025-10-13 05:41:38,0,8877.76,46,86,2846,2846.72,100,ok,0,0,0,0.00,0,0,0,0,0,N/A
2025-10-13 05:41:41,0,8877.76,46,86,2846,2846.72,100,ok,0,0,0,0.00,0,0,0,0,0,N/A
2025-10-13 05:41:45,0,8877.76,50,86,2846,2846.72,100,ok,0,0,0,0.00,0,0,0,0,0,N/A
2025-10-13 05:41:48,0,8877.76,50,86,2846,2846.72,100,ok,0,0,0,0.00,0,0,0,0,0,N/A
2025-10-13 05:41:52,0,8877.76,50,86,2846,2846.72,100,ok,0,0,0,0.00,0,0,0,0,0,N/A
2025-10-13 05:41:55,0,8877.76,53,86,2846,2846.72,100,ok,0,0,0,0.00,0,0,0,0,0,N/A
2025-10-13 05:41:58,0,8877.76,53,86,2846,2846.72,100,ok,0,0,0,0.00,0,0,0,0,0,N/A
2025-10-13 05:42:02,0,8877.76,56,86,2846,2846.72,100,ok,0,0,0,0.00,0,0,0,0,0,N/A
2025-10-13 05:42:07,0,8877.76,56,86,2846,2846.72,100,ok,0,0,0,0.00,0,0,0,0,0,N/A
2025-10-13 05:42:10,0,8877.76,56,86,2846,2846.72,100,ok,0,0,0,0.00,0,0,0,0,0,N/A
2025-10-13 05:42:14,0,8877.76,61,86,2846,2846.72,100,ok,0,0,0,0.00,0,0,0,0,0,N/A
2025-10-13 05:42:18,0,8877.76,61,86,2846,2846.72,100,ok,0,0,0,0.00,0,0,0,0,0,N/A
2025-10-13 05:42:22,0,8877.76,61,86,2846,2846.72,100,ok,0,0,0,0.00,0,0,0,0,0,N/A
2025-10-13 05:42:27,0,8877.76,66,86,2846,2846.72,100,ok,0,0,0,0.00,0,0,0,0,0,N/A
2025-10-13 05:42:30,0,8877.76,66,86,2846,2846.72,100,ok,0,0,0,0.00,0,0,0,0,0,N/A
2025-10-13 05:42:33,0,8877.76,66,86,2846,2846.72,100,ok,0,0,0,0.00,0,0,0,0,0,N/A
2025-10-13 05:42:38,0,8877.76,69,86,2846,2846.72,100,ok,0,0,0,0.00,0,0,0,0,0,N/A
2025-10-13 05:42:42,0,8877.76,69,86,2846,2846.72,100,ok,0,0,0,0.00,0,0,0,0,0,N/A
2025-10-13 05:42:45,0,8877.76,69,86,2846,2846.72,100,ok,0,0,0,0.00,0,0,0,0,0,N/A
2025-10-13 05:42:48,0,8877.76,69,86,2846,2846.72,100,ok,0,0,0,0.00,0,0,0,0,0,N/A
2025-10-13 05:42:52,0,8877.76,72,86,2846,2846.72,100,ok,0,0,0,0.00,0,0,0,0,0,N/A
2025-10-13 05:42:57,0,8877.76,72,86,2846,2846.72,100,ok,0,0,0,0.00,0,0,0,0,0,N/A
2025-10-13 05:43:01,0,8877.76,43,86,2846,2846.72,100,ok,0,0,0,0.00,0,0,0,0,0,N/A
2025-10-13 05:43:04,0,8877.76,43,86,2846,2846.72,100,ok,0,0,0,0.00,0,0,0,0,0,N/A
2025-10-13 05:43:08,0,8877.76,43,86,2846,2846.72,100,ok,0,0,0,0.00,0,0,0,0,0,N/A
2025-10-13 05:43:12,0,8877.76,47,86,2846,2846.72,100,ok,0,0,0,0.00,0,0,0,0,0,N/A
2025-10-13 05:43:17,0,8877.76,47,86,2846,2846.72,100,ok,0,0,0,0.00,0,0,0,0,0,N/A
2025-10-13 05:43:20,0,8877.76,50,86,2846,2846.72,100,ok,0,0,0,0.00,0,0,0,0,0,N/A
2025-10-13 05:43:24,0,8877.76,50,86,2846,2846.72,100,ok,0,0,0,0.00,0,0,0,0,0,N/A
2025-10-13 05:43:28,0,8877.76,50,86,2846,2846.72,100,ok,0,0,0,0.00,0,0,0,0,0,N/A
2025-10-13 05:43:33,0,8877.76,53,86,2846,2846.72,100,ok,0,0,0,0.00,0,0,0,0,0,N/A
2025-10-13 05:43:39,0,8877.76,53,86,2846,2846.72,100,ok,0,0,0,0.00,0,0,0,0,0,N/A
2025-10-13 05:43:42,0,8877.76,53,86,2846,2846.72,100,ok,0,0,0,0.00,0,0,0,0,0,N/A
2025-10-13 05:43:48,0,8877.76,57,86,2846,2846.72,100,ok,0,0,0,0.00,0,0,0,0,0,N/A
2025-10-13 05:43:53,0,8877.76,57,86,2846,2846.72,100,ok,0,0,0,0.00,0,0,0,0,0,N/A
2025-10-13 05:43:58,0,8877.76,60,86,2846,2846.72,100,ok,0,0,0,0.00,0,0,0,0,0,N/A
2025-10-13 05:44:03,0,8877.76,60,86,2846,2846.72,100,ok,0,0,0,0.00,0,0,0,0,0,N/A
2025-10-13 05:44:08,0,8877.76,64,86,2846,2846.72,100,ok,0,0,0,0.00,0,0,0,0,0,N/A
2025-10-13 05:44:12,0,8877.76,64,86,2846,2846.72,100,ok,0,0,0,0.00,0,0,0,0,0,N/A
2025-10-13 05:44:17,0,8877.76,69,86,2846,2846.72,100,ok,0,0,0,0.00,0,0,0,0,0,N/A
2025-10-13 05:44:21,0,8877.76,69,86,2846,2846.72,100,ok,0,0,0,0.00,0,0,0,0,0,N/A
2025-10-13 05:44:27,0,8877.76,43,86,2846,2846.72,100,ok,0,0,0,0.00,0,0,0,0,0,N/A
2025-10-13 05:44:31,0,8877.76,43,86,2846,2846.72,100,ok,0,0,0,0.00,0,0,0,0,0,N/A
2025-10-13 05:44:35,0,8877.76,43,86,2846,2846.72,100,ok,0,0,0,0.00,0,0,0,0,0,N/A
2025-10-13 05:44:39,0,8877.76,47,86,2846,2846.72,100,ok,0,0,0,0.00,0,0,0,0,0,N/A
2025-10-13 05:44:43,0,8877.76,47,86,2846,2846.72,100,ok,0,0,0,0.00,0,0,0,0,0,N/A
2025-10-13 05:44:50,0,8877.76,50,86,2846,2846.72,100,ok,0,0,0,0.00,0,0,0,0,0,N/A
2025-10-13 05:44:54,0,8877.76,50,86,2846,2846.72,100,ok,0,0,0,0.00,0,0,0,0,0,N/A
2025-10-13 05:44:59,0,8877.76,50,86,2846,2846.72,100,ok,0,0,0,0.00,0,0,0,0,0,N/A
2025-10-13 05:45:03,0,8877.76,53,86,2846,2846.72,100,ok,0,0,0,0.00,0,0,0,0,0,N/A
2025-10-13 05:45:08,0,8877.76,53,86,2846,2846.72,100,ok,0,0,0,0.00,0,0,0,0,0,N/A
2025-10-13 05:45:12,0,8877.76,53,86,2846,2846.72,100,ok,0,0,0,0.00,0,0,0,0,0,N/A
2025-10-13 05:45:17,0,8877.76,57,86,2846,2846.72,100,ok,0,0,0,0.00,0,0,0,0,0,N/A
2025-10-13 05:45:21,0,8877.76,57,86,2846,2846.72,100,ok,0,0,0,0.00,0,0,0,0,0,N/A
2025-10-13 05:45:25,0,8877.76,60,86,2846,2846.72,100,ok,0,0,0,0.00,0,0,0,0,0,N/A
2025-10-13 05:45:29,0,8877.76,60,86,2846,2846.72,100,ok,0,0,0,0.00,0,0,0,0,0,N/A
2025-10-13 05:45:33,0,8877.76,64,86,2846,2846.72,100,ok,0,0,0,0.00,0,0,0,0,0,N/A
2025-10-13 05:45:38,0,8877.76,64,86,2846,2846.72,100,ok,0,0,0,0.00,0,0,0,0,0,N/A
2025-10-13 05:45:42,0,8877.76,64,86,2846,2846.72,100,ok,0,0,0,0.00,0,0,0,0,0,N/A
2025-10-13 05:45:47,0,8877.76,69,86,2846,2846.72,100,ok,0,0,0,0.00,0,0,0,0,0,N/A
2025-10-13 05:45:52,0,8877.76,69,86,2846,2846.72,100,ok,0,0,0,0.00,0,0,0,0,0,N/A
2025-10-13 05:45:58,0,8877.76,72,86,2846,2846.72,100,ok,0,0,0,0.00,0,0,0,0,0,N/A
2025-10-13 05:46:01,0,8877.76,72,86,2846,2846.72,100,ok,0,0,0,0.00,0,0,0,0,0,N/A
2025-10-13 05:46:05,0,8877.76,72,86,2846,2846.72,100,ok,0,0,0,0.00,0,0,0,0,0,N/A
2025-10-13 05:46:08,0,8877.76,43,86,2846,2846.72,100,ok,0,0,0,0.00,0,0,0,0,0,N/A
2025-10-13 05:46:12,0,8877.76,43,86,2846,2846.72,100,ok,0,0,0,0.00,0,0,0,0,0,N/A
2025-10-13 05:46:17,0,8877.76,47,86,2846,2846.72,100,ok,0,0,0,0.00,0,0,0,0,0,N/A
2025-10-13 05:46:22,0,8877.76,47,86,2846,2846.72,100,ok,0,0,0,0.00,0,0,0,0,0,N/A
2025-10-13 05:46:31,0,8877.76,50,86,2846,2846.72,100,ok,0,0,0,0.00,0,0,0,0,0,N/A
2025-10-13 05:46:35,0,8877.76,50,86,2846,2846.72,100,ok,0,0,0,0.00,0,0,0,0,0,N/A
2025-10-13 05:46:38,0,8877.76,50,86,2846,2846.72,100,ok,0,0,0,0.00,0,0,0,0,0,N/A
2025-10-13 05:46:41,0,8877.76,54,86,2846,2846.72,100,ok,0,0,0,0.00,0,0,0,0,0,N/A
2025-10-13 05:46:45,0,8877.76,54,86,2846,2846.72,100,ok,0,0,0,0.00,0,0,0,0,0,N/A
2025-10-13 05:46:48,0,8877.76,57,86,2846,2846.72,100,ok,0,0,0,0.00,0,0,0,0,0,N/A
2025-10-13 05:46:52,0,8877.76,57,86,2846,2846.72,100,ok,0,0,0,0.00,0,0,0,0,0,N/A
2025-10-13 05:46:57,0,8877.76,57,86,2846,2846.72,100,ok,0,0,0,0.00,0,0,0,0,0,N/A
2025-10-13 05:47:00,0,8877.76,57,86,2846,2846.72,100,ok,0,0,0,0.00,0,0,0,0,0,N/A
2025-10-13 05:47:04,0,8877.76,60,86,2846,2846.72,100,ok,0,0,0,0.00,0,0,0,0,0,N/A
2025-10-13 05:47:08,0,8877.76,60,86,2846,2846.72,100,ok,0,0,0,0.00,0,0,0,0,0,N/A
2025-10-13 05:47:11,0,8877.76,64,86,2846,2846.72,100,ok,0,0,0,0.00,0,0,0,0,0,N/A
2025-10-13 05:47:15,0,8877.76,64,86,2846,2846.72,100,ok,0,0,0,0.00,0,0,0,0,0,N/A
2025-10-13 05:47:18,0,8877.76,64,86,2846,2846.72,100,ok,0,0,0,0.00,0,0,0,0,0,N/A
2025-10-13 05:47:22,0,8877.76,64,86,2846,2846.72,100,ok,0,0,0,0.00,0,0,0,0,0,N/A
2025-10-13 05:47:26,0,8877.76,67,86,2846,2846.72,100,ok,0,0,0,0.00,0,0,0,0,0,N/A
2025-10-13 05:47:29,0,8877.76,67,86,2846,2846.72,100,ok,0,0,0,0.00,0,0,0,0,0,N/A
2025-10-13 05:47:32,0,8877.76,43,86,2846,2846.72,100,ok,0,0,0,0.00,0,0,0,0,0,N/A
2025-10-13 05:47:38,0,8877.76,43,86,2846,2846.72,100,ok,0,0,0,0.00,0,0,0,0,0,N/A
2025-10-13 05:47:42,0,8877.76,43,86,2846,2846.72,100,ok,0,0,0,0.00,0,0,0,0,0,N/A
2025-10-13 05:47:45,0,8877.76,46,86,2846,2846.72,100,ok,0,0,0,0.00,0,0,0,0,0,N/A
2025-10-13 05:47:49,0,8877.76,46,86,2846,2846.72,100,ok,0,0,0,0.00,0,0,0,0,0,N/A
2025-10-13 05:47:52,0,8877.76,46,86,2846,2846.72,100,ok,0,0,0,0.00,0,0,0,0,0,N/A
2025-10-13 05:47:57,0,8877.76,50,86,2846,2846.72,100,ok,0,0,0,0.00,0,0,0,0,0,N/A
2025-10-13 05:48:00,0,8877.76,50,86,2846,2846.72,100,ok,0,0,0,0.00,0,0,0,0,0,N/A
2025-10-13 05:48:04,0,8877.76,50,86,2846,2846.72,100,ok,0,0,0,0.00,0,0,0,0,0,N/A
2025-10-13 05:48:08,0,8877.76,55,86,2846,2846.72,100,ok,0,0,0,0.00,0,0,0,0,0,N/A
2025-10-13 05:48:12,0,8877.76,55,86,2846,2846.72,100,ok,0,0,0,0.00,0,0,0,0,0,N/A
2025-10-13 05:48:15,0,8877.76,55,86,2846,2846.72,100,ok,0,0,0,0.00,0,0,0,0,0,N/A
2025-10-13 05:48:18,0,8877.76,59,86,2846,2846.72,100,ok,0,0,0,0.00,0,0,0,0,0,N/A
2025-10-13 05:48:22,0,8877.76,59,86,2846,2846.72,100,ok,0,0,0,0.00,0,0,0,0,0,N/A
2025-10-13 05:48:25,0,8877.76,62,86,2846,2846.72,100,ok,0,0,0,0.00,0,0,0,0,0,N/A
2025-10-13 05:48:28,0,8877.76,62,86,2846,2846.72,100,ok,0,0,0,0.00,0,0,0,0,0,N/A
2025-10-13 05:48:32,0,8877.76,62,86,2846,2846.72,100,ok,0,0,0,0.00,0,0,0,0,0,N/A
2025-10-13 05:48:38,0,8877.76,65,86,2846,2846.72,100,ok,0,0,0,0.00,0,0,0,0,0,N/A
2025-10-13 05:48:41,0,8877.76,65,86,2846,2846.72,100,ok,0,0,0,0.00,0,0,0,0,0,N/A
2025-10-13 05:48:45,0,8877.76,65,86,2846,2846.72,100,ok,0,0,0,0.00,0,0,0,0,0,N/A
2025-10-13 05:48:49,0,8877.76,69,86,2846,2846.72,100,ok,0,0,0,0.00,0,0,0,0,0,N/A
2025-10-13 05:48:52,0,8877.76,69,86,2846,2846.72,100,ok,0,0,0,0.00,0,0,0,0,0,N/A
2025-10-13 05:48:57,0,8877.76,72,86,2846,2846.72,100,ok,0,0,0,0.00,0,0,0,0,0,N/A
2025-10-13 05:49:00,0,8877.76,72,86,2846,2846.72,100,ok,0,0,0,0.00,0,0,0,0,0,N/A
2025-10-13 05:49:04,0,8877.76,72,86,2846,2846.72,100,ok,0,0,0,0.00,0,0,0,0,0,N/A
2025-10-13 05:49:08,0,8877.76,43,86,2846,2846.72,100,ok,0,0,0,0.00,0,0,0,0,0,N/A
2025-10-13 05:49:12,0,8877.76,43,86,2846,2846.72,100,ok,0,0,0,0.00,0,0,0,0,0,N/A
2025-10-13 05:49:15,0,8877.76,43,86,2846,2846.72,100,ok,0,0,0,0.00,0,0,0,0,0,N/A
2025-10-13 05:49:19,0,8877.76,43,86,2846,2846.72,100,ok,0,0,0,0.00,0,0,0,0,0,N/A
2025-10-13 05:49:23,0,8877.76,47,86,2846,2846.72,100,ok,0,0,0,0.00,0,0,0,0,0,N/A
2025-10-13 05:49:28,0,8877.76,47,86,2846,2846.72,100,ok,0,0,0,0.00,0,0,0,0,0,N/A
2025-10-13 05:49:32,0,8877.76,50,86,2846,2846.72,100,ok,0,0,0,0.00,0,0,0,0,0,N/A
2025-10-13 05:49:35,0,8877.76,50,86,2846,2846.72,100,ok,0,0,0,0.00,0,0,0,0,0,N/A
2025-10-13 05:49:39,0,8877.76,53,86,2846,2846.72,100,ok,0,0,0,0.00,0,0,0,0,0,N/A
2025-10-13 05:49:42,0,8877.76,53,86,2846,2846.72,100,ok,0,0,0,0.00,0,0,0,0,0,N/A
2025-10-13 05:49:48,0,8877.76,53,86,2846,2846.72,100,ok,0,0,0,0.00,0,0,0,0,0,N/A
2025-10-13 05:49:52,0,8877.76,57,86,2846,2846.72,100,ok,0,0,0,0.00,0,0,0,0,0,N/A
2025-10-13 05:49:57,0,8877.76,57,86,2846,2846.72,100,ok,0,0,0,0.00,0,0,0,0,0,N/A
2025-10-13 05:50:01,0,8877.76,60,86,2846,2846.72,100,ok,0,0,0,0.00,0,0,0,0,0,N/A
2025-10-13 05:50:07,0,8877.76,60,86,2846,2846.72,100,ok,0,0,0,0.00,0,0,0,0,0,N/A
2025-10-13 05:50:10,0,8877.76,60,86,2846,2846.72,100,ok,0,0,0,0.00,0,0,0,0,0,N/A
2025-10-13 05:50:14,0,8877.76,63,86,2846,2846.72,100,ok,0,0,0,0.00,0,0,0,0,0,N/A
2025-10-13 05:50:18,0,8877.76,63,86,2846,2846.72,100,ok,0,0,0,0.00,0,0,0,0,0,N/A
2025-10-13 05:50:22,0,8877.76,63,86,2846,2846.72,100,ok,0,0,0,0.00,0,0,0,0,0,N/A
2025-10-13 05:50:27,0,8877.76,67,86,2846,2846.72,100,ok,0,0,0,0.00,0,0,0,0,0,N/A
2025-10-13 05:50:30,0,8877.76,67,86,2846,2846.72,100,ok,0,0,0,0.00,0,0,0,0,0,N/A
2025-10-13 05:50:34,0,8877.76,45,86,2846,2846.72,100,ok,0,0,0,0.00,0,0,0,0,0,N/A
2025-10-13 05:50:38,0,8877.76,45,86,2846,2846.72,100,ok,0,0,0,0.00,0,0,0,0,0,N/A
2025-10-13 05:50:42,0,8877.76,45,86,2846,2846.72,100,ok,0,0,0,0.00,0,0,0,0,0,N/A
2025-10-13 05:50:45,0,8877.76,48,86,2846,2846.72,100,ok,0,0,0,0.00,0,0,0,0,0,N/A
2025-10-13 05:50:48,0,8877.76,48,86,2846,2846.72,100,ok,0,0,0,0.00,0,0,0,0,0,N/A
2025-10-13 05:50:52,0,8877.76,48,86,2846,2846.72,100,ok,0,0,0,0.00,0,0,0,0,0,N/A
2025-10-13 05:50:57,0,8877.76,52,86,2846,2846.72,100,ok,0,0,0,0.00,0,0,0,0,0,N/A
2025-10-13 05:51:01,0,8877.76,52,86,2846,2846.72,100,ok,0,0,0,0.00,0,0,0,0,0,N/A
2025-10-13 05:51:05,0,8877.76,52,86,2846,2846.72,100,ok,0,0,0,0.00,0,0,0,0,0,N/A
2025-10-13 05:51:10,0,8877.76,55,86,2846,2846.72,100,ok,0,0,0,0.00,0,0,0,0,0,N/A
2025-10-13 05:51:14,0,8877.76,55,86,2846,2846.72,100,ok,0,0,0,0.00,0,0,0,0,0,N/A
2025-10-13 05:51:18,0,8877.76,59,86,2846,2846.72,100,ok,0,0,0,0.00,0,0,0,0,0,N/A
2025-10-13 05:51:22,0,8877.76,59,86,2846,2846.72,100,ok,0,0,0,0.00,0,0,0,0,0,N/A
2025-10-13 05:51:32,0,8877.76,62,86,2846,2846.72,100,ok,0,0,0,0.00,0,0,0,0,0,N/A
2025-10-13 05:51:37,0,8877.76,66,86,2846,2846.72,100,ok,0,0,0,0.00,0,0,0,0,0,N/A
2025-10-13 05:51:40,0,8877.76,66,86,2846,2846.72,100,ok,0,0,0,0.00,0,0,0,0,0,N/A
2025-10-13 05:51:44,0,8877.76,66,86,2846,2846.72,100,ok,0,0,0,0.00,0,0,0,0,0,N/A
2025-10-13 05:51:48,0,8877.76,69,86,2846,2846.72,100,ok,0,0,0,0.00,0,0,0,0,0,N/A
2025-10-13 05:51:52,0,8877.76,69,86,2846,2846.72,100,ok,0,0,0,0.00,0,0,0,0,0,N/A
2025-10-13 05:51:57,0,8877.76,69,86,2846,2846.72,100,ok,0,0,0,0.00,0,0,0,0,0,N/A
2025-10-13 05:52:01,0,8877.76,72,86,2846,2846.72,100,ok,0,0,0,0.00,0,0,0,0,0,N/A
2025-10-13 05:52:05,0,8877.76,72,86,2846,2846.72,100,ok,0,0,0,0.00,0,0,0,0,0,N/A
2025-10-13 05:52:09,0,8877.76,43,86,2846,2846.72,100,ok,0,0,0,0.00,0,0,0,0,0,N/A
2025-10-13 05:52:13,0,8877.76,43,86,2846,2846.72,100,ok,0,0,0,0.00,0,0,0,0,0,N/A
2025-10-13 05:52:18,0,8877.76,43,86,2846,2846.72,100,ok,0,0,0,0.00,0,0,0,0,0,N/A
2025-10-13 05:52:22,0,8877.76,47,86,2846,2846.72,100,ok,0,0,0,0.00,0,0,0,0,0,N/A
2025-10-13 05:52:27,0,8877.76,47,86,2846,2846.72,100,ok,0,0,0,0.00,0,0,0,0,0,N/A
2025-10-13 05:52:32,0,8877.76,50,86,2846,2846.72,100,ok,0,0,0,0.00,0,0,0,0,0,N/A
2025-10-13 05:52:36,0,8877.76,50,86,2846,2846.72,100,ok,0,0,0,0.00,0,0,0,0,0,N/A
2025-10-13 05:52:40,0,8877.76,53,86,2846,2846.72,100,ok,0,0,0,0.00,0,0,0,0,0,N/A
2025-10-13 05:52:43,0,8877.76,53,86,2846,2846.72,100,ok,0,0,0,0.00,0,0,0,0,0,N/A
2025-10-13 05:52:48,0,8877.76,53,86,2846,2846.72,100,ok,0,0,0,0.00,0,0,0,0,0,N/A
2025-10-13 05:52:52,0,8877.76,57,86,2846,2846.72,100,ok,0,0,0,0.00,0,0,0,0,0,N/A
2025-10-13 05:52:57,0,8877.76,57,86,2846,2846.72,100,ok,0,0,0,0.00,0,0,0,0,0,N/A
2025-10-13 05:53:02,0,8877.76,57,86,2846,2846.72,100,ok,0,0,0,0.00,0,0,0,0,0,N/A
2025-10-13 05:53:05,0,8877.76,60,86,2846,2846.72,100,ok,0,0,0,0.00,0,0,0,0,0,N/A
2025-10-13 05:53:09,0,8877.76,60,86,2846,2846.72,100,ok,0,0,0,0.00,0,0,0,0,0,N/A
2025-10-13 05:53:12,0,8877.76,64,86,2846,2846.72,100,ok,0,0,0,0.00,0,0,0,0,0,N/A
2025-10-13 05:53:17,0,8877.76,64,86,2846,2846.72,100,ok,0,0,0,0.00,0,0,0,0,0,N/A
2025-10-13 05:53:21,0,8877.76,64,86,2846,2846.72,100,ok,0,0,0,0.00,0,0,0,0,0,N/A
2025-10-13 05:53:24,0,8877.76,64,86,2846,2846.72,100,ok,0,0,0,0.00,0,0,0,0,0,N/A
2025-10-13 05:53:29,0,8877.76,69,86,2846,2846.72,100,ok,0,0,0,0.00,0,0,0,0,0,N/A
2025-10-13 05:53:32,0,8877.76,69,86,2846,2846.72,100,ok,0,0,0,0.00,0,0,0,0,0,N/A
2025-10-13 05:53:37,0,8877.76,43,86,2846,2846.72,100,ok,0,0,0,0.00,0,0,0,0,0,N/A
2025-10-13 05:53:40,0,8877.76,43,86,2846,2846.72,100,ok,0,0,0,0.00,0,0,0,0,0,N/A
2025-10-13 05:53:44,0,8877.76,43,86,2846,2846.72,100,ok,0,0,0,0.00,0,0,0,0,0,N/A
2025-10-13 05:53:48,0,8877.76,47,86,2846,2846.72,100,ok,0,0,0,0.00,0,0,0,0,0,N/A
2025-10-13 05:53:52,0,8877.76,47,86,2846,2846.72,100,ok,0,0,0,0.00,0,0,0,0,0,N/A
2025-10-13 05:53:55,0,8877.76,50,86,2846,2846.72,100,ok,0,0,0,0.00,0,0,0,0,0,N/A
2025-10-13 05:53:58,0,8877.76,50,86,2846,2846.72,100,ok,0,0,0,0.00,0,0,0,0,0,N/A
2025-10-13 05:54:02,0,8877.76,50,86,2846,2846.72,100,ok,0,0,0,0.00,0,0,0,0,0,N/A
2025-10-13 05:54:07,0,8877.76,53,86,2846,2846.72,100,ok,0,0,0,0.00,0,0,0,0,0,N/A
2025-10-13 05:54:12,0,8877.76,53,86,2846,2846.72,100,ok,0,0,0,0.00,0,0,0,0,0,N/A
2025-10-13 05:54:17,0,8877.76,53,86,2846,2846.72,100,ok,0,0,0,0.00,0,0,0,0,0,N/A
2025-10-13 05:54:21,0,8877.76,57,86,2846,2846.72,100,ok,0,0,0,0.00,0,0,0,0,0,N/A
2025-10-13 05:54:25,0,8877.76,57,86,2846,2846.72,100,ok,0,0,0,0.00,0,0,0,0,0,N/A
2025-10-13 05:54:28,0,8877.76,57,86,2846,2846.72,100,ok,0,0,0,0.00,0,0,0,0,0,N/A
2025-10-13 05:54:31,0,8877.76,60,86,2846,2846.72,100,ok,0,0,0,0.00,0,0,0,0,0,N/A
2025-10-13 05:54:35,0,8877.76,60,86,2846,2846.72,100,ok,0,0,0,0.00,0,0,0,0,0,N/A
2025-10-13 05:54:38,0,8877.76,63,86,2846,2846.72,100,ok,0,0,0,0.00,0,0,0,0,0,N/A
2025-10-13 05:54:42,0,8877.76,63,86,2846,2846.72,100,ok,0,0,0,0.00,0,0,0,0,0,N/A
2025-10-13 05:54:47,0,8877.76,63,86,2846,2846.72,100,ok,0,0,0,0.00,0,0,0,0,0,N/A
2025-10-13 05:54:51,0,8877.76,67,86,2846,2846.72,100,ok,0,0,0,0.00,0,0,0,0,0,N/A
2025-10-13 05:54:55,0,8877.76,67,86,2846,2846.72,100,ok,0,0,0,0.00,0,0,0,0,0,N/A
2025-10-13 05:54:58,0,8877.76,67,86,2846,2846.72,100,ok,0,0,0,0.00,0,0,0,0,0,N/A
2025-10-13 05:55:02,0,8877.76,70,86,2846,2846.72,100,ok,0,0,0,0.00,0,0,0,0,0,N/A
2025-10-13 05:55:05,0,8877.76,70,86,2846,2846.72,100,ok,0,0,0,0.00,0,0,0,0,0,N/A
2025-10-13 05:55:08,0,8877.76,70,86,2846,2846.72,100,ok,0,0,0,0.00,0,0,0,0,0,N/A
2025-10-13 05:55:12,0,8877.76,43,86,2846,2846.72,100,ok,0,0,0,0.00,0,0,0,0,0,N/A
2025-10-13 05:55:17,0,8877.76,43,86,2846,2846.72,100,ok,0,0,0,0.00,0,0,0,0,0,N/A
2025-10-13 05:55:20,0,8877.76,47,86,2846,2846.72,100,ok,0,0,0,0.00,0,0,0,0,0,N/A
2025-10-13 05:55:24,0,8877.76,47,86,2846,2846.72,100,ok,0,0,0,0.00,0,0,0,0,0,N/A
2025-10-13 05:55:28,0,8877.76,47,86,2846,2846.72,100,ok,0,0,0,0.00,0,0,0,0,0,N/A
2025-10-13 05:55:32,0,8877.76,50,86,2846,2846.72,100,ok,0,0,0,0.00,0,0,0,0,0,N/A
2025-10-13 05:55:36,0,8877.76,50,86,2846,2846.72,100,ok,0,0,0,0.00,0,0,0,0,0,N/A
2025-10-13 05:55:39,0,8877.76,50,86,2846,2846.72,100,ok,0,0,0,0.00,0,0,0,0,0,N/A
2025-10-13 05:55:43,0,8877.76,53,86,2846,2846.72,100,ok,0,0,0,0.00,0,0,0,0,0,N/A
2025-10-13 05:55:48,0,8877.76,53,86,2846,2846.72,100,ok,0,0,0,0.00,0,0,0,0,0,N/A
2025-10-13 05:55:52,0,8877.76,53,86,2846,2846.72,100,ok,0,0,0,0.00,0,0,0,0,0,N/A
2025-10-13 05:55:57,0,8877.76,57,86,2846,2846.72,100,ok,0,0,0,0.00,0,0,0,0,0,N/A
2025-10-13 05:56:00,0,8877.76,57,86,2846,2846.72,100,ok,0,0,0,0.00,0,0,0,0,0,N/A
2025-10-13 05:56:04,0,8877.76,62,86,2846,2846.72,100,ok,0,0,0,0.00,0,0,0,0,0,N/A
2025-10-13 05:56:08,0,8877.76,62,86,2846,2846.72,100,ok,0,0,0,0.00,0,0,0,0,0,N/A
2025-10-13 05:56:12,0,8877.76,62,86,2846,2846.72,100,ok,0,0,0,0.00,0,0,0,0,0,N/A
2025-10-13 05:56:15,0,8877.76,66,86,2846,2846.72,100,ok,0,0,0,0.00,0,0,0,0,0,N/A
2025-10-13 05:56:19,0,8877.76,66,86,2846,2846.72,100,ok,0,0,0,0.00,0,0,0,0,0,N/A
2025-10-13 05:56:22,0,8877.76,66,86,2846,2846.72,100,ok,0,0,0,0.00,0,0,0,0,0,N/A
2025-10-13 05:56:32,0,8877.76,69,86,2846,2846.72,100,ok,0,0,0,0.00,0,0,0,0,0,N/A
2025-10-13 05:56:37,0,8877.76,69,86,2846,2846.72,100,ok,0,0,0,0.00,0,0,0,0,0,N/A
2025-10-13 05:56:41,0,8877.76,43,86,2846,2846.72,100,ok,0,0,0,0.00,0,0,0,0,0,N/A
2025-10-13 05:56:45,0,8877.76,43,86,2846,2846.72,100,ok,0,0,0,0.00,0,0,0,0,0,N/A
2025-10-13 05:56:48,0,8877.76,46,86,2846,2846.72,100,ok,0,0,0,0.00,0,0,0,0,0,N/A
2025-10-13 05:56:52,0,8877.76,46,86,2846,2846.72,100,ok,0,0,0,0.00,0,0,0,0,0,N/A
2025-10-13 05:56:57,0,8877.76,46,86,2846,2846.72,100,ok,0,0,0,0.00,0,0,0,0,0,N/A
2025-10-13 05:57:00,0,8877.76,50,86,2846,2846.72,100,ok,0,0,0,0.00,0,0,0,0,0,N/A
2025-10-13 05:57:04,0,8877.76,50,86,2846,2846.72,100,ok,0,0,0,0.00,0,0,0,0,0,N/A
2025-10-13 05:57:08,0,8877.76,53,86,2846,2846.72,100,ok,0,0,0,0.00,0,0,0,0,0,N/A
2025-10-13 05:57:12,0,8877.76,53,86,2846,2846.72,100,ok,0,0,0,0.00,0,0,0,0,0,N/A
2025-10-13 05:57:17,0,8877.76,53,86,2846,2846.72,100,ok,0,0,0,0.00,0,0,0,0,0,N/A
2025-10-13 05:57:21,0,8877.76,56,86,2846,2846.72,100,ok,0,0,0,0.00,0,0,0,0,0,N/A
2025-10-13 05:57:25,0,8877.76,56,86,2846,2846.72,100,ok,0,0,0,0.00,0,0,0,0,0,N/A
2025-10-13 05:57:29,0,8877.76,56,86,2846,2846.72,100,ok,0,0,0,0.00,0,0,0,0,0,N/A
2025-10-13 05:57:33,0,8877.76,60,86,2846,2846.72,100,ok,0,0,0,0.00,0,0,0,0,0,N/A
2025-10-13 05:57:38,0,8877.76,60,86,2846,2846.72,100,ok,0,0,0,0.00,0,0,0,0,0,N/A
2025-10-13 05:57:41,0,8877.76,63,86,2846,2846.72,100,ok,0,0,0,0.00,0,0,0,0,0,N/A
2025-10-13 05:57:45,0,8877.76,63,86,2846,2846.72,100,ok,0,0,0,0.00,0,0,0,0,0,N/A
2025-10-13 05:57:49,0,8877.76,63,86,2846,2846.72,100,ok,0,0,0,0.00,0,0,0,0,0,N/A
2025-10-13 05:57:52,0,8877.76,67,86,2846,2846.72,100,ok,0,0,0,0.00,0,0,0,0,0,N/A
2025-10-13 05:57:57,0,8877.76,67,86,2846,2846.72,100,ok,0,0,0,0.00,0,0,0,0,0,N/A
2025-10-13 05:58:01,0,8877.76,70,86,2846,2846.72,100,ok,0,0,0,0.00,0,0,0,0,0,N/A
2025-10-13 05:58:05,0,8877.76,70,86,2846,2846.72,100,ok,0,0,0,0.00,0,0,0,0,0,N/A
2025-10-13 05:58:09,0,8877.76,70,86,2846,2846.72,100,ok,0,0,0,0.00,0,0,0,0,0,N/A
2025-10-13 05:58:12,0,8877.76,43,86,2846,2846.72,100,ok,0,0,0,0.00,0,0,0,0,0,N/A
2025-10-13 05:58:18,0,8877.76,43,86,2846,2846.72,100,ok,0,0,0,0.00,0,0,0,0,0,N/A
2025-10-13 05:58:22,0,8877.76,47,86,2846,2846.72,100,ok,0,0,0,0.00,0,0,0,0,0,N/A
2025-10-13 05:58:27,0,8877.76,47,86,2846,2846.72,100,ok,0,0,0,0.00,0,0,0,0,0,N/A
2025-10-13 05:58:31,0,8877.76,50,86,2846,2846.72,100,ok,0,0,0,0.00,0,0,0,0,0,N/A
2025-10-13 05:58:35,0,8877.76,50,86,2846,2846.72,100,ok,0,0,0,0.00,0,0,0,0,0,N/A
2025-10-13 05:58:38,0,8877.76,50,86,2846,2846.72,100,ok,0,0,0,0.00,0,0,0,0,0,N/A
2025-10-13 05:58:42,0,8877.76,53,86,2846,2846.72,100,ok,0,0,0,0.00,0,0,0,0,0,N/A
2025-10-13 05:58:47,0,8877.76,53,86,2846,2846.72,100,ok,0,0,0,0.00,0,0,0,0,0,N/A
2025-10-13 05:58:51,0,8877.76,53,86,2846,2846.72,100,ok,0,0,0,0.00,0,0,0,0,0,N/A
2025-10-13 05:58:55,0,8877.76,57,86,2846,2846.72,100,ok,0,0,0,0.00,0,0,0,0,0,N/A
2025-10-13 05:58:59,0,8877.76,57,86,2846,2846.72,100,ok,0,0,0,0.00,0,0,0,0,0,N/A
2025-10-13 05:59:02,0,8877.76,60,86,2846,2846.72,100,ok,0,0,0,0.00,0,0,0,0,0,N/A
2025-10-13 05:59:08,0,8877.76,60,86,2846,2846.72,100,ok,0,0,0,0.00,0,0,0,0,0,N/A
2025-10-13 05:59:11,0,8877.76,60,86,2846,2846.72,100,ok,0,0,0,0.00,0,0,0,0,0,N/A
2025-10-13 05:59:15,0,8877.76,63,86,2846,2846.72,100,ok,0,0,0,0.00,0,0,0,0,0,N/A
2025-10-13 05:59:20,0,8877.76,63,86,2846,2846.72,100,ok,0,0,0,0.00,0,0,0,0,0,N/A
2025-10-13 05:59:23,0,8877.76,68,86,2846,2846.72,100,ok,0,0,0,0.00,0,0,0,0,0,N/A
2025-10-13 05:59:28,0,8877.76,68,86,2846,2846.72,100,ok,0,0,0,0.00,0,0,0,0,0,N/A
2025-10-13 05:59:32,0,8877.76,68,86,2846,2846.72,100,ok,0,0,0,0.00,0,0,0,0,0,N/A
2025-10-13 05:59:38,0,8877.76,44,86,2846,2846.72,100,ok,0,0,0,0.00,0,0,0,0,0,N/A
2025-10-13 05:59:41,0,8877.76,44,86,2846,2846.72,100,ok,0,0,0,0.00,0,0,0,0,0,N/A
2025-10-13 05:59:45,0,8877.76,47,86,2846,2846.72,100,ok,0,0,0,0.00,0,0,0,0,0,N/A
2025-10-13 05:59:48,0,8877.76,47,86,2846,2846.72,100,ok,0,0,0,0.00,0,0,0,0,0,N/A
2025-10-13 05:59:52,0,8877.76,47,86,2846,2846.72,100,ok,0,0,0,0.00,0,0,0,0,0,N/A
2025-10-13 05:59:58,0,8877.76,51,86,2846,2846.72,100,ok,0,0,0,0.00,0,0,0,0,0,N/A
2025-10-13 06:00:02,0,8877.76,51,86,2846,2846.72,100,ok,0,0,0,0.00,0,0,0,0,0,N/A
2025-10-13 06:00:05,0,8877.76,51,86,2846,2846.72,100,ok,0,0,0,0.00,0,0,0,0,0,N/A
2025-10-13 06:00:09,0,8877.76,54,86,2846,2846.72,100,ok,0,0,0,0.00,0,0,0,0,0,N/A
2025-10-13 06:00:13,0,8877.76,54,86,2846,2846.72,100,ok,0,0,0,0.00,0,0,0,0,0,N/A
2025-10-13 06:00:18,0,8877.76,58,86,2846,2846.72,100,ok,0,0,0,0.00,0,0,0,0,0,N/A
2025-10-13 06:00:22,0,8877.76,58,86,2846,2846.72,100,ok,0,0,0,0.00,0,0,0,0,0,N/A
2025-10-13 06:00:27,0,8877.76,61,86,2846,2846.72,100,ok,0,0,0,0.00,0,0,0,0,0,N/A
2025-10-13 06:00:30,0,8877.76,61,86,2846,2846.72,100,ok,0,0,0,0.00,0,0,0,0,0,N/A
2025-10-13 06:00:35,0,8877.76,61,86,2846,2846.72,100,ok,0,0,0,0.00,0,0,0,0,0,N/A
2025-10-13 06:00:38,0,8877.76,65,86,2846,2846.72,100,ok,0,0,0,0.00,0,0,0,0,0,N/A
2025-10-13 06:00:41,0,8877.76,65,86,2846,2846.72,100,ok,0,0,0,0.00,0,0,0,0,0,N/A
2025-10-13 06:00:45,0,8877.76,65,86,2846,2846.72,100,ok,0,0,0,0.00,0,0,0,0,0,N/A
2025-10-13 06:00:49,0,8877.76,68,86,2846,2846.72,100,ok,0,0,0,0.00,0,0,0,0,0,N/A
2025-10-13 06:00:53,0,8877.76,68,86,2846,2846.72,100,ok,0,0,0,0.00,0,0,0,0,0,N/A
2025-10-13 06:00:58,0,8877.76,68,86,2846,2846.72,100,ok,0,0,0,0.00,0,0,0,0,0,N/A
2025-10-13 06:01:02,0,8877.76,72,86,2846,2846.72,100,ok,0,0,0,0.00,0,0,0,0,0,N/A
2025-10-13 06:01:08,0,8877.76,72,86,2846,2846.72,100,ok,0,0,0,0.00,0,0,0,0,0,N/A
2025-10-13 06:01:12,0,8877.76,43,86,2846,2846.72,100,ok,0,0,0,0.00,0,0,0,0,0,N/A
2025-10-13 06:01:15,0,8877.76,43,86,2846,2846.72,100,ok,0,0,0,0.00,0,0,0,0,0,N/A
2025-10-13 06:01:19,0,8877.76,43,86,2846,2846.72,100,ok,0,0,0,0.00,0,0,0,0,0,N/A
2025-10-13 06:01:23,0,8877.76,47,86,2846,2846.72,100,ok,0,0,0,0.00,0,0,0,0,0,N/A
2025-10-13 06:01:33,0,8877.76,50,86,2846,2846.72,100,ok,0,0,0,0.00,0,0,0,0,0,N/A
2025-10-13 06:01:38,0,8877.76,50,86,2846,2846.72,100,ok,0,0,0,0.00,0,0,0,0,0,N/A
2025-10-13 06:01:42,0,8877.76,53,86,2846,2846.72,100,ok,0,0,0,0.00,0,0,0,0,0,N/A
2025-10-13 06:01:47,0,8877.76,53,86,2846,2846.72,100,ok,0,0,0,0.00,0,0,0,0,0,N/A
2025-10-13 06:01:51,0,8877.76,57,86,2846,2846.72,100,ok,0,0,0,0.00,0,0,0,0,0,N/A
2025-10-13 06:01:54,0,8877.76,57,86,2846,2846.72,100,ok,0,0,0,0.00,0,0,0,0,0,N/A
2025-10-13 06:01:58,0,8877.76,57,86,2846,2846.72,100,ok,0,0,0,0.00,0,0,0,0,0,N/A
2025-10-13 06:02:02,0,8877.76,60,86,2846,2846.72,100,ok,0,0,0,0.00,0,0,0,0,0,N/A
2025-10-13 06:02:07,0,8877.76,60,86,2846,2846.72,100,ok,0,0,0,0.00,0,0,0,0,0,N/A
2025-10-13 06:02:11,0,8877.76,60,86,2846,2846.72,100,ok,0,0,0,0.00,0,0,0,0,0,N/A
2025-10-13 06:02:15,0,8877.76,64,86,2846,2846.72,100,ok,0,0,0,0.00,0,0,0,0,0,N/A
2025-10-13 06:02:18,0,8877.76,64,86,2846,2846.72,100,ok,0,0,0,0.00,0,0,0,0,0,N/A
2025-10-13 06:02:22,0,8877.76,64,86,2846,2846.72,100,ok,0,0,0,0.00,0,0,0,0,0,N/A
2025-10-13 06:02:28,0,8877.76,67,86,2846,2846.72,100,ok,0,0,0,0.00,0,0,0,0,0,N/A
2025-10-13 06:02:32,0,8877.76,67,86,2846,2846.72,100,ok,0,0,0,0.00,0,0,0,0,0,N/A
2025-10-13 06:02:38,0,8877.76,43,87,2846,2846.72,100,ok,0,0,0,0.00,0,0,0,0,0,N/A
2025-10-13 06:02:41,0,8877.76,43,87,2846,2846.72,100,ok,0,0,0,0.00,0,0,0,0,0,N/A
2025-10-13 06:02:45,0,8877.76,46,87,2846,2846.72,100,ok,0,0,0,0.00,0,0,0,0,0,N/A
2025-10-13 06:02:49,0,8877.76,46,87,2846,2846.72,100,ok,0,0,0,0.00,0,0,0,0,0,N/A
2025-10-13 06:02:53,0,8877.76,46,87,2846,2846.72,100,ok,0,0,0,0.00,0,0,0,0,0,N/A
2025-10-13 06:02:58,0,8877.76,49,87,2846,2846.72,100,ok,0,0,0,0.00,0,0,0,0,0,N/A
2025-10-13 06:03:01,0,8877.76,49,87,2846,2846.72,100,ok,0,0,0,0.00,0,0,0,0,0,N/A
2025-10-13 06:03:05,0,8877.76,55,87,2846,2846.72,100,ok,0,0,0,0.00,0,0,0,0,0,N/A
2025-10-13 06:03:08,0,8877.76,55,87,2846,2846.72,100,ok,0,0,0,0.00,0,0,0,0,0,N/A
2025-10-13 06:03:12,0,8877.76,55,87,2846,2846.72,100,ok,0,0,0,0.00,0,0,0,0,0,N/A
2025-10-13 06:03:17,0,8877.76,55,87,2846,2846.72,100,ok,0,0,0,0.00,0,0,0,0,0,N/A
2025-10-13 06:03:20,0,8877.76,59,87,2846,2846.72,100,ok,0,0,0,0.00,0,0,0,0,0,N/A
2025-10-13 06:03:24,0,8877.76,59,87,2846,2846.72,100,ok,0,0,0,0.00,0,0,0,0,0,N/A
2025-10-13 06:03:28,0,8877.76,62,87,2846,2846.72,100,ok,0,0,0,0.00,0,0,0,0,0,N/A
2025-10-13 06:03:33,0,8877.76,62,87,2846,2846.72,100,ok,0,0,0,0.00,0,0,0,0,0,N/A
2025-10-13 06:03:38,0,8877.76,62,87,2846,2846.72,100,ok,0,0,0,0.00,0,0,0,0,0,N/A
2025-10-13 06:03:42,0,8877.76,66,87,2846,2846.72,100,ok,0,0,0,0.00,0,0,0,0,0,N/A
2025-10-13 06:03:45,0,8877.76,66,87,2846,2846.72,100,ok,0,0,0,0.00,0,0,0,0,0,N/A
2025-10-13 06:03:49,0,8877.76,69,87,2846,2846.72,100,ok,0,0,0,0.00,0,0,0,0,0,N/A
2025-10-13 06:03:52,0,8877.76,69,87,2846,2846.72,100,ok,0,0,0,0.00,0,0,0,0,0,N/A
2025-10-13 06:03:57,0,8877.76,69,87,2846,2846.72,100,ok,0,0,0,0.00,0,0,0,0,0,N/A
2025-10-13 06:04:01,0,8877.76,69,87,2846,2846.72,100,ok,0,0,0,0.00,0,0,0,0,0,N/A
2025-10-13 06:04:05,0,8877.76,72,87,2846,2846.72,100,ok,0,0,0,0.00,0,0,0,0,0,N/A
2025-10-13 06:04:08,0,8877.76,72,87,2846,2846.72,100,ok,0,0,0,0.00,0,0,0,0,0,N/A
2025-10-13 06:04:12,0,8877.76,43,87,2846,2846.72,100,ok,0,0,0,0.00,0,0,0,0,0,N/A
2025-10-13 06:04:18,0,8877.76,43,87,2846,2846.72,100,ok,0,0,0,0.00,0,0,0,0,0,N/A
2025-10-13 06:04:24,0,8877.76,48,87,2846,2846.72,100,ok,0,0,0,0.00,0,0,0,0,0,N/A
2025-10-13 06:04:28,0,8877.76,48,87,2846,2846.72,100,ok,0,0,0,0.00,0,0,0,0,0,N/A
2025-10-13 06:04:32,0,8877.76,48,87,2846,2846.72,100,ok,0,0,0,0.00,0,0,0,0,0,N/A
2025-10-13 06:04:37,0,8877.76,52,87,2846,2846.72,100,ok,0,0,0,0.00,0,0,0,0,0,N/A
2025-10-13 06:04:40,0,8877.76,52,87,2846,2846.72,100,ok,0,0,0,0.00,0,0,0,0,0,N/A
2025-10-13 06:04:44,0,8877.76,55,87,2846,2846.72,100,ok,0,0,0,0.00,0,0,0,0,0,N/A
2025-10-13 06:04:49,0,8877.76,55,87,2846,2846.72,100,ok,0,0,0,0.00,0,0,0,0,0,N/A
2025-10-13 06:04:52,0,8877.76,55,87,2846,2846.72,100,ok,0,0,0,0.00,0,0,0,0,0,N/A
2025-10-13 06:04:57,0,8877.76,59,87,2846,2846.72,100,ok,0,0,0,0.00,0,0,0,0,0,N/A
2025-10-13 06:05:01,0,8877.76,59,87,2846,2846.72,100,ok,0,0,0,0.00,0,0,0,0,0,N/A
2025-10-13 06:05:05,0,8877.76,63,87,2846,2846.72,100,ok,0,0,0,0.00,0,0,0,0,0,N/A
2025-10-13 06:05:08,0,8877.76,63,87,2846,2846.72,100,ok,0,0,0,0.00,0,0,0,0,0,N/A
2025-10-13 06:05:12,0,8877.76,63,87,2846,2846.72,100,ok,0,0,0,0.00,0,0,0,0,0,N/A
2025-10-13 06:05:18,0,8877.76,66,87,2846,2846.72,100,ok,0,0,0,0.00,0,0,0,0,0,N/A
2025-10-13 06:05:21,0,8877.76,66,87,2846,2846.72,100,ok,0,0,0,0.00,0,0,0,0,0,N/A
2025-10-13 06:05:25,0,8877.76,69,87,2846,2846.72,100,ok,0,0,0,0.00,0,0,0,0,0,N/A
2025-10-13 06:05:29,0,8877.76,69,87,2846,2846.72,100,ok,0,0,0,0.00,0,0,0,0,0,N/A
2025-10-13 06:05:33,0,8877.76,69,87,2846,2846.72,100,ok,0,0,0,0.00,0,0,0,0,0,N/A
2025-10-13 06:05:38,0,8877.76,43,87,2846,2846.72,100,ok,0,0,0,0.00,0,0,0,0,0,N/A
2025-10-13 06:05:41,0,8877.76,43,87,2846,2846.72,100,ok,0,0,0,0.00,0,0,0,0,0,N/A
2025-10-13 06:05:44,0,8877.76,43,87,2846,2846.72,100,ok,0,0,0,0.00,0,0,0,0,0,N/A
2025-10-13 06:05:48,0,8877.76,46,87,2846,2846.72,100,ok,0,0,0,0.00,0,0,0,0,0,N/A
2025-10-13 06:05:51,0,8877.76,46,87,2846,2846.72,100,ok,0,0,0,0.00,0,0,0,0,0,N/A
2025-10-13 06:05:55,0,8877.76,46,87,2846,2846.72,100,ok,0,0,0,0.00,0,0,0,0,0,N/A
2025-10-13 06:05:58,0,8877.76,50,87,2846,2846.72,100,ok,0,0,0,0.00,0,0,0,0,0,N/A
2025-10-13 06:06:02,0,8877.76,50,87,2846,2846.72,100,ok,0,0,0,0.00,0,0,0,0,0,N/A
2025-10-13 06:06:07,0,8877.76,53,87,2846,2846.72,100,ok,0,0,0,0.00,0,0,0,0,0,N/A
2025-10-13 06:06:10,0,8877.76,53,87,2846,2846.72,100,ok,0,0,0,0.00,0,0,0,0,0,N/A
2025-10-13 06:06:14,0,8877.76,53,87,2846,2846.72,100,ok,0,0,0,0.00,0,0,0,0,0,N/A
2025-10-13 06:06:18,0,8877.76,56,87,2846,2846.72,100,ok,0,0,0,0.00,0,0,0,0,0,N/A
2025-10-13 06:06:21,0,8877.76,56,87,2846,2846.72,100,ok,0,0,0,0.00,0,0,0,0,0,N/A
2025-10-13 06:06:25,0,8877.76,56,87,2846,2846.72,100,ok,0,0,0,0.00,0,0,0,0,0,N/A
2025-10-13 06:06:30,0,8877.76,60,87,2846,2846.72,100,ok,0,0,0,0.00,0,0,0,0,0,N/A
2025-10-13 06:06:34,0,8877.76,60,87,2846,2846.72,100,ok,0,0,0,0.00,0,0,0,0,0,N/A
2025-10-13 06:06:38,0,8877.76,60,87,2846,2846.72,100,ok,0,0,0,0.00,0,0,0,0,0,N/A
2025-10-13 06:06:41,0,8877.76,63,87,2846,2846.72,100,ok,0,0,0,0.00,0,0,0,0,0,N/A
2025-10-13 06:06:45,0,8877.76,63,87,2846,2846.72,100,ok,0,0,0,0.00,0,0,0,0,0,N/A
2025-10-13 06:06:48,0,8877.76,63,87,2846,2846.72,100,ok,0,0,0,0.00,0,0,0,0,0,N/A
2025-10-13 06:06:52,0,8877.76,67,87,2846,2846.72,100,ok,0,0,0,0.00,0,0,0,0,0,N/A
2025-10-13 06:06:55,0,8877.76,67,87,2846,2846.72,100,ok,0,0,0,0.00,0,0,0,0,0,N/A
2025-10-13 06:06:58,0,8877.76,70,87,2846,2846.72,100,ok,0,0,0,0.00,0,0,0,0,0,N/A
2025-10-13 06:07:02,0,8877.76,70,87,2846,2846.72,100,ok,0,0,0,0.00,0,0,0,0,0,N/A
2025-10-13 06:07:05,0,8877.76,70,87,2846,2846.72,100,ok,0,0,0,0.00,0,0,0,0,0,N/A
2025-10-13 06:07:09,0,8877.76,43,87,2846,2846.72,100,ok,0,0,0,0.00,0,0,0,0,0,N/A
2025-10-13 06:07:12,0,8877.76,43,87,2846,2846.72,100,ok,0,0,0,0.00,0,0,0,0,0,N/A
2025-10-13 06:07:17,0,8877.76,43,87,2846,2846.72,100,ok,0,0,0,0.00,0,0,0,0,0,N/A
2025-10-13 06:07:20,0,8877.76,47,87,2846,2846.72,100,ok,0,0,0,0.00,0,0,0,0,0,N/A
2025-10-13 06:07:24,0,8877.76,47,87,2846,2846.72,100,ok,0,0,0,0.00,0,0,0,0,0,N/A
2025-10-13 06:07:28,0,8877.76,47,87,2846,2846.72,100,ok,0,0,0,0.00,0,0,0,0,0,N/A
2025-10-13 06:07:32,0,8877.76,50,87,2846,2846.72,100,ok,0,0,0,0.00,0,0,0,0,0,N/A
2025-10-13 06:07:37,0,8877.76,50,87,2846,2846.72,100,ok,0,0,0,0.00,0,0,0,0,0,N/A
2025-10-13 06:07:40,0,8877.76,50,87,2846,2846.72,100,ok,0,0,0,0.00,0,0,0,0,0,N/A
2025-10-13 06:07:44,0,8877.76,55,87,2846,2846.72,100,ok,0,0,0,0.00,0,0,0,0,0,N/A
2025-10-13 06:07:48,0,8877.76,55,87,2846,2846.72,100,ok,0,0,0,0.00,0,0,0,0,0,N/A
2025-10-13 06:07:52,0,8877.76,55,87,2846,2846.72,100,ok,0,0,0,0.00,0,0,0,0,0,N/A
2025-10-13 06:07:55,0,8877.76,55,87,2846,2846.72,100,ok,0,0,0,0.00,0,0,0,0,0,N/A
2025-10-13 06:07:59,0,8877.76,59,87,2846,2846.72,100,ok,0,0,0,0.00,0,0,0,0,0,N/A
2025-10-13 06:08:03,0,8877.76,59,87,2846,2846.72,100,ok,0,0,0,0.00,0,0,0,0,0,N/A
2025-10-13 06:08:07,0,8877.76,63,87,2846,2846.72,100,ok,0,0,0,0.00,0,0,0,0,0,N/A
2025-10-13 06:08:11,0,8877.76,63,87,2846,2846.72,100,ok,0,0,0,0.00,0,0,0,0,0,N/A
2025-10-13 06:08:15,0,8877.76,63,87,2846,2846.72,100,ok,0,0,0,0.00,0,0,0,0,0,N/A
2025-10-13 06:08:19,0,8877.76,66,87,2846,2846.72,100,ok,0,0,0,0.00,0,0,0,0,0,N/A
2025-10-13 06:08:22,0,8877.76,66,87,2846,2846.72,100,ok,0,0,0,0.00,0,0,0,0,0,N/A
2025-10-13 06:08:27,0,8877.76,69,87,2846,2846.72,100,ok,0,0,0,0.00,0,0,0,0,0,N/A
2025-10-13 06:08:31,0,8877.76,69,87,2846,2846.72,100,ok,0,0,0,0.00,0,0,0,0,0,N/A
2025-10-13 06:08:35,0,8877.76,69,87,2846,2846.72,100,ok,0,0,0,0.00,0,0,0,0,0,N/A
2025-10-13 06:08:39,0,8877.76,43,87,2846,2846.72,100,ok,0,0,0,0.00,0,0,0,0,0,N/A
2025-10-13 06:08:42,0,8877.76,43,87,2846,2846.72,100,ok,0,0,0,0.00,0,0,0,0,0,N/A
2025-10-13 06:08:47,0,8877.76,43,87,2846,2846.72,100,ok,0,0,0,0.00,0,0,0,0,0,N/A
2025-10-13 06:08:51,0,8877.76,46,87,2846,2846.72,100,ok,0,0,0,0.00,0,0,0,0,0,N/A
2025-10-13 06:08:55,0,8877.76,46,87,2846,2846.72,100,ok,0,0,0,0.00,0,0,0,0,0,N/A
2025-10-13 06:08:59,0,8877.76,50,87,2846,2846.72,100,ok,0,0,0,0.00,0,0,0,0,0,N/A
2025-10-13 06:09:03,0,8877.76,50,87,2846,2846.72,100,ok,0,0,0,0.00,0,0,0,0,0,N/A
2025-10-13 06:09:08,0,8877.76,50,87,2846,2846.72,100,ok,0,0,0,0.00,0,0,0,0,0,N/A
2025-10-13 06:09:12,0,8877.76,53,87,2846,2846.72,100,ok,0,0,0,0.00,0,0,0,0,0,N/A
2025-10-13 06:09:18,0,8877.76,53,87,2846,2846.72,100,ok,0,0,0,0.00,0,0,0,0,0,N/A
2025-10-13 06:09:21,0,8877.76,56,87,2846,2846.72,100,ok,0,0,0,0.00,0,0,0,0,0,N/A
2025-10-13 06:09:27,0,8877.76,56,87,2846,2846.72,100,ok,0,0,0,0.00,0,0,0,0,0,N/A
2025-10-13 06:09:31,0,8877.76,60,87,2846,2846.72,100,ok,0,0,0,0.00,0,0,0,0,0,N/A
2025-10-13 06:09:35,0,8877.76,60,87,2846,2846.72,100,ok,0,0,0,0.00,0,0,0,0,0,N/A
2025-10-13 06:09:39,0,8877.76,60,87,2846,2846.72,100,ok,0,0,0,0.00,0,0,0,0,0,N/A
2025-10-13 06:09:43,0,8877.76,63,87,2846,2846.72,100,ok,0,0,0,0.00,0,0,0,0,0,N/A
2025-10-13 06:09:48,0,8877.76,63,87,2846,2846.72,100,ok,0,0,0,0.00,0,0,0,0,0,N/A
2025-10-13 06:09:52,0,8877.76,63,87,2846,2846.72,100,ok,0,0,0,0.00,0,0,0,0,0,N/A
2025-10-13 06:09:57,0,8877.76,67,87,2846,2846.72,100,ok,0,0,0,0.00,0,0,0,0,0,N/A
2025-10-13 06:10:01,0,8877.76,67,87,2846,2846.72,100,ok,0,0,0,0.00,0,0,0,0,0,N/A
2025-10-13 06:10:04,0,8877.76,44,87,2846,2846.72,100,ok,0,0,0,0.00,0,0,0,0,0,N/A
2025-10-13 06:10:08,0,8877.76,44,87,2846,2846.72,100,ok,0,0,0,0.00,0,0,0,0,0,N/A
2025-10-13 06:10:12,0,8877.76,44,87,2846,2846.72,100,ok,0,0,0,0.00,0,0,0,0,0,N/A
2025-10-13 06:10:15,0,8877.76,49,87,2846,2846.72,100,ok,0,0,0,0.00,0,0,0,0,0,N/A
2025-10-13 06:10:18,0,8877.76,49,87,2846,2846.72,100,ok,0,0,0,0.00,0,0,0,0,0,N/A
2025-10-13 06:10:22,0,8877.76,49,87,2846,2846.72,100,ok,0,0,0,0.00,0,0,0,0,0,N/A
2025-10-13 06:10:27,0,8877.76,52,87,2846,2846.72,100,ok,0,0,0,0.00,0,0,0,0,0,N/A
2025-10-13 06:10:31,0,8877.76,52,87,2846,2846.72,100,ok,0,0,0,0.00,0,0,0,0,0,N/A
2025-10-13 06:10:37,0,8877.76,55,87,2846,2846.72,100,ok,0,0,0,0.00,0,0,0,0,0,N/A
2025-10-13 06:10:40,0,8877.76,55,87,2846,2846.72,100,ok,0,0,0,0.00,0,0,0,0,0,N/A
2025-10-13 06:10:44,0,8877.76,55,87,2846,2846.72,100,ok,0,0,0,0.00,0,0,0,0,0,N/A
2025-10-13 06:10:48,0,8877.76,59,87,2846,2846.72,100,ok,0,0,0,0.00,0,0,0,0,0,N/A
2025-10-13 06:10:52,0,8877.76,59,87,2846,2846.72,100,ok,0,0,0,0.00,0,0,0,0,0,N/A
2025-10-13 06:10:57,0,8877.76,59,87,2846,2846.72,100,ok,0,0,0,0.00,0,0,0,0,0,N/A
2025-10-13 06:11:01,0,8877.76,62,87,2846,2846.72,100,ok,0,0,0,0.00,0,0,0,0,0,N/A
2025-10-13 06:11:05,0,8877.76,62,87,2846,2846.72,100,ok,0,0,0,0.00,0,0,0,0,0,N/A
2025-10-13 06:11:08,0,8877.76,62,87,2846,2846.72,100,ok,0,0,0,0.00,0,0,0,0,0,N/A
2025-10-13 06:11:11,0,8877.76,65,87,2846,2846.72,100,ok,0,0,0,0.00,0,0,0,0,0,N/A
2025-10-13 06:11:15,0,8877.76,65,87,2846,2846.72,100,ok,0,0,0,0.00,0,0,0,0,0,N/A
2025-10-13 06:11:19,0,8877.76,69,87,2846,2846.72,100,ok,0,0,0,0.00,0,0,0,0,0,N/A
2025-10-13 06:11:23,0,8877.76,69,87,2846,2846.72,100,ok,0,0,0,0.00,0,0,0,0,0,N/A
2025-10-13 06:11:32,0,8877.76,72,87,2846,2846.72,100,ok,0,0,0,0.00,0,0,0,0,0,N/A
2025-10-13 06:11:38,0,8877.76,72,87,2846,2846.72,100,ok,0,0,0,0.00,0,0,0,0,0,N/A
2025-10-13 06:11:42,0,8877.76,43,87,2846,2846.72,100,ok,0,0,0,0.00,0,0,0,0,0,N/A
2025-10-13 06:11:47,0,8877.76,43,87,2846,2846.72,100,ok,0,0,0,0.00,0,0,0,0,0,N/A
2025-10-13 06:11:51,0,8877.76,47,87,2846,2846.72,100,ok,0,0,0,0.00,0,0,0,0,0,N/A
2025-10-13 06:11:55,0,8877.76,47,87,2846,2846.72,100,ok,0,0,0,0.00,0,0,0,0,0,N/A
2025-10-13 06:11:59,0,8877.76,47,87,2846,2846.72,100,ok,0,0,0,0.00,0,0,0,0,0,N/A
2025-10-13 06:12:03,0,8877.76,50,87,2846,2846.72,100,ok,0,0,0,0.00,0,0,0,0,0,N/A
2025-10-13 06:12:08,0,8877.76,50,87,2846,2846.72,100,ok,0,0,0,0.00,0,0,0,0,0,N/A
2025-10-13 06:12:12,0,8877.76,53,87,2846,2846.72,100,ok,0,0,0,0.00,0,0,0,0,0,N/A
2025-10-13 06:12:18,0,8877.76,53,87,2846,2846.72,100,ok,0,0,0,0.00,0,0,0,0,0,N/A
2025-10-13 06:12:21,0,8877.76,53,87,2846,2846.72,100,ok,0,0,0,0.00,0,0,0,0,0,N/A
2025-10-13 06:12:25,0,8877.76,57,87,2846,2846.72,100,ok,0,0,0,0.00,0,0,0,0,0,N/A
2025-10-13 06:12:28,0,8877.76,57,87,2846,2846.72,100,ok,0,0,0,0.00,0,0,0,0,0,N/A
2025-10-13 06:12:32,0,8877.76,57,87,2846,2846.72,100,ok,0,0,0,0.00,0,0,0,0,0,N/A
2025-10-13 06:12:35,0,8877.76,60,87,2846,2846.72,100,ok,0,0,0,0.00,0,0,0,0,0,N/A
2025-10-13 06:12:38,0,8877.76,60,87,2846,2846.72,100,ok,0,0,0,0.00,0,0,0,0,0,N/A
2025-10-13 06:12:42,0,8877.76,60,87,2846,2846.72,100,ok,0,0,0,0.00,0,0,0,0,0,N/A
2025-10-13 06:12:48,0,8877.76,63,87,2846,2846.72,100,ok,0,0,0,0.00,0,0,0,0,0,N/A
2025-10-13 06:12:51,0,8877.76,63,87,2846,2846.72,100,ok,0,0,0,0.00,0,0,0,0,0,N/A
2025-10-13 06:12:55,0,8877.76,67,87,2846,2846.72,100,ok,0,0,0,0.00,0,0,0,0,0,N/A
2025-10-13 06:12:59,0,8877.76,67,87,2846,2846.72,100,ok,0,0,0,0.00,0,0,0,0,0,N/A
2025-10-13 06:13:03,0,8877.76,43,87,2846,2846.72,100,ok,0,0,0,0.00,0,0,0,0,0,N/A
2025-10-13 06:13:08,0,8877.76,43,87,2846,2846.72,100,ok,0,0,0,0.00,0,0,0,0,0,N/A
2025-10-13 06:13:12,0,8877.76,43,87,2846,2846.72,100,ok,0,0,0,0.00,0,0,0,0,0,N/A
2025-10-13 06:13:17,0,8877.76,46,87,2846,2846.72,100,ok,0,0,0,0.00,0,0,0,0,0,N/A
2025-10-13 06:13:21,0,8877.76,46,87,2846,2846.72,100,ok,0,0,0,0.00,0,0,0,0,0,N/A
2025-10-13 06:13:27,0,8877.76,51,87,2846,2846.72,100,ok,0,0,0,0.00,0,0,0,0,0,N/A
2025-10-13 06:13:31,0,8877.76,51,87,2846,2846.72,100,ok,0,0,0,0.00,0,0,0,0,0,N/A
2025-10-13 06:13:34,0,8877.76,51,87,2846,2846.72,100,ok,0,0,0,0.00,0,0,0,0,0,N/A
2025-10-13 06:13:38,0,8877.76,55,87,2846,2846.72,100,ok,0,0,0,0.00,0,0,0,0,0,N/A
2025-10-13 06:13:42,0,8877.76,55,87,2846,2846.72,100,ok,0,0,0,0.00,0,0,0,0,0,N/A
2025-10-13 06:13:46,0,8877.76,59,87,2846,2846.72,100,ok,0,0,0,0.00,0,0,0,0,0,N/A
2025-10-13 06:13:49,0,8877.76,59,87,2846,2846.72,100,ok,0,0,0,0.00,0,0,0,0,0,N/A
2025-10-13 06:13:52,0,8877.76,59,87,2846,2846.72,100,ok,0,0,0,0.00,0,0,0,0,0,N/A
2025-10-13 06:13:58,0,8877.76,62,87,2846,2846.72,100,ok,0,0,0,0.00,0,0,0,0,0,N/A
2025-10-13 06:14:02,0,8877.76,62,87,2846,2846.72,100,ok,0,0,0,0.00,0,0,0,0,0,N/A
2025-10-13 06:14:07,0,8877.76,62,87,2846,2846.72,100,ok,0,0,0,0.00,0,0,0,0,0,N/A
2025-10-13 06:14:11,0,8877.76,66,87,2846,2846.72,100,ok,0,0,0,0.00,0,0,0,0,0,N/A
2025-10-13 06:14:14,0,8877.76,66,87,2846,2846.72,100,ok,0,0,0,0.00,0,0,0,0,0,N/A
2025-10-13 06:14:18,0,8877.76,69,87,2846,2846.72,100,ok,0,0,0,0.00,0,0,0,0,0,N/A
2025-10-13 06:14:22,0,8877.76,69,87,2846,2846.72,100,ok,0,0,0,0.00,0,0,0,0,0,N/A
2025-10-13 06:14:28,0,8877.76,69,87,2846,2846.72,100,ok,0,0,0,0.00,0,0,0,0,0,N/A
2025-10-13 06:14:31,0,8877.76,43,87,2846,2846.72,100,ok,0,0,0,0.00,0,0,0,0,0,N/A
2025-10-13 06:14:35,0,8877.76,43,87,2846,2846.72,100,ok,0,0,0,0.00,0,0,0,0,0,N/A
2025-10-13 06:14:39,0,8877.76,46,87,2846,2846.72,100,ok,0,0,0,0.00,0,0,0,0,0,N/A
2025-10-13 06:14:42,0,8877.76,46,87,2846,2846.72,100,ok,0,0,0,0.00,0,0,0,0,0,N/A
2025-10-13 06:14:48,0,8877.76,46,87,2846,2846.72,100,ok,0,0,0,0.00,0,0,0,0,0,N/A
2025-10-13 06:14:52,0,8877.76,50,87,2846,2846.72,100,ok,0,0,0,0.00,0,0,0,0,0,N/A
2025-10-13 06:14:57,0,8877.76,50,87,2846,2846.72,100,ok,0,0,0,0.00,0,0,0,0,0,N/A
2025-10-13 06:15:01,0,8877.76,53,87,2846,2846.72,100,ok,0,0,0,0.00,0,0,0,0,0,N/A
2025-10-13 06:15:04,0,8877.76,53,87,2846,2846.72,100,ok,0,0,0,0.00,0,0,0,0,0,N/A
2025-10-13 06:15:08,0,8877.76,53,87,2846,2846.72,100,ok,0,0,0,0.00,0,0,0,0,0,N/A
2025-10-13 06:15:12,0,8877.76,56,87,2846,2846.72,100,ok,0,0,0,0.00,0,0,0,0,0,N/A
2025-10-13 06:15:17,0,8877.76,56,87,2846,2846.72,100,ok,0,0,0,0.00,0,0,0,0,0,N/A
2025-10-13 06:15:22,0,8877.76,56,87,2846,2846.72,100,ok,0,0,0,0.00,0,0,0,0,0,N/A
2025-10-13 06:15:27,0,8877.76,60,87,2846,2846.72,100,ok,0,0,0,0.00,0,0,0,0,0,N/A
2025-10-13 06:15:31,0,8877.76,60,87,2846,2846.72,100,ok,0,0,0,0.00,0,0,0,0,0,N/A
2025-10-13 06:15:35,0,8877.76,63,87,2846,2846.72,100,ok,0,0,0,0.00,0,0,0,0,0,N/A
2025-10-13 06:15:39,0,8877.76,63,87,2846,2846.72,100,ok,0,0,0,0.00,0,0,0,0,0,N/A
2025-10-13 06:15:42,0,8877.76,66,87,2846,2846.72,100,ok,0,0,0,0.00,0,0,0,0,0,N/A
2025-10-13 06:15:47,0,8877.76,66,87,2846,2846.72,100,ok,0,0,0,0.00,0,0,0,0,0,N/A
2025-10-13 06:15:51,0,8877.76,66,87,2846,2846.72,100,ok,0,0,0,0.00,0,0,0,0,0,N/A
2025-10-13 06:15:57,0,8877.76,70,87,2846,2846.72,100,ok,0,0,0,0.00,0,0,0,0,0,N/A
2025-10-13 06:16:01,0,8877.76,70,87,2846,2846.72,100,ok,0,0,0,0.00,0,0,0,0,0,N/A
2025-10-13 06:16:05,0,8877.76,45,87,2846,2846.72,100,ok,0,0,0,0.00,0,0,0,0,0,N/A
2025-10-13 06:16:08,0,8877.76,45,87,2846,2846.72,100,ok,0,0,0,0.00,0,0,0,0,0,N/A
2025-10-13 06:16:12,0,8877.76,45,87,2846,2846.72,100,ok,0,0,0,0.00,0,0,0,0,0,N/A
2025-10-13 06:16:18,0,8877.76,49,87,2846,2846.72,100,ok,0,0,0,0.00,0,0,0,0,0,N/A
2025-10-13 06:16:21,0,8877.76,49,87,2846,2846.72,100,ok,0,0,0,0.00,0,0,0,0,0,N/A
2025-10-13 06:16:30,0,8877.76,52,87,2846,2846.72,100,ok,0,0,0,0.00,0,0,0,0,0,N/A
2025-10-13 06:16:33,0,8877.76,52,87,2846,2846.72,100,ok,0,0,0,0.00,0,0,0,0,0,N/A
2025-10-13 06:16:39,0,8877.76,56,87,2846,2846.72,100,ok,0,0,0,0.00,0,0,0,0,0,N/A
2025-10-13 06:16:42,0,8877.76,56,87,2846,2846.72,100,ok,0,0,0,0.00,0,0,0,0,0,N/A
2025-10-13 06:16:47,0,8877.76,59,87,2846,2846.72,100,ok,0,0,0,0.00,0,0,0,0,0,N/A
2025-10-13 06:16:51,0,8877.76,59,87,2846,2846.72,100,ok,0,0,0,0.00,0,0,0,0,0,N/A
2025-10-13 06:16:54,0,8877.76,59,87,2846,2846.72,100,ok,0,0,0,0.00,0,0,0,0,0,N/A
2025-10-13 06:16:58,0,8877.76,63,87,2846,2846.72,100,ok,0,0,0,0.00,0,0,0,0,0,N/A
2025-10-13 06:17:02,0,8877.76,63,87,2846,2846.72,100,ok,0,0,0,0.00,0,0,0,0,0,N/A
2025-10-13 06:17:05,0,8877.76,63,87,2846,2846.72,100,ok,0,0,0,0.00,0,0,0,0,0,N/A
2025-10-13 06:17:08,0,8877.76,66,87,2846,2846.72,100,ok,0,0,0,0.00,0,0,0,0,0,N/A
2025-10-13 06:17:12,0,8877.76,66,87,2846,2846.72,100,ok,0,0,0,0.00,0,0,0,0,0,N/A
2025-10-13 06:17:17,0,8877.76,66,87,2846,2846.72,100,ok,0,0,0,0.00,0,0,0,0,0,N/A
2025-10-13 06:17:21,0,8877.76,69,87,2846,2846.72,100,ok,0,0,0,0.00,0,0,0,0,0,N/A
2025-10-13 06:17:24,0,8877.76,69,87,2846,2846.72,100,ok,0,0,0,0.00,0,0,0,0,0,N/A
2025-10-13 06:17:28,0,8877.76,69,87,2846,2846.72,100,ok,0,0,0,0.00,0,0,0,0,0,N/A
2025-10-13 06:17:32,0,8877.76,43,87,2846,2846.72,100,ok,0,0,0,0.00,0,0,0,0,0,N/A
2025-10-13 06:17:37,0,8877.76,43,87,2846,2846.72,100,ok,0,0,0,0.00,0,0,0,0,0,N/A
2025-10-13 06:17:40,0,8877.76,46,87,2846,2846.72,100,ok,0,0,0,0.00,0,0,0,0,0,N/A
2025-10-13 06:17:44,0,8877.76,46,87,2846,2846.72,100,ok,0,0,0,0.00,0,0,0,0,0,N/A
2025-10-13 06:17:48,0,8877.76,46,87,2846,2846.72,100,ok,0,0,0,0.00,0,0,0,0,0,N/A
2025-10-13 06:17:53,0,8877.76,50,87,2846,2846.72,100,ok,0,0,0,0.00,0,0,0,0,0,N/A
2025-10-13 06:17:58,0,8877.76,50,87,2846,2846.72,100,ok,0,0,0,0.00,0,0,0,0,0,N/A
2025-10-13 06:18:01,0,8877.76,53,87,2846,2846.72,100,ok,0,0,0,0.00,0,0,0,0,0,N/A
2025-10-13 06:18:07,0,8877.76,53,87,2846,2846.72,100,ok,0,0,0,0.00,0,0,0,0,0,N/A
2025-10-13 06:18:11,0,8877.76,56,87,2846,2846.72,100,ok,0,0,0,0.00,0,0,0,0,0,N/A
2025-10-13 06:18:15,0,8877.76,56,87,2846,2846.72,100,ok,0,0,0,0.00,0,0,0,0,0,N/A
2025-10-13 06:18:18,0,8877.76,56,87,2846,2846.72,100,ok,0,0,0,0.00,0,0,0,0,0,N/A
2025-10-13 06:18:22,0,8877.76,60,87,2846,2846.72,100,ok,0,0,0,0.00,0,0,0,0,0,N/A
2025-10-13 06:18:27,0,8877.76,60,87,2846,2846.72,100,ok,0,0,0,0.00,0,0,0,0,0,N/A
2025-10-13 06:18:31,0,8877.76,63,87,2846,2846.72,100,ok,0,0,0,0.00,0,0,0,0,0,N/A
2025-10-13 06:18:35,0,8877.76,63,87,2846,2846.72,100,ok,0,0,0,0.00,0,0,0,0,0,N/A
2025-10-13 06:18:38,0,8877.76,63,87,2846,2846.72,100,ok,0,0,0,0.00,0,0,0,0,0,N/A
2025-10-13 06:18:42,0,8877.76,67,87,2846,2846.72,100,ok,0,0,0,0.00,0,0,0,0,0,N/A
2025-10-13 06:18:47,0,8877.76,67,87,2846,2846.72,100,ok,0,0,0,0.00,0,0,0,0,0,N/A
2025-10-13 06:18:51,0,8877.76,43,87,2846,2846.72,100,ok,0,0,0,0.00,0,0,0,0,0,N/A
2025-10-13 06:18:55,0,8877.76,43,87,2846,2846.72,100,ok,0,0,0,0.00,0,0,0,0,0,N/A
2025-10-13 06:18:58,0,8877.76,43,87,2846,2846.72,100,ok,0,0,0,0.00,0,0,0,0,0,N/A
2025-10-13 06:19:02,0,8877.76,46,87,2846,2846.72,100,ok,0,0,0,0.00,0,0,0,0,0,N/A
2025-10-13 06:19:07,0,8877.76,46,87,2846,2846.72,100,ok,0,0,0,0.00,0,0,0,0,0,N/A
2025-10-13 06:19:10,0,8877.76,46,87,2846,2846.72,100,ok,0,0,0,0.00,0,0,0,0,0,N/A
2025-10-13 06:19:15,0,8877.76,50,87,2846,2846.72,100,ok,0,0,0,0.00,0,0,0,0,0,N/A
2025-10-13 06:19:19,0,8877.76,50,87,2846,2846.72,100,ok,0,0,0,0.00,0,0,0,0,0,N/A
2025-10-13 06:19:23,0,8877.76,54,87,2846,2846.72,100,ok,0,0,0,0.00,0,0,0,0,0,N/A
2025-10-13 06:19:28,0,8877.76,54,87,2846,2846.72,100,ok,0,0,0,0.00,0,0,0,0,0,N/A
2025-10-13 06:19:33,0,8877.76,54,87,2846,2846.72,100,ok,0,0,0,0.00,0,0,0,0,0,N/A
2025-10-13 06:19:38,0,8877.76,58,87,2846,2846.72,100,ok,0,0,0,0.00,0,0,0,0,0,N/A
2025-10-13 06:19:42,0,8877.76,58,87,2846,2846.72,100,ok,0,0,0,0.00,0,0,0,0,0,N/A
2025-10-13 06:19:45,0,8877.76,62,87,2846,2846.72,100,ok,0,0,0,0.00,0,0,0,0,0,N/A
2025-10-13 06:19:49,0,8877.76,62,87,2846,2846.72,100,ok,0,0,0,0.00,0,0,0,0,0,N/A
2025-10-13 06:19:52,0,8877.76,62,87,2846,2846.72,100,ok,0,0,0,0.00,0,0,0,0,0,N/A
2025-10-13 06:19:58,0,8877.76,65,87,2846,2846.72,100,ok,0,0,0,0.00,0,0,0,0,0,N/A
2025-10-13 06:20:01,0,8877.76,65,87,2846,2846.72,100,ok,0,0,0,0.00,0,0,0,0,0,N/A
2025-10-13 06:20:05,0,8877.76,65,87,2846,2846.72,100,ok,0,0,0,0.00,0,0,0,0,0,N/A
2025-10-13 06:20:09,0,8877.76,69,87,2846,2846.72,100,ok,0,0,0,0.00,0,0,0,0,0,N/A
2025-10-13 06:20:13,0,8877.76,69,87,2846,2846.72,100,ok,0,0,0,0.00,0,0,0,0,0,N/A
2025-10-13 06:20:18,0,8877.76,72,87,2846,2846.72,100,ok,0,0,0,0.00,0,0,0,0,0,N/A
2025-10-13 06:20:22,0,8877.76,72,87,2846,2846.72,100,ok,0,0,0,0.00,0,0,0,0,0,N/A
2025-10-13 06:20:27,0,8877.76,43,87,2846,2846.72,100,ok,0,0,0,0.00,0,0,0,0,0,N/A
2025-10-13 06:20:31,0,8877.76,43,87,2846,2846.72,100,ok,0,0,0,0.00,0,0,0,0,0,N/A
2025-10-13 06:20:37,0,8877.76,43,87,2846,2846.72,100,ok,0,0,0,0.00,0,0,0,0,0,N/A
2025-10-13 06:20:40,0,8877.76,47,87,2846,2846.72,100,ok,0,0,0,0.00,0,0,0,0,0,N/A
2025-10-13 06:20:44,0,8877.76,47,87,2846,2846.72,100,ok,0,0,0,0.00,0,0,0,0,0,N/A
2025-10-13 06:20:48,0,8877.76,50,87,2846,2846.72,100,ok,0,0,0,0.00,0,0,0,0,0,N/A
2025-10-13 06:20:52,0,8877.76,50,87,2846,2846.72,100,ok,0,0,0,0.00,0,0,0,0,0,N/A
2025-10-13 06:20:57,0,8877.76,50,87,2846,2846.72,100,ok,0,0,0,0.00,0,0,0,0,0,N/A
2025-10-13 06:21:01,0,8877.76,53,87,2846,2846.72,100,ok,0,0,0,0.00,0,0,0,0,0,N/A
2025-10-13 06:21:07,0,8877.76,53,87,2846,2846.72,100,ok,0,0,0,0.00,0,0,0,0,0,N/A
2025-10-13 06:21:11,0,8877.76,57,87,2846,2846.72,100,ok,0,0,0,0.00,0,0,0,0,0,N/A
2025-10-13 06:21:14,0,8877.76,57,87,2846,2846.72,100,ok,0,0,0,0.00,0,0,0,0,0,N/A
2025-10-13 06:21:19,0,8877.76,60,87,2846,2846.72,100,ok,0,0,0,0.00,0,0,0,0,0,N/A
2025-10-13 06:21:22,0,8877.76,60,87,2846,2846.72,100,ok,0,0,0,0.00,0,0,0,0,0,N/A
2025-10-13 06:21:32,0,8877.76,64,87,2846,2846.72,100,ok,0,0,0,0.00,0,0,0,0,0,N/A
2025-10-13 06:21:37,0,8877.76,64,87,2846,2846.72,100,ok,0,0,0,0.00,0,0,0,0,0,N/A
2025-10-13 06:21:41,0,8877.76,67,87,2846,2846.72,100,ok,0,0,0,0.00,0,0,0,0,0,N/A
2025-10-13 06:21:45,0,8877.76,67,87,2846,2846.72,100,ok,0,0,0,0.00,0,0,0,0,0,N/A
2025-10-13 06:21:48,0,8877.76,67,87,2846,2846.72,100,ok,0,0,0,0.00,0,0,0,0,0,N/A
2025-10-13 06:21:52,0,8877.76,43,87,2846,2846.72,100,ok,0,0,0,0.00,0,0,0,0,0,N/A
2025-10-13 06:21:58,0,8877.76,43,87,2846,2846.72,100,ok,0,0,0,0.00,0,0,0,0,0,N/A
2025-10-13 06:22:01,0,8877.76,43,87,2846,2846.72,100,ok,0,0,0,0.00,0,0,0,0,0,N/A
2025-10-13 06:22:07,0,8877.76,46,87,2846,2846.72,100,ok,0,0,0,0.00,0,0,0,0,0,N/A
2025-10-13 06:22:10,0,8877.76,46,87,2846,2846.72,100,ok,0,0,0,0.00,0,0,0,0,0,N/A
2025-10-13 06:22:14,0,8877.76,52,87,2846,2846.72,100,ok,0,0,0,0.00,0,0,0,0,0,N/A
2025-10-13 06:22:18,0,8877.76,52,87,2846,2846.72,100,ok,0,0,0,0.00,0,0,0,0,0,N/A
2025-10-13 06:22:22,0,8877.76,52,87,2846,2846.72,100,ok,0,0,0,0.00,0,0,0,0,0,N/A
2025-10-13 06:22:28,0,8877.76,55,87,2846,2846.72,100,ok,0,0,0,0.00,0,0,0,0,0,N/A
2025-10-13 06:22:32,0,8877.76,55,87,2846,2846.72,100,ok,0,0,0,0.00,0,0,0,0,0,N/A
2025-10-13 06:22:37,0,8877.76,59,87,2846,2846.72,100,ok,0,0,0,0.00,0,0,0,0,0,N/A
2025-10-13 06:22:41,0,8877.76,59,87,2846,2846.72,100,ok,0,0,0,0.00,0,0,0,0,0,N/A
2025-10-13 06:22:45,0,8877.76,59,87,2846,2846.72,100,ok,0,0,0,0.00,0,0,0,0,0,N/A
2025-10-13 06:22:49,0,8877.76,62,87,2846,2846.72,100,ok,0,0,0,0.00,0,0,0,0,0,N/A
2025-10-13 06:22:54,0,8877.76,62,87,2846,2846.72,100,ok,0,0,0,0.00,0,0,0,0,0,N/A
2025-10-13 06:22:59,0,8877.76,66,87,2846,2846.72,100,ok,0,0,0,0.00,0,0,0,0,0,N/A
2025-10-13 06:23:03,0,8877.76,66,87,2846,2846.72,100,ok,0,0,0,0.00,0,0,0,0,0,N/A
2025-10-13 06:23:08,0,8877.76,66,87,2846,2846.72,100,ok,0,0,0,0.00,0,0,0,0,0,N/A
2025-10-13 06:23:12,0,8877.76,69,87,2846,2846.72,100,ok,0,0,0,0.00,0,0,0,0,0,N/A
2025-10-13 06:23:17,0,8877.76,69,87,2846,2846.72,100,ok,0,0,0,0.00,0,0,0,0,0,N/A
2025-10-13 06:23:20,0,8877.76,43,87,2846,2846.72,100,ok,0,0,0,0.00,0,0,0,0,0,N/A
2025-10-13 06:23:25,0,8877.76,43,87,2846,2846.72,100,ok,0,0,0,0.00,0,0,0,0,0,N/A
2025-10-13 06:23:29,0,8877.76,43,87,2846,2846.72,100,ok,0,0,0,0.00,0,0,0,0,0,N/A
2025-10-13 06:23:33,0,8877.76,46,87,2846,2846.72,100,ok,0,0,0,0.00,0,0,0,0,0,N/A
2025-10-13 06:23:38,0,8877.76,46,87,2846,2846.72,100,ok,0,0,0,0.00,0,0,0,0,0,N/A
2025-10-13 06:23:42,0,8877.76,46,87,2846,2846.72,100,ok,0,0,0,0.00,0,0,0,0,0,N/A
2025-10-13 06:23:47,0,8877.76,50,87,2846,2846.72,100,ok,0,0,0,0.00,0,0,0,0,0,N/A
2025-10-13 06:23:51,0,8877.76,50,87,2846,2846.72,100,ok,0,0,0,0.00,0,0,0,0,0,N/A
2025-10-13 06:23:55,0,8877.76,55,87,2846,2846.72,100,ok,0,0,0,0.00,0,0,0,0,0,N/A
2025-10-13 06:23:58,0,8877.76,55,87,2846,2846.72,100,ok,0,0,0,0.00,0,0,0,0,0,N/A
2025-10-13 06:24:03,0,8877.76,55,87,2846,2846.72,100,ok,0,0,0,0.00,0,0,0,0,0,N/A
2025-10-13 06:24:08,0,8877.76,58,87,2846,2846.72,100,ok,0,0,0,0.00,0,0,0,0,0,N/A
2025-10-13 06:24:12,0,8877.76,58,87,2846,2846.72,100,ok,0,0,0,0.00,0,0,0,0,0,N/A
2025-10-13 06:24:17,0,8877.76,62,87,2846,2846.72,100,ok,0,0,0,0.00,0,0,0,0,0,N/A
2025-10-13 06:24:21,0,8877.76,62,87,2846,2846.72,100,ok,0,0,0,0.00,0,0,0,0,0,N/A
2025-10-13 06:24:25,0,8877.76,62,87,2846,2846.72,100,ok,0,0,0,0.00,0,0,0,0,0,N/A
2025-10-13 06:24:28,0,8877.76,66,87,2846,2846.72,100,ok,0,0,0,0.00,0,0,0,0,0,N/A
2025-10-13 06:24:32,0,8877.76,66,87,2846,2846.72,100,ok,0,0,0,0.00,0,0,0,0,0,N/A
2025-10-13 06:24:37,0,8877.76,66,87,2846,2846.72,100,ok,0,0,0,0.00,0,0,0,0,0,N/A
2025-10-13 06:24:41,0,8877.76,69,87,2846,2846.72,100,ok,0,0,0,0.00,0,0,0,0,0,N/A
2025-10-13 06:24:45,0,8877.76,69,87,2846,2846.72,100,ok,0,0,0,0.00,0,0,0,0,0,N/A
2025-10-13 06:24:48,0,8877.76,72,87,2846,2846.72,100,ok,0,0,0,0.00,0,0,0,0,0,N/A
2025-10-13 06:24:53,0,8877.76,72,87,2846,2846.72,100,ok,0,0,0,0.00,0,0,0,0,0,N/A
2025-10-13 06:24:58,0,8877.76,72,87,2846,2846.72,100,ok,0,0,0,0.00,0,0,0,0,0,N/A
2025-10-13 06:25:02,0,8877.76,43,87,2846,2846.72,100,ok,0,0,0,0.00,0,0,0,0,0,N/A
2025-10-13 06:25:07,0,8877.76,43,87,2846,2846.72,100,ok,0,0,0,0.00,0,0,0,0,0,N/A
2025-10-13 06:25:11,0,8877.76,47,87,2846,2846.72,100,ok,0,0,0,0.00,0,0,0,0,0,N/A
2025-10-13 06:25:14,0,8877.76,47,87,2846,2846.72,100,ok,0,0,0,0.00,0,0,0,0,0,N/A
2025-10-13 06:25:19,0,8877.76,47,87,2846,2846.72,100,ok,0,0,0,0.00,0,0,0,0,0,N/A
2025-10-13 06:25:22,0,8877.76,47,87,2846,2846.72,100,ok,0,0,0,0.00,0,0,0,0,0,N/A
2025-10-13 06:25:28,0,8877.76,50,87,2846,2846.72,100,ok,0,0,0,0.00,0,0,0,0,0,N/A
2025-10-13 06:25:32,0,8877.76,50,87,2846,2846.72,100,ok,0,0,0,0.00,0,0,0,0,0,N/A
2025-10-13 06:25:37,0,8877.76,53,87,2846,2846.72,100,ok,0,0,0,0.00,0,0,0,0,0,N/A
2025-10-13 06:25:41,0,8877.76,53,87,2846,2846.72,100,ok,0,0,0,0.00,0,0,0,0,0,N/A
2025-10-13 06:25:47,0,8877.76,57,87,2846,2846.72,100,ok,0,0,0,0.00,0,0,0,0,0,N/A
2025-10-13 06:25:51,0,8877.76,57,87,2846,2846.72,100,ok,0,0,0,0.00,0,0,0,0,0,N/A
2025-10-13 06:25:57,0,8877.76,60,87,2846,2846.72,100,ok,0,0,0,0.00,0,0,0,0,0,N/A
2025-10-13 06:26:01,0,8877.76,60,87,2846,2846.72,100,ok,0,0,0,0.00,0,0,0,0,0,N/A
2025-10-13 06:26:05,0,8877.76,64,87,2846,2846.72,100,ok,0,0,0,0.00,0,0,0,0,0,N/A
2025-10-13 06:26:09,0,8877.76,64,87,2846,2846.72,100,ok,0,0,0,0.00,0,0,0,0,0,N/A
2025-10-13 06:26:12,0,8877.76,64,87,2846,2846.72,100,ok,0,0,0,0.00,0,0,0,0,0,N/A
2025-10-13 06:26:17,0,8877.76,67,87,2846,2846.72,100,ok,0,0,0,0.00,0,0,0,0,0,N/A
2025-10-13 06:26:21,0,8877.76,67,87,2846,2846.72,100,ok,0,0,0,0.00,0,0,0,0,0,N/A
2025-10-13 06:26:25,0,8877.76,45,87,2846,2846.72,100,ok,0,0,0,0.00,0,0,0,0,0,N/A
2025-10-13 06:26:33,0,8877.76,45,87,2846,2846.72,100,ok,0,0,0,0.00,0,0,0,0,0,N/A
2025-10-13 06:26:38,0,8877.76,49,87,2846,2846.72,100,ok,0,0,0,0.00,0,0,0,0,0,N/A
2025-10-13 06:26:42,0,8877.76,49,87,2846,2846.72,100,ok,0,0,0,0.00,0,0,0,0,0,N/A
2025-10-13 06:26:47,0,8877.76,52,87,2846,2846.72,100,ok,0,0,0,0.00,0,0,0,0,0,N/A
2025-10-13 06:26:50,0,8877.76,52,87,2846,2846.72,100,ok,0,0,0,0.00,0,0,0,0,0,N/A
2025-10-13 06:26:54,0,8877.76,52,87,2846,2846.72,100,ok,0,0,0,0.00,0,0,0,0,0,N/A
2025-10-13 06:26:58,0,8877.76,55,87,2846,2846.72,100,ok,0,0,0,0.00,0,0,0,0,0,N/A
2025-10-13 06:27:02,0,8877.76,55,87,2846,2846.72,100,ok,0,0,0,0.00,0,0,0,0,0,N/A
2025-10-13 06:27:07,0,8877.76,55,87,2846,2846.72,100,ok,0,0,0,0.00,0,0,0,0,0,N/A
2025-10-13 06:27:11,0,8877.76,59,87,2846,2846.72,100,ok,0,0,0,0.00,0,0,0,0,0,N/A
2025-10-13 06:27:15,0,8877.76,59,87,2846,2846.72,100,ok,0,0,0,0.00,0,0,0,0,0,N/A
2025-10-13 06:27:19,0,8877.76,62,87,2846,2846.72,100,ok,0,0,0,0.00,0,0,0,0,0,N/A
2025-10-13 06:27:23,0,8877.76,62,87,2846,2846.72,100,ok,0,0,0,0.00,0,0,0,0,0,N/A
2025-10-13 06:27:28,0,8877.76,62,87,2846,2846.72,100,ok,0,0,0,0.00,0,0,0,0,0,N/A
2025-10-13 06:27:32,0,8877.76,66,87,2846,2846.72,100,ok,0,0,0,0.00,0,0,0,0,0,N/A
2025-10-13 06:27:37,0,8877.76,66,87,2846,2846.72,100,ok,0,0,0,0.00,0,0,0,0,0,N/A
2025-10-13 06:27:41,0,8877.76,69,87,2846,2846.72,100,ok,0,0,0,0.00,0,0,0,0,0,N/A
2025-10-13 06:27:44,0,8877.76,69,87,2846,2846.72,100,ok,0,0,0,0.00,0,0,0,0,0,N/A
2025-10-13 06:27:48,0,8877.76,69,87,2846,2846.72,100,ok,0,0,0,0.00,0,0,0,0,0,N/A
2025-10-13 06:27:52,0,8877.76,43,87,2846,2846.72,100,ok,0,0,0,0.00,0,0,0,0,0,N/A
2025-10-13 06:27:58,0,8877.76,43,87,2846,2846.72,100,ok,0,0,0,0.00,0,0,0,0,0,N/A
2025-10-13 06:28:02,0,8877.76,43,87,2846,2846.72,100,ok,0,0,0,0.00,0,0,0,0,0,N/A
2025-10-13 06:28:08,0,8877.76,46,87,2846,2846.72,100,ok,0,0,0,0.00,0,0,0,0,0,N/A
2025-10-13 06:28:11,0,8877.76,46,87,2846,2846.72,100,ok,0,0,0,0.00,0,0,0,0,0,N/A
2025-10-13 06:28:17,0,8877.76,50,87,2846,2846.72,100,ok,0,0,0,0.00,0,0,0,0,0,N/A
2025-10-13 06:28:21,0,8877.76,50,87,2846,2846.72,100,ok,0,0,0,0.00,0,0,0,0,0,N/A
2025-10-13 06:28:25,0,8877.76,55,87,2846,2846.72,100,ok,0,0,0,0.00,0,0,0,0,0,N/A
2025-10-13 06:28:29,0,8877.76,55,87,2846,2846.72,100,ok,0,0,0,0.00,0,0,0,0,0,N/A
2025-10-13 06:28:32,0,8877.76,55,87,2846,2846.72,100,ok,0,0,0,0.00,0,0,0,0,0,N/A
2025-10-13 06:28:38,0,8877.76,58,87,2846,2846.72,100,ok,0,0,0,0.00,0,0,0,0,0,N/A
2025-10-13 06:28:42,0,8877.76,58,87,2846,2846.72,100,ok,0,0,0,0.00,0,0,0,0,0,N/A
2025-10-13 06:28:47,0,8877.76,62,87,2846,2846.72,100,ok,0,0,0,0.00,0,0,0,0,0,N/A
2025-10-13 06:28:52,0,8877.76,62,87,2846,2846.72,100,ok,0,0,0,0.00,0,0,0,0,0,N/A
2025-10-13 06:28:57,0,8877.76,65,87,2846,2846.72,100,ok,0,0,0,0.00,0,0,0,0,0,N/A
2025-10-13 06:29:01,0,8877.76,65,87,2846,2846.72,100,ok,0,0,0,0.00,0,0,0,0,0,N/A
2025-10-13 06:29:05,0,8877.76,69,87,2846,2846.72,100,ok,0,0,0,0.00,0,0,0,0,0,N/A
2025-10-13 06:29:09,0,8877.76,69,87,2846,2846.72,100,ok,0,0,0,0.00,0,0,0,0,0,N/A
2025-10-13 06:29:13,0,8877.76,69,87,2846,2846.72,100,ok,0,0,0,0.00,0,0,0,0,0,N/A
2025-10-13 06:29:18,0,8877.76,72,87,2846,2846.72,100,ok,0,0,0,0.00,0,0,0,0,0,N/A
2025-10-13 06:29:22,0,8877.76,72,87,2846,2846.72,100,ok,0,0,0,0.00,0,0,0,0,0,N/A
2025-10-13 06:29:27,0,8877.76,43,87,2846,2846.72,100,ok,0,0,0,0.00,0,0,0,0,0,N/A
2025-10-13 06:29:31,0,8877.76,43,87,2846,2846.72,100,ok,0,0,0,0.00,0,0,0,0,0,N/A
2025-10-13 06:29:35,0,8877.76,43,87,2846,2846.72,100,ok,0,0,0,0.00,0,0,0,0,0,N/A
2025-10-13 06:29:38,0,8877.76,47,87,2846,2846.72,100,ok,0,0,0,0.00,0,0,0,0,0,N/A
2025-10-13 06:29:41,0,8877.76,47,87,2846,2846.72,100,ok,0,0,0,0.00,0,0,0,0,0,N/A
2025-10-13 06:29:45,0,8877.76,47,87,2846,2846.72,100,ok,0,0,0,0.00,0,0,0,0,0,N/A
2025-10-13 06:29:50,0,8877.76,50,87,2846,2846.72,100,ok,0,0,0,0.00,0,0,0,0,0,N/A
2025-10-13 06:29:53,0,8877.76,50,87,2846,2846.72,100,ok,0,0,0,0.00,0,0,0,0,0,N/A
2025-10-13 06:29:58,0,8877.76,53,87,2846,2846.72,100,ok,0,0,0,0.00,0,0,0,0,0,N/A
2025-10-13 06:30:01,0,8877.76,53,87,2846,2846.72,100,ok,0,0,0,0.00,0,0,0,0,0,N/A
2025-10-13 06:30:05,0,8877.76,53,87,2846,2846.72,100,ok,0,0,0,0.00,0,0,0,0,0,N/A
2025-10-13 06:30:10,0,8877.76,57,87,2846,2846.72,100,ok,0,0,0,0.00,0,0,0,0,0,N/A
2025-10-13 06:30:14,0,8877.76,57,87,2846,2846.72,100,ok,0,0,0,0.00,0,0,0,0,0,N/A
2025-10-13 06:30:19,0,8877.76,60,87,2846,2846.72,100,ok,0,0,0,0.00,0,0,0,0,0,N/A
2025-10-13 06:30:24,0,8877.76,60,87,2846,2846.72,100,ok,0,0,0,0.00,0,0,0,0,0,N/A
2025-10-13 06:30:28,0,8877.76,64,87,2846,2846.72,100,ok,0,0,0,0.00,0,0,0,0,0,N/A
2025-10-13 06:30:32,0,8877.76,64,87,2846,2846.72,100,ok,0,0,0,0.00,0,0,0,0,0,N/A
2025-10-13 06:30:35,0,8877.76,64,87,2846,2846.72,100,ok,0,0,0,0.00,0,0,0,0,0,N/A
2025-10-13 06:30:39,0,8877.76,67,87,2846,2846.72,100,ok,0,0,0,0.00,0,0,0,0,0,N/A
2025-10-13 06:30:43,0,8877.76,67,87,2846,2846.72,100,ok,0,0,0,0.00,0,0,0,0,0,N/A
2025-10-13 06:30:48,0,8877.76,43,87,2846,2846.72,100,ok,0,0,0,0.00,0,0,0,0,0,N/A
2025-10-13 06:30:51,0,8877.76,43,87,2846,2846.72,100,ok,0,0,0,0.00,0,0,0,0,0,N/A
2025-10-13 06:30:55,0,8877.76,43,87,2846,2846.72,100,ok,0,0,0,0.00,0,0,0,0,0,N/A
2025-10-13 06:30:59,0,8877.76,46,87,2846,2846.72,100,ok,0,0,0,0.00,0,0,0,0,0,N/A
2025-10-13 06:31:02,0,8877.76,46,87,2846,2846.72,100,ok,0,0,0,0.00,0,0,0,0,0,N/A
2025-10-13 06:31:07,0,8877.76,46,87,2846,2846.72,100,ok,0,0,0,0.00,0,0,0,0,0,N/A
2025-10-13 06:31:11,0,8877.76,46,87,2846,2846.72,100,ok,0,0,0,0.00,0,0,0,0,0,N/A
2025-10-13 06:31:15,0,8877.76,50,87,2846,2846.72,100,ok,0,0,0,0.00,0,0,0,0,0,N/A
2025-10-13 06:31:18,0,8877.76,50,87,2846,2846.72,100,ok,0,0,0,0.00,0,0,0,0,0,N/A
2025-10-13 06:31:22,0,8877.76,53,87,2846,2846.72,100,ok,0,0,0,0.00,0,0,0,0,0,N/A
2025-10-13 06:31:34,0,8877.76,53,87,2846,2846.72,100,ok,0,0,0,0.00,0,0,0,0,0,N/A
2025-10-13 06:31:39,0,8877.76,59,87,2846,2846.72,100,ok,0,0,0,0.00,0,0,0,0,0,N/A
2025-10-13 06:31:42,0,8877.76,59,87,2846,2846.72,100,ok,0,0,0,0.00,0,0,0,0,0,N/A
2025-10-13 06:31:47,0,8877.76,62,87,2846,2846.72,100,ok,0,0,0,0.00,0,0,0,0,0,N/A
2025-10-13 06:31:51,0,8877.76,62,87,2846,2846.72,100,ok,0,0,0,0.00,0,0,0,0,0,N/A
2025-10-13 06:31:57,0,8877.76,66,87,2846,2846.72,100,ok,0,0,0,0.00,0,0,0,0,0,N/A
2025-10-13 06:32:01,0,8877.76,66,87,2846,2846.72,100,ok,0,0,0,0.00,0,0,0,0,0,N/A
2025-10-13 06:32:05,0,8877.76,66,87,2846,2846.72,100,ok,0,0,0,0.00,0,0,0,0,0,N/A
2025-10-13 06:32:09,0,8877.76,66,87,2846,2846.72,100,ok,0,0,0,0.00,0,0,0,0,0,N/A
2025-10-13 06:32:12,0,8877.76,69,87,2846,2846.72,100,ok,0,0,0,0.00,0,0,0,0,0,N/A
2025-10-13 06:32:18,0,8877.76,69,87,2846,2846.72,100,ok,0,0,0,0.00,0,0,0,0,0,N/A
2025-10-13 06:32:22,0,8877.76,43,87,2846,2846.72,100,ok,0,0,0,0.00,0,0,0,0,0,N/A
2025-10-13 06:32:27,0,8877.76,43,87,2846,2846.72,100,ok,0,0,0,0.00,0,0,0,0,0,N/A
2025-10-13 06:32:31,0,8877.76,46,87,2846,2846.72,100,ok,0,0,0,0.00,0,0,0,0,0,N/A
2025-10-13 06:32:37,0,8877.76,46,87,2846,2846.72,100,ok,0,0,0,0.00,0,0,0,0,0,N/A
2025-10-13 06:32:41,0,8877.76,46,87,2846,2846.72,100,ok,0,0,0,0.00,0,0,0,0,0,N/A
2025-10-13 06:32:44,0,8877.76,50,87,2846,2846.72,100,ok,0,0,0,0.00,0,0,0,0,0,N/A
2025-10-13 06:32:48,0,8877.76,50,87,2846,2846.72,100,ok,0,0,0,0.00,0,0,0,0,0,N/A
2025-10-13 06:32:53,0,8877.76,53,87,2846,2846.72,100,ok,0,0,0,0.00,0,0,0,0,0,N/A
2025-10-13 06:32:58,0,8877.76,53,87,2846,2846.72,100,ok,0,0,0,0.00,0,0,0,0,0,N/A
2025-10-13 06:33:02,0,8877.76,53,87,2846,2846.72,100,ok,0,0,0,0.00,0,0,0,0,0,N/A
2025-10-13 06:33:07,0,8877.76,56,87,2846,2846.72,100,ok,0,0,0,0.00,0,0,0,0,0,N/A
2025-10-13 06:33:11,0,8877.76,56,87,2846,2846.72,100,ok,0,0,0,0.00,0,0,0,0,0,N/A
2025-10-13 06:33:15,0,8877.76,56,87,2846,2846.72,100,ok,0,0,0,0.00,0,0,0,0,0,N/A
2025-10-13 06:33:19,0,8877.76,62,87,2846,2846.72,100,ok,0,0,0,0.00,0,0,0,0,0,N/A
2025-10-13 06:33:23,0,8877.76,62,87,2846,2846.72,100,ok,0,0,0,0.00,0,0,0,0,0,N/A
2025-10-13 06:33:28,0,8877.76,65,87,2846,2846.72,100,ok,0,0,0,0.00,0,0,0,0,0,N/A
2025-10-13 06:33:32,0,8877.76,65,87,2846,2846.72,100,ok,0,0,0,0.00,0,0,0,0,0,N/A
2025-10-13 06:33:37,0,8877.76,69,87,2846,2846.72,100,ok,0,0,0,0.00,0,0,0,0,0,N/A
2025-10-13 06:33:41,0,8877.76,69,87,2846,2846.72,100,ok,0,0,0,0.00,0,0,0,0,0,N/A
2025-10-13 06:33:45,0,8877.76,69,87,2846,2846.72,100,ok,0,0,0,0.00,0,0,0,0,0,N/A
2025-10-13 06:33:48,0,8877.76,69,87,2846,2846.72,100,ok,0,0,0,0.00,0,0,0,0,0,N/A
2025-10-13 06:33:52,0,8877.76,72,87,2846,2846.72,100,ok,0,0,0,0.00,0,0,0,0,0,N/A
2025-10-13 06:33:57,0,8877.76,72,87,2846,2846.72,100,ok,0,0,0,0.00,0,0,0,0,0,N/A
2025-10-13 06:34:01,0,8877.76,43,87,2846,2846.72,100,ok,0,0,0,0.00,0,0,0,0,0,N/A
2025-10-13 06:34:05,0,8877.76,43,87,2846,2846.72,100,ok,0,0,0,0.00,0,0,0,0,0,N/A
2025-10-13 06:34:08,0,8877.76,47,87,2846,2846.72,100,ok,0,0,0,0.00,0,0,0,0,0,N/A
2025-10-13 06:34:12,0,8877.76,47,87,2846,2846.72,100,ok,0,0,0,0.00,0,0,0,0,0,N/A
2025-10-13 06:34:19,0,8877.76,50,87,2846,2846.72,100,ok,0,0,0,0.00,0,0,0,0,0,N/A
2025-10-13 06:34:23,0,8877.76,50,87,2846,2846.72,100,ok,0,0,0,0.00,0,0,0,0,0,N/A
2025-10-13 06:34:28,0,8877.76,50,87,2846,2846.72,100,ok,0,0,0,0.00,0,0,0,0,0,N/A
2025-10-13 06:34:32,0,8877.76,53,87,2846,2846.72,100,ok,0,0,0,0.00,0,0,0,0,0,N/A
2025-10-13 06:34:37,0,8877.76,53,87,2846,2846.72,100,ok,0,0,0,0.00,0,0,0,0,0,N/A
2025-10-13 06:34:40,0,8877.76,57,87,2846,2846.72,100,ok,0,0,0,0.00,0,0,0,0,0,N/A
2025-10-13 06:34:44,0,8877.76,57,87,2846,2846.72,100,ok,0,0,0,0.00,0,0,0,0,0,N/A
2025-10-13 06:34:48,0,8877.76,57,87,2846,2846.72,100,ok,0,0,0,0.00,0,0,0,0,0,N/A
2025-10-13 06:34:52,0,8877.76,60,87,2846,2846.72,100,ok,0,0,0,0.00,0,0,0,0,0,N/A
2025-10-13 06:34:57,0,8877.76,60,87,2846,2846.72,100,ok,0,0,0,0.00,0,0,0,0,0,N/A
2025-10-13 06:35:00,0,8877.76,60,87,2846,2846.72,100,ok,0,0,0,0.00,0,0,0,0,0,N/A
2025-10-13 06:35:04,0,8877.76,65,87,2846,2846.72,100,ok,0,0,0,0.00,0,0,0,0,0,N/A
2025-10-13 06:35:08,0,8877.76,65,87,2846,2846.72,100,ok,0,0,0,0.00,0,0,0,0,0,N/A
2025-10-13 06:35:11,0,8877.76,65,87,2846,2846.72,100,ok,0,0,0,0.00,0,0,0,0,0,N/A
2025-10-13 06:35:15,0,8877.76,65,87,2846,2846.72,100,ok,0,0,0,0.00,0,0,0,0,0,N/A
2025-10-13 06:35:19,0,8877.76,69,87,2846,2846.72,100,ok,0,0,0,0.00,0,0,0,0,0,N/A
2025-10-13 06:35:23,0,8877.76,69,87,2846,2846.72,100,ok,0,0,0,0.00,0,0,0,0,0,N/A
2025-10-13 06:35:28,0,8877.76,43,88,2846,2846.72,100,ok,0,0,0,0.00,0,0,0,0,0,N/A
2025-10-13 06:35:32,0,8877.76,43,88,2846,2846.72,100,ok,0,0,0,0.00,0,0,0,0,0,N/A
2025-10-13 06:35:37,0,8877.76,47,88,2846,2846.72,100,ok,0,0,0,0.00,0,0,0,0,0,N/A
2025-10-13 06:35:41,0,8877.76,47,88,2846,2846.72,100,ok,0,0,0,0.00,0,0,0,0,0,N/A
2025-10-13 06:35:47,0,8877.76,50,88,2846,2846.72,100,ok,0,0,0,0.00,0,0,0,0,0,N/A
2025-10-13 06:35:50,0,8877.76,50,88,2846,2846.72,100,ok,0,0,0,0.00,0,0,0,0,0,N/A
2025-10-13 06:35:54,0,8877.76,50,88,2846,2846.72,100,ok,0,0,0,0.00,0,0,0,0,0,N/A
2025-10-13 06:35:58,0,8877.76,54,88,2846,2846.72,100,ok,0,0,0,0.00,0,0,0,0,0,N/A
2025-10-13 06:36:02,0,8877.76,54,88,2846,2846.72,100,ok,0,0,0,0.00,0,0,0,0,0,N/A
2025-10-13 06:36:07,0,8877.76,54,88,2846,2846.72,100,ok,0,0,0,0.00,0,0,0,0,0,N/A
2025-10-13 06:36:11,0,8877.76,57,88,2846,2846.72,100,ok,0,0,0,0.00,0,0,0,0,0,N/A
2025-10-13 06:36:14,0,8877.76,57,88,2846,2846.72,100,ok,0,0,0,0.00,0,0,0,0,0,N/A
2025-10-13 06:36:18,0,8877.76,57,88,2846,2846.72,100,ok,0,0,0,0.00,0,0,0,0,0,N/A
2025-10-13 06:36:22,0,8877.76,60,88,2846,2846.72,100,ok,0,0,0,0.00,0,0,0,0,0,N/A
2025-10-13 06:36:32,0,8877.76,64,88,2846,2846.72,100,ok,0,0,0,0.00,0,0,0,0,0,N/A
2025-10-13 06:36:37,0,8877.76,64,88,2846,2846.72,100,ok,0,0,0,0.00,0,0,0,0,0,N/A
2025-10-13 06:36:41,0,8877.76,64,88,2846,2846.72,100,ok,0,0,0,0.00,0,0,0,0,0,N/A
2025-10-13 06:36:45,0,8877.76,67,88,2846,2846.72,100,ok,0,0,0,0.00,0,0,0,0,0,N/A
2025-10-13 06:36:49,0,8877.76,67,88,2846,2846.72,100,ok,0,0,0,0.00,0,0,0,0,0,N/A
2025-10-13 06:36:53,0,8877.76,43,88,2846,2846.72,100,ok,0,0,0,0.00,0,0,0,0,0,N/A
2025-10-13 06:36:58,0,8877.76,43,88,2846,2846.72,100,ok,0,0,0,0.00,0,0,0,0,0,N/A
2025-10-13 06:37:01,0,8877.76,43,88,2846,2846.72,100,ok,0,0,0,0.00,0,0,0,0,0,N/A
2025-10-13 06:37:05,0,8877.76,46,88,2846,2846.72,100,ok,0,0,0,0.00,0,0,0,0,0,N/A
2025-10-13 06:37:09,0,8877.76,46,88,2846,2846.72,100,ok,0,0,0,0.00,0,0,0,0,0,N/A
2025-10-13 06:37:13,0,8877.76,50,88,2846,2846.72,100,ok,0,0,0,0.00,0,0,0,0,0,N/A
2025-10-13 06:37:18,0,8877.76,50,88,2846,2846.72,100,ok,0,0,0,0.00,0,0,0,0,0,N/A
2025-10-13 06:37:22,0,8877.76,50,88,2846,2846.72,100,ok,0,0,0,0.00,0,0,0,0,0,N/A
2025-10-13 06:37:28,0,8877.76,54,88,2846,2846.72,100,ok,0,0,0,0.00,0,0,0,0,0,N/A
2025-10-13 06:37:32,0,8877.76,54,88,2846,2846.72,100,ok,0,0,0,0.00,0,0,0,0,0,N/A
2025-10-13 06:37:37,0,8877.76,57,88,2846,2846.72,100,ok,0,0,0,0.00,0,0,0,0,0,N/A
2025-10-13 06:37:41,0,8877.76,57,88,2846,2846.72,100,ok,0,0,0,0.00,0,0,0,0,0,N/A
2025-10-13 06:37:45,0,8877.76,62,88,2846,2846.72,100,ok,0,0,0,0.00,0,0,0,0,0,N/A
2025-10-13 06:37:49,0,8877.76,62,88,2846,2846.72,100,ok,0,0,0,0.00,0,0,0,0,0,N/A
2025-10-13 06:37:53,0,8877.76,62,88,2846,2846.72,100,ok,0,0,0,0.00,0,0,0,0,0,N/A
2025-10-13 06:37:58,0,8877.76,65,88,2846,2846.72,100,ok,0,0,0,0.00,0,0,0,0,0,N/A
2025-10-13 06:38:02,0,8877.76,65,88,2846,2846.72,100,ok,0,0,0,0.00,0,0,0,0,0,N/A
2025-10-13 06:38:07,0,8877.76,65,88,2846,2846.72,100,ok,0,0,0,0.00,0,0,0,0,0,N/A
2025-10-13 06:38:10,0,8877.76,69,88,2846,2846.72,100,ok,0,0,0,0.00,0,0,0,0,0,N/A
2025-10-13 06:38:14,0,8877.76,69,88,2846,2846.72,100,ok,0,0,0,0.00,0,0,0,0,0,N/A
2025-10-13 06:38:18,0,8877.76,69,88,2846,2846.72,100,ok,0,0,0,0.00,0,0,0,0,0,N/A
2025-10-13 06:38:21,0,8877.76,72,88,2846,2846.72,100,ok,0,0,0,0.00,0,0,0,0,0,N/A
2025-10-13 06:38:25,0,8877.76,72,88,2846,2846.72,100,ok,0,0,0,0.00,0,0,0,0,0,N/A
2025-10-13 06:38:29,0,8877.76,43,88,2846,2846.72,100,ok,0,0,0,0.00,0,0,0,0,0,N/A
2025-10-13 06:38:33,0,8877.76,43,88,2846,2846.72,100,ok,0,0,0,0.00,0,0,0,0,0,N/A
2025-10-13 06:38:38,0,8877.76,43,88,2846,2846.72,100,ok,0,0,0,0.00,0,0,0,0,0,N/A
2025-10-13 06:38:42,0,8877.76,47,88,2846,2846.72,100,ok,0,0,0,0.00,0,0,0,0,0,N/A
2025-10-13 06:38:47,0,8877.76,47,88,2846,2846.72,100,ok,0,0,0,0.00,0,0,0,0,0,N/A
2025-10-13 06:38:51,0,8877.76,50,88,2846,2846.72,100,ok,0,0,0,0.00,0,0,0,0,0,N/A
2025-10-13 06:38:55,0,8877.76,50,88,2846,2846.72,100,ok,0,0,0,0.00,0,0,0,0,0,N/A
2025-10-13 06:38:58,0,8877.76,50,88,2846,2846.72,100,ok,0,0,0,0.00,0,0,0,0,0,N/A
2025-10-13 06:39:02,0,8877.76,53,88,2846,2846.72,100,ok,0,0,0,0.00,0,0,0,0,0,N/A
2025-10-13 06:39:07,0,8877.76,53,88,2846,2846.72,100,ok,0,0,0,0.00,0,0,0,0,0,N/A
2025-10-13 06:39:11,0,8877.76,53,88,2846,2846.72,100,ok,0,0,0,0.00,0,0,0,0,0,N/A
2025-10-13 06:39:15,0,8877.76,57,88,2846,2846.72,100,ok,0,0,0,0.00,0,0,0,0,0,N/A
2025-10-13 06:39:18,0,8877.76,57,88,2846,2846.72,100,ok,0,0,0,0.00,0,0,0,0,0,N/A
2025-10-13 06:39:22,0,8877.76,60,88,2846,2846.72,100,ok,0,0,0,0.00,0,0,0,0,0,N/A
2025-10-13 06:39:28,0,8877.76,60,88,2846,2846.72,100,ok,0,0,0,0.00,0,0,0,0,0,N/A
2025-10-13 06:39:32,0,8877.76,60,88,2846,2846.72,100,ok,0,0,0,0.00,0,0,0,0,0,N/A
2025-10-13 06:39:37,0,8877.76,64,88,2846,2846.72,100,ok,0,0,0,0.00,0,0,0,0,0,N/A
2025-10-13 06:39:42,0,8877.76,64,88,2846,2846.72,100,ok,0,0,0,0.00,0,0,0,0,0,N/A
2025-10-13 06:39:47,0,8877.76,67,88,2846,2846.72,100,ok,0,0,0,0.00,0,0,0,0,0,N/A
2025-10-13 06:39:51,0,8877.76,67,88,2846,2846.72,100,ok,0,0,0,0.00,0,0,0,0,0,N/A
2025-10-13 06:39:55,0,8877.76,43,88,2846,2846.72,100,ok,0,0,0,0.00,0,0,0,0,0,N/A
2025-10-13 06:39:59,0,8877.76,43,88,2846,2846.72,100,ok,0,0,0,0.00,0,0,0,0,0,N/A
2025-10-13 06:40:03,0,8877.76,47,88,2846,2846.72,100,ok,0,0,0,0.00,0,0,0,0,0,N/A
2025-10-13 06:40:08,0,8877.76,47,88,2846,2846.72,100,ok,0,0,0,0.00,0,0,0,0,0,N/A
2025-10-13 06:40:12,0,8877.76,47,88,2846,2846.72,100,ok,0,0,0,0.00,0,0,0,0,0,N/A
2025-10-13 06:40:18,0,8877.76,52,88,2846,2846.72,100,ok,0,0,0,0.00,0,0,0,0,0,N/A
2025-10-13 06:40:22,0,8877.76,52,88,2846,2846.72,100,ok,0,0,0,0.00,0,0,0,0,0,N/A
2025-10-13 06:40:28,0,8877.76,55,88,2846,2846.72,100,ok,0,0,0,0.00,0,0,0,0,0,N/A
2025-10-13 06:40:32,0,8877.76,55,88,2846,2846.72,100,ok,0,0,0,0.00,0,0,0,0,0,N/A
2025-10-13 06:40:37,0,8877.76,59,88,2846,2846.72,100,ok,0,0,0,0.00,0,0,0,0,0,N/A
2025-10-13 06:40:41,0,8877.76,59,88,2846,2846.72,100,ok,0,0,0,0.00,0,0,0,0,0,N/A
2025-10-13 06:40:45,0,8877.76,59,88,2846,2846.72,100,ok,0,0,0,0.00,0,0,0,0,0,N/A
2025-10-13 06:40:48,0,8877.76,62,88,2846,2846.72,100,ok,0,0,0,0.00,0,0,0,0,0,N/A
2025-10-13 06:40:52,0,8877.76,62,88,2846,2846.72,100,ok,0,0,0,0.00,0,0,0,0,0,N/A
2025-10-13 06:40:57,0,8877.76,66,88,2846,2846.72,100,ok,0,0,0,0.00,0,0,0,0,0,N/A
2025-10-13 06:41:01,0,8877.76,66,88,2846,2846.72,100,ok,0,0,0,0.00,0,0,0,0,0,N/A
2025-10-13 06:41:04,0,8877.76,66,88,2846,2846.72,100,ok,0,0,0,0.00,0,0,0,0,0,N/A
2025-10-13 06:41:08,0,8877.76,69,88,2846,2846.72,100,ok,0,0,0,0.00,0,0,0,0,0,N/A
2025-10-13 06:41:12,0,8877.76,69,88,2846,2846.72,100,ok,0,0,0,0.00,0,0,0,0,0,N/A
2025-10-13 06:41:17,0,8877.76,69,88,2846,2846.72,100,ok,0,0,0,0.00,0,0,0,0,0,N/A
2025-10-13 06:41:20,0,8877.76,43,88,2846,2846.72,100,ok,0,0,0,0.00,0,0,0,0,0,N/A
2025-10-13 06:41:24,0,8877.76,43,88,2846,2846.72,100,ok,0,0,0,0.00,0,0,0,0,0,N/A
2025-10-13 06:41:32,0,8877.76,46,88,2846,2846.72,100,ok,0,0,0,0.00,0,0,0,0,0,N/A
2025-10-13 06:41:37,0,8877.76,46,88,2846,2846.72,100,ok,0,0,0,0.00,0,0,0,0,0,N/A
2025-10-13 06:41:41,0,8877.76,50,88,2846,2846.72,100,ok,0,0,0,0.00,0,0,0,0,0,N/A
2025-10-13 06:41:47,0,8877.76,50,88,2846,2846.72,100,ok,0,0,0,0.00,0,0,0,0,0,N/A
2025-10-13 06:41:52,0,8877.76,53,88,2846,2846.72,100,ok,0,0,0,0.00,0,0,0,0,0,N/A
2025-10-13 06:41:57,0,8877.76,53,88,2846,2846.72,100,ok,0,0,0,0.00,0,0,0,0,0,N/A
2025-10-13 06:42:01,0,8877.76,53,88,2846,2846.72,100,ok,0,0,0,0.00,0,0,0,0,0,N/A
2025-10-13 06:42:04,0,8877.76,56,88,2846,2846.72,100,ok,0,0,0,0.00,0,0,0,0,0,N/A
2025-10-13 06:42:08,0,8877.76,56,88,2846,2846.72,100,ok,0,0,0,0.00,0,0,0,0,0,N/A
2025-10-13 06:42:12,0,8877.76,60,88,2846,2846.72,100,ok,0,0,0,0.00,0,0,0,0,0,N/A
2025-10-13 06:42:18,0,8877.76,60,88,2846,2846.72,100,ok,0,0,0,0.00,0,0,0,0,0,N/A
2025-10-13 06:42:21,0,8877.76,60,88,2846,2846.72,100,ok,0,0,0,0.00,0,0,0,0,0,N/A
2025-10-13 06:42:25,0,8877.76,63,88,2846,2846.72,100,ok,0,0,0,0.00,0,0,0,0,0,N/A
2025-10-13 06:42:28,0,8877.76,63,88,2846,2846.72,100,ok,0,0,0,0.00,0,0,0,0,0,N/A
2025-10-13 06:42:32,0,8877.76,63,88,2846,2846.72,100,ok,0,0,0,0.00,0,0,0,0,0,N/A
2025-10-13 06:42:37,0,8877.76,67,88,2846,2846.72,100,ok,0,0,0,0.00,0,0,0,0,0,N/A
2025-10-13 06:42:41,0,8877.76,67,88,2846,2846.72,100,ok,0,0,0,0.00,0,0,0,0,0,N/A
2025-10-13 06:42:45,0,8877.76,45,88,2846,2846.72,100,ok,0,0,0,0.00,0,0,0,0,0,N/A
2025-10-13 06:42:48,0,8877.76,45,88,2846,2846.72,100,ok,0,0,0,0.00,0,0,0,0,0,N/A
2025-10-13 06:42:52,0,8877.76,45,88,2846,2846.72,100,ok,0,0,0,0.00,0,0,0,0,0,N/A
2025-10-13 06:42:58,0,8877.76,49,88,2846,2846.72,100,ok,0,0,0,0.00,0,0,0,0,0,N/A
2025-10-13 06:43:02,0,8877.76,49,88,2846,2846.72,100,ok,0,0,0,0.00,0,0,0,0,0,N/A
2025-10-13 06:43:07,0,8877.76,52,88,2846,2846.72,100,ok,0,0,0,0.00,0,0,0,0,0,N/A
2025-10-13 06:43:12,0,8877.76,52,88,2846,2846.72,100,ok,0,0,0,0.00,0,0,0,0,0,N/A
2025-10-13 06:43:17,0,8877.76,55,88,2846,2846.72,100,ok,0,0,0,0.00,0,0,0,0,0,N/A
2025-10-13 06:43:21,0,8877.76,55,88,2846,2846.72,100,ok,0,0,0,0.00,0,0,0,0,0,N/A
2025-10-13 06:43:25,0,8877.76,55,88,2846,2846.72,100,ok,0,0,0,0.00,0,0,0,0,0,N/A
2025-10-13 06:43:29,0,8877.76,59,88,2846,2846.72,100,ok,0,0,0,0.00,0,0,0,0,0,N/A
2025-10-13 06:43:33,0,8877.76,59,88,2846,2846.72,100,ok,0,0,0,0.00,0,0,0,0,0,N/A
2025-10-13 06:43:38,0,8877.76,59,88,2846,2846.72,100,ok,0,0,0,0.00,0,0,0,0,0,N/A
2025-10-13 06:43:42,0,8877.76,62,88,2846,2846.72,100,ok,0,0,0,0.00,0,0,0,0,0,N/A
2025-10-13 06:43:48,0,8877.76,62,88,2846,2846.72,100,ok,0,0,0,0.00,0,0,0,0,0,N/A
2025-10-13 06:43:51,0,8877.76,65,88,2846,2846.72,100,ok,0,0,0,0.00,0,0,0,0,0,N/A
2025-10-13 06:43:57,0,8877.76,65,88,2846,2846.72,100,ok,0,0,0,0.00,0,0,0,0,0,N/A
2025-10-13 06:44:01,0,8877.76,69,88,2846,2846.72,100,ok,0,0,0,0.00,0,0,0,0,0,N/A
2025-10-13 06:44:05,0,8877.76,69,88,2846,2846.72,100,ok,0,0,0,0.00,0,0,0,0,0,N/A
2025-10-13 06:44:08,0,8877.76,69,88,2846,2846.72,100,ok,0,0,0,0.00,0,0,0,0,0,N/A
2025-10-13 06:44:12,0,8877.76,72,88,2846,2846.72,100,ok,0,0,0,0.00,0,0,0,0,0,N/A
2025-10-13 06:44:17,0,8877.76,72,88,2846,2846.72,100,ok,0,0,0,0.00,0,0,0,0,0,N/A
2025-10-13 06:44:21,0,8877.76,43,88,2846,2846.72,100,ok,0,0,0,0.00,0,0,0,0,0,N/A
2025-10-13 06:44:25,0,8877.76,43,88,2846,2846.72,100,ok,0,0,0,0.00,0,0,0,0,0,N/A
2025-10-13 06:44:28,0,8877.76,43,88,2846,2846.72,100,ok,0,0,0,0.00,0,0,0,0,0,N/A
2025-10-13 06:44:32,0,8877.76,47,88,2846,2846.72,100,ok,0,0,0,0.00,0,0,0,0,0,N/A
2025-10-13 06:44:35,0,8877.76,47,88,2846,2846.72,100,ok,0,0,0,0.00,0,0,0,0,0,N/A
2025-10-13 06:44:39,0,8877.76,47,88,2846,2846.72,100,ok,0,0,0,0.00,0,0,0,0,0,N/A
2025-10-13 06:44:42,0,8877.76,50,88,2846,2846.72,100,ok,0,0,0,0.00,0,0,0,0,0,N/A
2025-10-13 06:44:47,0,8877.76,50,88,2846,2846.72,100,ok,0,0,0,0.00,0,0,0,0,0,N/A
2025-10-13 06:44:50,0,8877.76,50,88,2846,2846.72,100,ok,0,0,0,0.00,0,0,0,0,0,N/A
2025-10-13 06:44:54,0,8877.76,55,88,2846,2846.72,100,ok,0,0,0,0.00,0,0,0,0,0,N/A
2025-10-13 06:44:58,0,8877.76,55,88,2846,2846.72,100,ok,0,0,0,0.00,0,0,0,0,0,N/A
2025-10-13 06:45:02,0,8877.76,55,88,2846,2846.72,100,ok,0,0,0,0.00,0,0,0,0,0,N/A
2025-10-13 06:45:05,0,8877.76,59,88,2846,2846.72,100,ok,0,0,0,0.00,0,0,0,0,0,N/A
2025-10-13 06:45:08,0,8877.76,59,88,2846,2846.72,100,ok,0,0,0,0.00,0,0,0,0,0,N/A
2025-10-13 06:45:12,0,8877.76,59,88,2846,2846.72,100,ok,0,0,0,0.00,0,0,0,0,0,N/A
2025-10-13 06:45:15,0,8877.76,62,88,2846,2846.72,100,ok,0,0,0,0.00,0,0,0,0,0,N/A
2025-10-13 06:45:18,0,8877.76,62,88,2846,2846.72,100,ok,0,0,0,0.00,0,0,0,0,0,N/A
2025-10-13 06:45:21,0,8877.76,62,88,2846,2846.72,100,ok,0,0,0,0.00,0,0,0,0,0,N/A
2025-10-13 06:45:25,0,8877.76,66,88,2846,2846.72,100,ok,0,0,0,0.00,0,0,0,0,0,N/A
2025-10-13 06:45:29,0,8877.76,66,88,2846,2846.72,100,ok,0,0,0,0.00,0,0,0,0,0,N/A
2025-10-13 06:45:33,0,8877.76,66,88,2846,2846.72,100,ok,0,0,0,0.00,0,0,0,0,0,N/A
2025-10-13 06:45:38,0,8877.76,69,88,2846,2846.72,100,ok,0,0,0,0.00,0,0,0,0,0,N/A
2025-10-13 06:45:41,0,8877.76,69,88,2846,2846.72,100,ok,0,0,0,0.00,0,0,0,0,0,N/A
2025-10-13 06:45:45,0,8877.76,69,88,2846,2846.72,100,ok,0,0,0,0.00,0,0,0,0,0,N/A
2025-10-13 06:45:48,0,8877.76,43,88,2846,2846.72,100,ok,0,0,0,0.00,0,0,0,0,0,N/A
2025-10-13 06:45:52,0,8877.76,43,88,2846,2846.72,100,ok,0,0,0,0.00,0,0,0,0,0,N/A
2025-10-13 06:45:55,0,8877.76,46,88,2846,2846.72,100,ok,0,0,0,0.00,0,0,0,0,0,N/A
2025-10-13 06:45:59,0,8877.76,46,88,2846,2846.72,100,ok,0,0,0,0.00,0,0,0,0,0,N/A
2025-10-13 06:46:02,0,8877.76,46,88,2846,2846.72,100,ok,0,0,0,0.00,0,0,0,0,0,N/A
2025-10-13 06:46:07,0,8877.76,50,88,2846,2846.72,100,ok,0,0,0,0.00,0,0,0,0,0,N/A
2025-10-13 06:46:11,0,8877.76,50,88,2846,2846.72,100,ok,0,0,0,0.00,0,0,0,0,0,N/A
2025-10-13 06:46:17,0,8877.76,53,88,2846,2846.72,100,ok,0,0,0,0.00,0,0,0,0,0,N/A
2025-10-13 06:46:21,0,8877.76,53,88,2846,2846.72,100,ok,0,0,0,0.00,0,0,0,0,0,N/A
2025-10-13 06:46:25,0,8877.76,53,88,2846,2846.72,100,ok,0,0,0,0.00,0,0,0,0,0,N/A
2025-10-13 06:46:32,0,8877.76,57,88,2846,2846.72,100,ok,0,0,0,0.00,0,0,0,0,0,N/A
2025-10-13 06:46:37,0,8877.76,57,88,2846,2846.72,100,ok,0,0,0,0.00,0,0,0,0,0,N/A
2025-10-13 06:46:41,0,8877.76,60,88,2846,2846.72,100,ok,0,0,0,0.00,0,0,0,0,0,N/A
2025-10-13 06:46:45,0,8877.76,60,88,2846,2846.72,100,ok,0,0,0,0.00,0,0,0,0,0,N/A
2025-10-13 06:46:48,0,8877.76,63,88,2846,2846.72,100,ok,0,0,0,0.00,0,0,0,0,0,N/A
2025-10-13 06:46:52,0,8877.76,63,88,2846,2846.72,100,ok,0,0,0,0.00,0,0,0,0,0,N/A
2025-10-13 06:46:57,0,8877.76,63,88,2846,2846.72,100,ok,0,0,0,0.00,0,0,0,0,0,N/A
2025-10-13 06:47:01,0,8877.76,67,88,2846,2846.72,100,ok,0,0,0,0.00,0,0,0,0,0,N/A
2025-10-13 06:47:04,0,8877.76,67,88,2846,2846.72,100,ok,0,0,0,0.00,0,0,0,0,0,N/A
2025-10-13 06:47:08,0,8877.76,67,88,2846,2846.72,100,ok,0,0,0,0.00,0,0,0,0,0,N/A
2025-10-13 06:47:12,0,8877.76,43,88,2846,2846.72,100,ok,0,0,0,0.00,0,0,0,0,0,N/A
2025-10-13 06:47:17,0,8877.76,43,88,2846,2846.72,100,ok,0,0,0,0.00,0,0,0,0,0,N/A
2025-10-13 06:47:21,0,8877.76,46,88,2846,2846.72,100,ok,0,0,0,0.00,0,0,0,0,0,N/A
2025-10-13 06:47:24,0,8877.76,46,88,2846,2846.72,100,ok,0,0,0,0.00,0,0,0,0,0,N/A
2025-10-13 06:47:28,0,8877.76,46,88,2846,2846.72,100,ok,0,0,0,0.00,0,0,0,0,0,N/A
2025-10-13 06:47:32,0,8877.76,50,88,2846,2846.72,100,ok,0,0,0,0.00,0,0,0,0,0,N/A
2025-10-13 06:47:38,0,8877.76,50,88,2846,2846.72,100,ok,0,0,0,0.00,0,0,0,0,0,N/A
2025-10-13 06:47:42,0,8877.76,53,88,2846,2846.72,100,ok,0,0,0,0.00,0,0,0,0,0,N/A
2025-10-13 06:47:45,0,8877.76,53,88,2846,2846.72,100,ok,0,0,0,0.00,0,0,0,0,0,N/A
2025-10-13 06:47:49,0,8877.76,56,88,2846,2846.72,100,ok,0,0,0,0.00,0,0,0,0,0,N/A
2025-10-13 06:47:53,0,8877.76,56,88,2846,2846.72,100,ok,0,0,0,0.00,0,0,0,0,0,N/A
2025-10-13 06:47:58,0,8877.76,56,88,2846,2846.72,100,ok,0,0,0,0.00,0,0,0,0,0,N/A
2025-10-13 06:48:02,0,8877.76,60,88,2846,2846.72,100,ok,0,0,0,0.00,0,0,0,0,0,N/A
2025-10-13 06:48:07,0,8877.76,60,88,2846,2846.72,100,ok,0,0,0,0.00,0,0,0,0,0,N/A
2025-10-13 06:48:11,0,8877.76,63,88,2846,2846.72,100,ok,0,0,0,0.00,0,0,0,0,0,N/A
2025-10-13 06:48:15,0,8877.76,63,88,2846,2846.72,100,ok,0,0,0,0.00,0,0,0,0,0,N/A
2025-10-13 06:48:18,0,8877.76,63,88,2846,2846.72,100,ok,0,0,0,0.00,0,0,0,0,0,N/A
2025-10-13 06:48:22,0,8877.76,63,88,2846,2846.72,100,ok,0,0,0,0.00,0,0,0,0,0,N/A
2025-10-13 06:48:27,0,8877.76,67,88,2846,2846.72,100,ok,0,0,0,0.00,0,0,0,0,0,N/A
2025-10-13 06:48:30,0,8877.76,67,88,2846,2846.72,100,ok,0,0,0,0.00,0,0,0,0,0,N/A
2025-10-13 06:48:34,0,8877.76,45,88,2846,2846.72,100,ok,0,0,0,0.00,0,0,0,0,0,N/A
2025-10-13 06:48:38,0,8877.76,45,88,2846,2846.72,100,ok,0,0,0,0.00,0,0,0,0,0,N/A
2025-10-13 06:48:42,0,8877.76,45,88,2846,2846.72,100,ok,0,0,0,0.00,0,0,0,0,0,N/A
2025-10-13 06:48:47,0,8877.76,48,88,2846,2846.72,100,ok,0,0,0,0.00,0,0,0,0,0,N/A
2025-10-13 06:48:51,0,8877.76,48,88,2846,2846.72,100,ok,0,0,0,0.00,0,0,0,0,0,N/A
2025-10-13 06:48:55,0,8877.76,52,88,2846,2846.72,100,ok,0,0,0,0.00,0,0,0,0,0,N/A
2025-10-13 06:48:58,0,8877.76,52,88,2846,2846.72,100,ok,0,0,0,0.00,0,0,0,0,0,N/A
2025-10-13 06:49:03,0,8877.76,52,88,2846,2846.72,100,ok,0,0,0,0.00,0,0,0,0,0,N/A
2025-10-13 06:49:08,0,8877.76,55,88,2846,2846.72,100,ok,0,0,0,0.00,0,0,0,0,0,N/A
2025-10-13 06:49:13,0,8877.76,55,88,2846,2846.72,100,ok,0,0,0,0.00,0,0,0,0,0,N/A
2025-10-13 06:49:18,0,8877.76,58,88,2846,2846.72,100,ok,0,0,0,0.00,0,0,0,0,0,N/A
2025-10-13 06:49:22,0,8877.76,58,88,2846,2846.72,100,ok,0,0,0,0.00,0,0,0,0,0,N/A
2025-10-13 06:49:27,0,8877.76,62,88,2846,2846.72,100,ok,0,0,0,0.00,0,0,0,0,0,N/A
2025-10-13 06:49:31,0,8877.76,62,88,2846,2846.72,100,ok,0,0,0,0.00,0,0,0,0,0,N/A
2025-10-13 06:49:35,0,8877.76,62,88,2846,2846.72,100,ok,0,0,0,0.00,0,0,0,0,0,N/A
2025-10-13 06:49:38,0,8877.76,65,88,2846,2846.72,100,ok,0,0,0,0.00,0,0,0,0,0,N/A
2025-10-13 06:49:42,0,8877.76,65,88,2846,2846.72,100,ok,0,0,0,0.00,0,0,0,0,0,N/A
2025-10-13 06:49:47,0,8877.76,65,88,2846,2846.72,100,ok,0,0,0,0.00,0,0,0,0,0,N/A
2025-10-13 06:49:51,0,8877.76,69,88,2846,2846.72,100,ok,0,0,0,0.00,0,0,0,0,0,N/A
2025-10-13 06:49:55,0,8877.76,69,88,2846,2846.72,100,ok,0,0,0,0.00,0,0,0,0,0,N/A
2025-10-13 06:49:59,0,8877.76,69,88,2846,2846.72,100,ok,0,0,0,0.00,0,0,0,0,0,N/A
2025-10-13 06:50:03,0,8877.76,72,88,2846,2846.72,100,ok,0,0,0,0.00,0,0,0,0,0,N/A
2025-10-13 06:50:08,0,8877.76,72,88,2846,2846.72,100,ok,0,0,0,0.00,0,0,0,0,0,N/A
2025-10-13 06:50:12,0,8877.76,43,88,2846,2846.72,100,ok,0,0,0,0.00,0,0,0,0,0,N/A
2025-10-13 06:50:17,0,8877.76,43,88,2846,2846.72,100,ok,0,0,0,0.00,0,0,0,0,0,N/A
2025-10-13 06:50:21,0,8877.76,47,88,2846,2846.72,100,ok,0,0,0,0.00,0,0,0,0,0,N/A
2025-10-13 06:50:25,0,8877.76,47,88,2846,2846.72,100,ok,0,0,0,0.00,0,0,0,0,0,N/A
2025-10-13 06:50:28,0,8877.76,47,88,2846,2846.72,100,ok,0,0,0,0.00,0,0,0,0,0,N/A
2025-10-13 06:50:32,0,8877.76,50,88,2846,2846.72,100,ok,0,0,0,0.00,0,0,0,0,0,N/A
2025-10-13 06:50:38,0,8877.76,50,88,2846,2846.72,100,ok,0,0,0,0.00,0,0,0,0,0,N/A
2025-10-13 06:50:42,0,8877.76,50,88,2846,2846.72,100,ok,0,0,0,0.00,0,0,0,0,0,N/A
2025-10-13 06:50:47,0,8877.76,54,88,2846,2846.72,100,ok,0,0,0,0.00,0,0,0,0,0,N/A
2025-10-13 06:50:50,0,8877.76,54,88,2846,2846.72,100,ok,0,0,0,0.00,0,0,0,0,0,N/A
2025-10-13 06:50:54,0,8877.76,58,88,2846,2846.72,100,ok,0,0,0,0.00,0,0,0,0,0,N/A
2025-10-13 06:50:59,0,8877.76,58,88,2846,2846.72,100,ok,0,0,0,0.00,0,0,0,0,0,N/A
2025-10-13 06:51:02,0,8877.76,58,88,2846,2846.72,100,ok,0,0,0,0.00,0,0,0,0,0,N/A
2025-10-13 06:51:08,0,8877.76,62,88,2846,2846.72,100,ok,0,0,0,0.00,0,0,0,0,0,N/A
2025-10-13 06:51:12,0,8877.76,62,88,2846,2846.72,100,ok,0,0,0,0.00,0,0,0,0,0,N/A
2025-10-13 06:51:17,0,8877.76,66,88,2846,2846.72,100,ok,0,0,0,0.00,0,0,0,0,0,N/A
2025-10-13 06:51:21,0,8877.76,66,88,2846,2846.72,100,ok,0,0,0,0.00,0,0,0,0,0,N/A
2025-10-13 06:51:32,0,8877.76,69,88,2846,2846.72,100,ok,0,0,0,0.00,0,0,0,0,0,N/A
2025-10-13 06:51:38,0,8877.76,69,88,2846,2846.72,100,ok,0,0,0,0.00,0,0,0,0,0,N/A
2025-10-13 06:51:42,0,8877.76,43,88,2846,2846.72,100,ok,0,0,0,0.00,0,0,0,0,0,N/A
2025-10-13 06:51:47,0,8877.76,43,88,2846,2846.72,100,ok,0,0,0,0.00,0,0,0,0,0,N/A
2025-10-13 06:51:51,0,8877.76,46,88,2846,2846.72,100,ok,0,0,0,0.00,0,0,0,0,0,N/A
2025-10-13 06:51:55,0,8877.76,46,88,2846,2846.72,100,ok,0,0,0,0.00,0,0,0,0,0,N/A
2025-10-13 06:51:59,0,8877.76,50,88,2846,2846.72,100,ok,0,0,0,0.00,0,0,0,0,0,N/A
2025-10-13 06:52:02,0,8877.76,50,88,2846,2846.72,100,ok,0,0,0,0.00,0,0,0,0,0,N/A
2025-10-13 06:52:08,0,8877.76,50,88,2846,2846.72,100,ok,0,0,0,0.00,0,0,0,0,0,N/A
2025-10-13 06:52:12,0,8877.76,53,88,2846,2846.72,100,ok,0,0,0,0.00,0,0,0,0,0,N/A
2025-10-13 06:52:17,0,8877.76,53,88,2846,2846.72,100,ok,0,0,0,0.00,0,0,0,0,0,N/A
2025-10-13 06:52:21,0,8877.76,56,88,2846,2846.72,100,ok,0,0,0,0.00,0,0,0,0,0,N/A
2025-10-13 06:52:26,0,8877.76,56,88,2846,2846.72,100,ok,0,0,0,0.00,0,0,0,0,0,N/A
2025-10-13 06:52:30,0,8877.76,60,88,2846,2846.72,100,ok,0,0,0,0.00,0,0,0,0,0,N/A
2025-10-13 06:52:35,0,8877.76,60,88,2846,2846.72,100,ok,0,0,0,0.00,0,0,0,0,0,N/A
2025-10-13 06:52:38,0,8877.76,60,88,2846,2846.72,100,ok,0,0,0,0.00,0,0,0,0,0,N/A
2025-10-13 06:52:42,0,8877.76,63,88,2846,2846.72,100,ok,0,0,0,0.00,0,0,0,0,0,N/A
2025-10-13 06:52:47,0,8877.76,63,88,2846,2846.72,100,ok,0,0,0,0.00,0,0,0,0,0,N/A
2025-10-13 06:52:51,0,8877.76,63,88,2846,2846.72,100,ok,0,0,0,0.00,0,0,0,0,0,N/A
2025-10-13 06:52:55,0,8877.76,67,88,2846,2846.72,100,ok,0,0,0,0.00,0,0,0,0,0,N/A
2025-10-13 06:52:58,0,8877.76,67,88,2846,2846.72,100,ok,0,0,0,0.00,0,0,0,0,0,N/A
2025-10-13 06:53:02,0,8877.76,43,88,2846,2846.72,100,ok,0,0,0,0.00,0,0,0,0,0,N/A
2025-10-13 06:53:07,0,8877.76,43,88,2846,2846.72,100,ok,0,0,0,0.00,0,0,0,0,0,N/A
2025-10-13 06:53:10,0,8877.76,43,88,2846,2846.72,100,ok,0,0,0,0.00,0,0,0,0,0,N/A
2025-10-13 06:53:14,0,8877.76,48,88,2846,2846.72,100,ok,0,0,0,0.00,0,0,0,0,0,N/A
2025-10-13 06:53:18,0,8877.76,48,88,2846,2846.72,100,ok,0,0,0,0.00,0,0,0,0,0,N/A
2025-10-13 06:53:22,0,8877.76,48,88,2846,2846.72,100,ok,0,0,0,0.00,0,0,0,0,0,N/A
2025-10-13 06:53:25,0,8877.76,52,88,2846,2846.72,100,ok,0,0,0,0.00,0,0,0,0,0,N/A
2025-10-13 06:53:29,0,8877.76,52,88,2846,2846.72,100,ok,0,0,0,0.00,0,0,0,0,0,N/A
2025-10-13 06:53:32,0,8877.76,52,88,2846,2846.72,100,ok,0,0,0,0.00,0,0,0,0,0,N/A
2025-10-13 06:53:38,0,8877.76,55,88,2846,2846.72,100,ok,0,0,0,0.00,0,0,0,0,0,N/A
2025-10-13 06:53:42,0,8877.76,55,88,2846,2846.72,100,ok,0,0,0,0.00,0,0,0,0,0,N/A
2025-10-13 06:53:45,0,8877.76,58,88,2846,2846.72,100,ok,0,0,0,0.00,0,0,0,0,0,N/A
2025-10-13 06:53:49,0,8877.76,58,88,2846,2846.72,100,ok,0,0,0,0.00,0,0,0,0,0,N/A
2025-10-13 06:53:54,0,8877.76,58,88,2846,2846.72,100,ok,0,0,0,0.00,0,0,0,0,0,N/A
2025-10-13 06:53:58,0,8877.76,62,88,2846,2846.72,100,ok,0,0,0,0.00,0,0,0,0,0,N/A
2025-10-13 06:54:03,0,8877.76,62,88,2846,2846.72,100,ok,0,0,0,0.00,0,0,0,0,0,N/A
2025-10-13 06:54:08,0,8877.76,66,88,2846,2846.72,100,ok,0,0,0,0.00,0,0,0,0,0,N/A
2025-10-13 06:54:12,0,8877.76,66,88,2846,2846.72,100,ok,0,0,0,0.00,0,0,0,0,0,N/A
2025-10-13 06:54:17,0,8877.76,66,88,2846,2846.72,100,ok,0,0,0,0.00,0,0,0,0,0,N/A
2025-10-13 06:54:22,0,8877.76,69,88,2846,2846.72,100,ok,0,0,0,0.00,0,0,0,0,0,N/A
2025-10-13 06:54:26,0,8877.76,69,88,2846,2846.72,100,ok,0,0,0,0.00,0,0,0,0,0,N/A
2025-10-13 06:54:30,0,8877.76,43,88,2846,2846.72,100,ok,0,0,0,0.00,0,0,0,0,0,N/A
2025-10-13 06:54:34,0,8877.76,43,88,2846,2846.72,100,ok,0,0,0,0.00,0,0,0,0,0,N/A
2025-10-13 06:54:38,0,8877.76,46,88,2846,2846.72,100,ok,0,0,0,0.00,0,0,0,0,0,N/A
2025-10-13 06:54:42,0,8877.76,46,88,2846,2846.72,100,ok,0,0,0,0.00,0,0,0,0,0,N/A
2025-10-13 06:54:47,0,8877.76,46,88,2846,2846.72,100,ok,0,0,0,0.00,0,0,0,0,0,N/A
2025-10-13 06:54:51,0,8877.76,50,88,2846,2846.72,100,ok,0,0,0,0.00,0,0,0,0,0,N/A
2025-10-13 06:54:55,0,8877.76,50,88,2846,2846.72,100,ok,0,0,0,0.00,0,0,0,0,0,N/A
2025-10-13 06:54:59,0,8877.76,53,88,2846,2846.72,100,ok,0,0,0,0.00,0,0,0,0,0,N/A
2025-10-13 06:55:02,0,8877.76,53,88,2846,2846.72,100,ok,0,0,0,0.00,0,0,0,0,0,N/A
2025-10-13 06:55:08,0,8877.76,53,88,2846,2846.72,100,ok,0,0,0,0.00,0,0,0,0,0,N/A
2025-10-13 06:55:12,0,8877.76,56,88,2846,2846.72,100,ok,0,0,0,0.00,0,0,0,0,0,N/A
2025-10-13 06:55:17,0,8877.76,56,88,2846,2846.72,100,ok,0,0,0,0.00,0,0,0,0,0,N/A
2025-10-13 06:55:21,0,8877.76,60,88,2846,2846.72,100,ok,0,0,0,0.00,0,0,0,0,0,N/A
2025-10-13 06:55:25,0,8877.76,60,88,2846,2846.72,100,ok,0,0,0,0.00,0,0,0,0,0,N/A
2025-10-13 06:55:29,0,8877.76,63,88,2846,2846.72,100,ok,0,0,0,0.00,0,0,0,0,0,N/A
2025-10-13 06:55:33,0,8877.76,63,88,2846,2846.72,100,ok,0,0,0,0.00,0,0,0,0,0,N/A
2025-10-13 06:55:38,0,8877.76,63,88,2846,2846.72,100,ok,0,0,0,0.00,0,0,0,0,0,N/A
2025-10-13 06:55:42,0,8877.76,66,88,2846,2846.72,100,ok,0,0,0,0.00,0,0,0,0,0,N/A
2025-10-13 06:55:47,0,8877.76,66,88,2846,2846.72,100,ok,0,0,0,0.00,0,0,0,0,0,N/A
2025-10-13 06:55:51,0,8877.76,70,88,2846,2846.72,100,ok,0,0,0,0.00,0,0,0,0,0,N/A
2025-10-13 06:55:54,0,8877.76,70,88,2846,2846.72,100,ok,0,0,0,0.00,0,0,0,0,0,N/A
2025-10-13 06:55:58,0,8877.76,70,88,2846,2846.72,100,ok,0,0,0,0.00,0,0,0,0,0,N/A
2025-10-13 06:56:02,0,8877.76,43,88,2846,2846.72,100,ok,0,0,0,0.00,0,0,0,0,0,N/A
2025-10-13 06:56:07,0,8877.76,43,88,2846,2846.72,100,ok,0,0,0,0.00,0,0,0,0,0,N/A
2025-10-13 06:56:11,0,8877.76,43,88,2846,2846.72,100,ok,0,0,0,0.00,0,0,0,0,0,N/A
2025-10-13 06:56:15,0,8877.76,47,88,2846,2846.72,100,ok,0,0,0,0.00,0,0,0,0,0,N/A
2025-10-13 06:56:18,0,8877.76,47,88,2846,2846.72,100,ok,0,0,0,0.00,0,0,0,0,0,N/A
2025-10-13 06:56:22,0,8877.76,50,88,2846,2846.72,100,ok,0,0,0,0.00,0,0,0,0,0,N/A
2025-10-13 06:56:33,0,8877.76,53,88,2846,2846.72,100,ok,0,0,0,0.00,0,0,0,0,0,N/A
2025-10-13 06:56:38,0,8877.76,53,88,2846,2846.72,100,ok,0,0,0,0.00,0,0,0,0,0,N/A
2025-10-13 06:56:42,0,8877.76,53,88,2846,2846.72,100,ok,0,0,0,0.00,0,0,0,0,0,N/A
2025-10-13 06:56:47,0,8877.76,58,88,2846,2846.72,100,ok,0,0,0,0.00,0,0,0,0,0,N/A
2025-10-13 06:56:51,0,8877.76,58,88,2846,2846.72,100,ok,0,0,0,0.00,0,0,0,0,0,N/A
2025-10-13 06:56:55,0,8877.76,62,88,2846,2846.72,100,ok,0,0,0,0.00,0,0,0,0,0,N/A
2025-10-13 06:56:59,0,8877.76,62,88,2846,2846.72,100,ok,0,0,0,0.00,0,0,0,0,0,N/A
2025-10-13 06:57:02,0,8877.76,62,88,2846,2846.72,100,ok,0,0,0,0.00,0,0,0,0,0,N/A
2025-10-13 06:57:07,0,8877.76,66,88,2846,2846.72,100,ok,0,0,0,0.00,0,0,0,0,0,N/A
2025-10-13 06:57:11,0,8877.76,66,88,2846,2846.72,100,ok,0,0,0,0.00,0,0,0,0,0,N/A
2025-10-13 06:57:17,0,8877.76,69,88,2846,2846.72,100,ok,0,0,0,0.00,0,0,0,0,0,N/A
2025-10-13 06:57:21,0,8877.76,69,88,2846,2846.72,100,ok,0,0,0,0.00,0,0,0,0,0,N/A
2025-10-13 06:57:25,0,8877.76,69,88,2846,2846.72,100,ok,0,0,0,0.00,0,0,0,0,0,N/A
2025-10-13 06:57:28,0,8877.76,43,88,2846,2846.72,100,ok,0,0,0,0.00,0,0,0,0,0,N/A
2025-10-13 06:57:32,0,8877.76,43,88,2846,2846.72,100,ok,0,0,0,0.00,0,0,0,0,0,N/A
2025-10-13 06:57:37,0,8877.76,43,88,2846,2846.72,100,ok,0,0,0,0.00,0,0,0,0,0,N/A
2025-10-13 06:57:41,0,8877.76,46,88,2846,2846.72,100,ok,0,0,0,0.00,0,0,0,0,0,N/A
2025-10-13 06:57:45,0,8877.76,46,88,2846,2846.72,100,ok,0,0,0,0.00,0,0,0,0,0,N/A
2025-10-13 06:57:48,0,8877.76,46,88,2846,2846.72,100,ok,0,0,0,0.00,0,0,0,0,0,N/A
2025-10-13 06:57:52,0,8877.76,50,88,2846,2846.72,100,ok,0,0,0,0.00,0,0,0,0,0,N/A
2025-10-13 06:57:57,0,8877.76,50,88,2846,2846.72,100,ok,0,0,0,0.00,0,0,0,0,0,N/A
2025-10-13 06:58:00,0,8877.76,53,88,2846,2846.72,100,ok,0,0,0,0.00,0,0,0,0,0,N/A
2025-10-13 06:58:04,0,8877.76,53,88,2846,2846.72,100,ok,0,0,0,0.00,0,0,0,0,0,N/A
2025-10-13 06:58:08,0,8877.76,53,88,2846,2846.72,100,ok,0,0,0,0.00,0,0,0,0,0,N/A
2025-10-13 06:58:12,0,8877.76,57,88,2846,2846.72,100,ok,0,0,0,0.00,0,0,0,0,0,N/A
2025-10-13 06:58:15,0,8877.76,57,88,2846,2846.72,100,ok,0,0,0,0.00,0,0,0,0,0,N/A
2025-10-13 06:58:18,0,8877.76,57,88,2846,2846.72,100,ok,0,0,0,0.00,0,0,0,0,0,N/A
2025-10-13 06:58:22,0,8877.76,60,88,2846,2846.72,100,ok,0,0,0,0.00,0,0,0,0,0,N/A
2025-10-13 06:58:27,0,8877.76,60,88,2846,2846.72,100,ok,0,0,0,0.00,0,0,0,0,0,N/A
2025-10-13 06:58:31,0,8877.76,60,88,2846,2846.72,100,ok,0,0,0,0.00,0,0,0,0,0,N/A
2025-10-13 06:58:34,0,8877.76,60,88,2846,2846.72,100,ok,0,0,0,0.00,0,0,0,0,0,N/A
2025-10-13 06:58:38,0,8877.76,65,88,2846,2846.72,100,ok,0,0,0,0.00,0,0,0,0,0,N/A
2025-10-13 06:58:42,0,8877.76,65,88,2846,2846.72,100,ok,0,0,0,0.00,0,0,0,0,0,N/A
2025-10-13 06:58:47,0,8877.76,69,88,2846,2846.72,100,ok,0,0,0,0.00,0,0,0,0,0,N/A
2025-10-13 06:58:51,0,8877.76,69,88,2846,2846.72,100,ok,0,0,0,0.00,0,0,0,0,0,N/A
2025-10-13 06:58:54,0,8877.76,69,88,2846,2846.72,100,ok,0,0,0,0.00,0,0,0,0,0,N/A
2025-10-13 06:58:58,0,8877.76,43,88,2846,2846.72,100,ok,0,0,0,0.00,0,0,0,0,0,N/A
2025-10-13 06:59:03,0,8877.76,43,88,2846,2846.72,100,ok,0,0,0,0.00,0,0,0,0,0,N/A
2025-10-13 06:59:08,0,8877.76,46,88,2846,2846.72,100,ok,0,0,0,0.00,0,0,0,0,0,N/A
2025-10-13 06:59:12,0,8877.76,46,88,2846,2846.72,100,ok,0,0,0,0.00,0,0,0,0,0,N/A
2025-10-13 06:59:16,0,8877.76,50,88,2846,2846.72,100,ok,0,0,0,0.00,0,0,0,0,0,N/A
2025-10-13 06:59:19,0,8877.76,50,88,2846,2846.72,100,ok,0,0,0,0.00,0,0,0,0,0,N/A
2025-10-13 06:59:22,0,8877.76,50,88,2846,2846.72,100,ok,0,0,0,0.00,0,0,0,0,0,N/A
2025-10-13 06:59:27,0,8877.76,53,88,2846,2846.72,100,ok,0,0,0,0.00,0,0,0,0,0,N/A
2025-10-13 06:59:30,0,8877.76,53,88,2846,2846.72,100,ok,0,0,0,0.00,0,0,0,0,0,N/A
2025-10-13 06:59:34,0,8877.76,53,88,2846,2846.72,100,ok,0,0,0,0.00,0,0,0,0,0,N/A
2025-10-13 06:59:38,0,8877.76,57,88,2846,2846.72,100,ok,0,0,0,0.00,0,0,0,0,0,N/A
2025-10-13 06:59:42,0,8877.76,57,88,2846,2846.72,100,ok,0,0,0,0.00,0,0,0,0,0,N/A
2025-10-13 06:59:47,0,8877.76,57,88,2846,2846.72,100,ok,0,0,0,0.00,0,0,0,0,0,N/A
2025-10-13 06:59:51,0,8877.76,60,88,2846,2846.72,100,ok,0,0,0,0.00,0,0,0,0,0,N/A
2025-10-13 06:59:57,0,8877.76,60,88,2846,2846.72,100,ok,0,0,0,0.00,0,0,0,0,0,N/A
2025-10-13 07:00:01,0,8877.76,63,88,2846,2846.72,100,ok,0,0,0,0.00,0,0,0,0,0,N/A
2025-10-13 07:00:05,0,8877.76,63,88,2846,2846.72,100,ok,0,0,0,0.00,0,0,0,0,0,N/A
2025-10-13 07:00:09,0,8877.76,63,88,2846,2846.72,100,ok,0,0,0,0.00,0,0,0,0,0,N/A
2025-10-13 07:00:13,0,8877.76,67,88,2846,2846.72,100,ok,0,0,0,0.00,0,0,0,0,0,N/A
2025-10-13 07:00:18,0,8877.76,67,88,2846,2846.72,100,ok,0,0,0,0.00,0,0,0,0,0,N/A
2025-10-13 07:00:22,0,8877.76,43,88,2846,2846.72,100,ok,0,0,0,0.00,0,0,0,0,0,N/A
2025-10-13 07:00:27,0,8877.76,43,88,2846,2846.72,100,ok,0,0,0,0.00,0,0,0,0,0,N/A
2025-10-13 07:00:31,0,8877.76,46,88,2846,2846.72,100,ok,0,0,0,0.00,0,0,0,0,0,N/A
2025-10-13 07:00:35,0,8877.76,46,88,2846,2846.72,100,ok,0,0,0,0.00,0,0,0,0,0,N/A
2025-10-13 07:00:38,0,8877.76,46,88,2846,2846.72,100,ok,0,0,0,0.00,0,0,0,0,0,N/A
2025-10-13 07:00:42,0,8877.76,50,88,2846,2846.72,100,ok,0,0,0,0.00,0,0,0,0,0,N/A
2025-10-13 07:00:47,0,8877.76,50,88,2846,2846.72,100,ok,0,0,0,0.00,0,0,0,0,0,N/A
2025-10-13 07:00:51,0,8877.76,50,88,2846,2846.72,100,ok,0,0,0,0.00,0,0,0,0,0,N/A
2025-10-13 07:00:54,0,8877.76,53,88,2846,2846.72,100,ok,0,0,0,0.00,0,0,0,0,0,N/A
2025-10-13 07:00:58,0,8877.76,53,88,2846,2846.72,100,ok,0,0,0,0.00,0,0,0,0,0,N/A
2025-10-13 07:01:02,0,8877.76,56,88,2846,2846.72,100,ok,0,0,0,0.00,0,0,0,0,0,N/A
2025-10-13 07:01:08,0,8877.76,56,88,2846,2846.72,100,ok,0,0,0,0.00,0,0,0,0,0,N/A
2025-10-13 07:01:11,0,8877.76,56,88,2846,2846.72,100,ok,0,0,0,0.00,0,0,0,0,0,N/A
2025-10-13 07:01:17,0,8877.76,60,88,2846,2846.72,100,ok,0,0,0,0.00,0,0,0,0,0,N/A
2025-10-13 07:01:21,0,8877.76,60,88,2846,2846.72,100,ok,0,0,0,0.00,0,0,0,0,0,N/A
2025-10-13 07:01:31,0,8877.76,63,88,2846,2846.72,100,ok,0,0,0,0.00,0,0,0,0,0,N/A
2025-10-13 07:01:37,0,8877.76,67,88,2846,2846.72,100,ok,0,0,0,0.00,0,0,0,0,0,N/A
2025-10-13 07:01:41,0,8877.76,67,88,2846,2846.72,100,ok,0,0,0,0.00,0,0,0,0,0,N/A
2025-10-13 07:01:44,0,8877.76,67,88,2846,2846.72,100,ok,0,0,0,0.00,0,0,0,0,0,N/A
2025-10-13 07:01:48,0,8877.76,72,88,2846,2846.72,100,ok,0,0,0,0.00,0,0,0,0,0,N/A
2025-10-13 07:01:52,0,8877.76,72,88,2846,2846.72,100,ok,0,0,0,0.00,0,0,0,0,0,N/A
2025-10-13 07:01:57,0,8877.76,44,88,2846,2846.72,100,ok,0,0,0,0.00,0,0,0,0,0,N/A
2025-10-13 07:02:02,0,8877.76,44,88,2846,2846.72,100,ok,0,0,0,0.00,0,0,0,0,0,N/A
2025-10-13 07:02:07,0,8877.76,44,88,2846,2846.72,100,ok,0,0,0,0.00,0,0,0,0,0,N/A
2025-10-13 07:02:11,0,8877.76,47,88,2846,2846.72,100,ok,0,0,0,0.00,0,0,0,0,0,N/A
2025-10-13 07:02:15,0,8877.76,47,88,2846,2846.72,100,ok,0,0,0,0.00,0,0,0,0,0,N/A
2025-10-13 07:02:18,0,8877.76,50,88,2846,2846.72,100,ok,0,0,0,0.00,0,0,0,0,0,N/A
2025-10-13 07:02:23,0,8877.76,50,88,2846,2846.72,100,ok,0,0,0,0.00,0,0,0,0,0,N/A
2025-10-13 07:02:28,0,8877.76,50,88,2846,2846.72,100,ok,0,0,0,0.00,0,0,0,0,0,N/A
2025-10-13 07:02:32,0,8877.76,54,88,2846,2846.72,100,ok,0,0,0,0.00,0,0,0,0,0,N/A
2025-10-13 07:02:37,0,8877.76,54,88,2846,2846.72,100,ok,0,0,0,0.00,0,0,0,0,0,N/A
2025-10-13 07:02:42,0,8877.76,57,88,2846,2846.72,100,ok,0,0,0,0.00,0,0,0,0,0,N/A
2025-10-13 07:02:48,0,8877.76,57,88,2846,2846.72,100,ok,0,0,0,0.00,0,0,0,0,0,N/A
2025-10-13 07:02:52,0,8877.76,61,88,2846,2846.72,100,ok,0,0,0,0.00,0,0,0,0,0,N/A
2025-10-13 07:02:57,0,8877.76,61,88,2846,2846.72,100,ok,0,0,0,0.00,0,0,0,0,0,N/A
2025-10-13 07:03:01,0,8877.76,64,88,2846,2846.72,100,ok,0,0,0,0.00,0,0,0,0,0,N/A
2025-10-13 07:03:05,0,8877.76,64,88,2846,2846.72,100,ok,0,0,0,0.00,0,0,0,0,0,N/A
2025-10-13 07:03:08,0,8877.76,64,88,2846,2846.72,100,ok,0,0,0,0.00,0,0,0,0,0,N/A
2025-10-13 07:03:12,0,8877.76,64,88,2846,2846.72,100,ok,0,0,0,0.00,0,0,0,0,0,N/A
2025-10-13 07:03:18,0,8877.76,67,88,2846,2846.72,100,ok,0,0,0,0.00,0,0,0,0,0,N/A
2025-10-13 07:03:22,0,8877.76,67,88,2846,2846.72,100,ok,0,0,0,0.00,0,0,0,0,0,N/A
2025-10-13 07:03:27,0,8877.76,43,88,2846,2846.72,100,ok,0,0,0,0.00,0,0,0,0,0,N/A
2025-10-13 07:03:31,0,8877.76,43,88,2846,2846.72,100,ok,0,0,0,0.00,0,0,0,0,0,N/A
2025-10-13 07:03:35,0,8877.76,43,88,2846,2846.72,100,ok,0,0,0,0.00,0,0,0,0,0,N/A
2025-10-13 07:03:38,0,8877.76,48,88,2846,2846.72,100,ok,0,0,0,0.00,0,0,0,0,0,N/A
2025-10-13 07:03:42,0,8877.76,48,88,2846,2846.72,100,ok,0,0,0,0.00,0,0,0,0,0,N/A
2025-10-13 07:03:47,0,8877.76,52,88,2846,2846.72,100,ok,0,0,0,0.00,0,0,0,0,0,N/A
2025-10-13 07:03:51,0,8877.76,52,88,2846,2846.72,100,ok,0,0,0,0.00,0,0,0,0,0,N/A
2025-10-13 07:03:57,0,8877.76,55,88,2846,2846.72,100,ok,0,0,0,0.00,0,0,0,0,0,N/A
2025-10-13 07:04:01,0,8877.76,55,88,2846,2846.72,100,ok,0,0,0,0.00,0,0,0,0,0,N/A
2025-10-13 07:04:05,0,8877.76,55,88,2846,2846.72,100,ok,0,0,0,0.00,0,0,0,0,0,N/A
2025-10-13 07:04:08,0,8877.76,59,88,2846,2846.72,100,ok,0,0,0,0.00,0,0,0,0,0,N/A
2025-10-13 07:04:12,0,8877.76,59,88,2846,2846.72,100,ok,0,0,0,0.00,0,0,0,0,0,N/A
2025-10-13 07:04:19,0,8877.76,62,88,2846,2846.72,100,ok,0,0,0,0.00,0,0,0,0,0,N/A
2025-10-13 07:04:23,0,8877.76,62,88,2846,2846.72,100,ok,0,0,0,0.00,0,0,0,0,0,N/A
2025-10-13 07:04:28,0,8877.76,66,88,2846,2846.72,100,ok,0,0,0,0.00,0,0,0,0,0,N/A
2025-10-13 07:04:32,0,8877.76,66,88,2846,2846.72,100,ok,0,0,0,0.00,0,0,0,0,0,N/A
2025-10-13 07:04:36,0,8877.76,66,88,2846,2846.72,100,ok,0,0,0,0.00,0,0,0,0,0,N/A
2025-10-13 07:04:39,0,8877.76,69,88,2846,2846.72,100,ok,0,0,0,0.00,0,0,0,0,0,N/A
2025-10-13 07:04:42,0,8877.76,69,88,2846,2846.72,100,ok,0,0,0,0.00,0,0,0,0,0,N/A
2025-10-13 07:04:48,0,8877.76,43,88,2846,2846.72,100,ok,0,0,0,0.00,0,0,0,0,0,N/A
2025-10-13 07:04:51,0,8877.76,43,88,2846,2846.72,100,ok,0,0,0,0.00,0,0,0,0,0,N/A
2025-10-13 07:04:54,0,8877.76,43,88,2846,2846.72,100,ok,0,0,0,0.00,0,0,0,0,0,N/A
2025-10-13 07:04:58,0,8877.76,43,88,2846,2846.72,100,ok,0,0,0,0.00,0,0,0,0,0,N/A
2025-10-13 07:05:01,0,8877.76,46,88,2846,2846.72,100,ok,0,0,0,0.00,0,0,0,0,0,N/A
2025-10-13 07:05:05,0,8877.76,46,88,2846,2846.72,100,ok,0,0,0,0.00,0,0,0,0,0,N/A
2025-10-13 07:05:08,0,8877.76,50,88,2846,2846.72,100,ok,0,0,0,0.00,0,0,0,0,0,N/A
2025-10-13 07:05:11,0,8877.76,50,88,2846,2846.72,100,ok,0,0,0,0.00,0,0,0,0,0,N/A
2025-10-13 07:05:15,0,8877.76,50,88,2846,2846.72,100,ok,0,0,0,0.00,0,0,0,0,0,N/A
2025-10-13 07:05:18,0,8877.76,50,88,2846,2846.72,100,ok,0,0,0,0.00,0,0,0,0,0,N/A
2025-10-13 07:05:22,0,8877.76,53,88,2846,2846.72,100,ok,0,0,0,0.00,0,0,0,0,0,N/A
2025-10-13 07:05:27,0,8877.76,53,88,2846,2846.72,100,ok,0,0,0,0.00,0,0,0,0,0,N/A
2025-10-13 07:05:31,0,8877.76,57,88,2846,2846.72,100,ok,0,0,0,0.00,0,0,0,0,0,N/A
2025-10-13 07:05:35,0,8877.76,57,88,2846,2846.72,100,ok,0,0,0,0.00,0,0,0,0,0,N/A
2025-10-13 07:05:38,0,8877.76,60,88,2846,2846.72,100,ok,0,0,0,0.00,0,0,0,0,0,N/A
2025-10-13 07:05:42,0,8877.76,60,88,2846,2846.72,100,ok,0,0,0,0.00,0,0,0,0,0,N/A
2025-10-13 07:05:47,0,8877.76,60,88,2846,2846.72,100,ok,0,0,0,0.00,0,0,0,0,0,N/A
2025-10-13 07:05:51,0,8877.76,63,88,2846,2846.72,100,ok,0,0,0,0.00,0,0,0,0,0,N/A
2025-10-13 07:05:54,0,8877.76,63,88,2846,2846.72,100,ok,0,0,0,0.00,0,0,0,0,0,N/A
2025-10-13 07:05:58,0,8877.76,63,88,2846,2846.72,100,ok,0,0,0,0.00,0,0,0,0,0,N/A
2025-10-13 07:06:02,0,8877.76,63,88,2846,2846.72,100,ok,0,0,0,0.00,0,0,0,0,0,N/A
2025-10-13 07:06:07,0,8877.76,67,88,2846,2846.72,100,ok,0,0,0,0.00,0,0,0,0,0,N/A
2025-10-13 07:06:10,0,8877.76,67,88,2846,2846.72,100,ok,0,0,0,0.00,0,0,0,0,0,N/A
2025-10-13 07:06:14,0,8877.76,67,88,2846,2846.72,100,ok,0,0,0,0.00,0,0,0,0,0,N/A
2025-10-13 07:06:18,0,8877.76,45,89,2846,2846.72,100,ok,0,0,0,0.00,0,0,0,0,0,N/A
2025-10-13 07:06:22,0,8877.76,45,89,2846,2846.72,100,ok,0,0,0,0.00,0,0,0,0,0,N/A
2025-10-13 07:06:35,0,8877.76,49,89,2846,2846.72,100,ok,0,0,0,0.00,0,0,0,0,0,N/A
2025-10-13 07:06:38,0,8877.76,52,89,2846,2846.72,100,ok,0,0,0,0.00,0,0,0,0,0,N/A
2025-10-13 07:06:41,0,8877.76,52,89,2846,2846.72,100,ok,0,0,0,0.00,0,0,0,0,0,N/A
2025-10-13 07:06:45,0,8877.76,52,89,2846,2846.72,100,ok,0,0,0,0.00,0,0,0,0,0,N/A
2025-10-13 07:06:48,0,8877.76,55,89,2846,2846.72,100,ok,0,0,0,0.00,0,0,0,0,0,N/A
2025-10-13 07:06:52,0,8877.76,55,89,2846,2846.72,100,ok,0,0,0,0.00,0,0,0,0,0,N/A
2025-10-13 07:06:57,0,8877.76,59,89,2846,2846.72,100,ok,0,0,0,0.00,0,0,0,0,0,N/A
2025-10-13 07:07:01,0,8877.76,59,89,2846,2846.72,100,ok,0,0,0,0.00,0,0,0,0,0,N/A
2025-10-13 07:07:04,0,8877.76,59,89,2846,2846.72,100,ok,0,0,0,0.00,0,0,0,0,0,N/A
2025-10-13 07:07:08,0,8877.76,62,89,2846,2846.72,100,ok,0,0,0,0.00,0,0,0,0,0,N/A
2025-10-13 07:07:11,0,8877.76,62,89,2846,2846.72,100,ok,0,0,0,0.00,0,0,0,0,0,N/A
2025-10-13 07:07:17,0,8877.76,62,89,2846,2846.72,100,ok,0,0,0,0.00,0,0,0,0,0,N/A
2025-10-13 07:07:20,0,8877.76,62,89,2846,2846.72,100,ok,0,0,0,0.00,0,0,0,0,0,N/A
2025-10-13 07:07:24,0,8877.76,66,89,2846,2846.72,100,ok,0,0,0,0.00,0,0,0,0,0,N/A
2025-10-13 07:07:28,0,8877.76,66,89,2846,2846.72,100,ok,0,0,0,0.00,0,0,0,0,0,N/A
2025-10-13 07:07:32,0,8877.76,69,89,2846,2846.72,100,ok,0,0,0,0.00,0,0,0,0,0,N/A
2025-10-13 07:07:37,0,8877.76,69,89,2846,2846.72,100,ok,0,0,0,0.00,0,0,0,0,0,N/A
2025-10-13 07:07:41,0,8877.76,43,89,2846,2846.72,100,ok,0,0,0,0.00,0,0,0,0,0,N/A
2025-10-13 07:07:44,0,8877.76,43,89,2846,2846.72,100,ok,0,0,0,0.00,0,0,0,0,0,N/A
2025-10-13 07:07:48,0,8877.76,43,89,2846,2846.72,100,ok,0,0,0,0.00,0,0,0,0,0,N/A
2025-10-13 07:07:51,0,8877.76,46,89,2846,2846.72,100,ok,0,0,0,0.00,0,0,0,0,0,N/A
2025-10-13 07:07:57,0,8877.76,46,89,2846,2846.72,100,ok,0,0,0,0.00,0,0,0,0,0,N/A
2025-10-13 07:08:01,0,8877.76,46,89,2846,2846.72,100,ok,0,0,0,0.00,0,0,0,0,0,N/A
2025-10-13 07:08:04,0,8877.76,50,89,2846,2846.72,100,ok,0,0,0,0.00,0,0,0,0,0,N/A
2025-10-13 07:08:08,0,8877.76,50,89,2846,2846.72,100,ok,0,0,0,0.00,0,0,0,0,0,N/A
2025-10-13 07:08:11,0,8877.76,50,89,2846,2846.72,100,ok,0,0,0,0.00,0,0,0,0,0,N/A
2025-10-13 07:08:15,0,8877.76,53,89,2846,2846.72,100,ok,0,0,0,0.00,0,0,0,0,0,N/A
2025-10-13 07:08:19,0,8877.76,53,89,2846,2846.72,100,ok,0,0,0,0.00,0,0,0,0,0,N/A
2025-10-13 07:08:22,0,8877.76,56,89,2846,2846.72,100,ok,0,0,0,0.00,0,0,0,0,0,N/A
2025-10-13 07:08:27,0,8877.76,56,89,2846,2846.72,100,ok,0,0,0,0.00,0,0,0,0,0,N/A
2025-10-13 07:08:30,0,8877.76,56,89,2846,2846.72,100,ok,0,0,0,0.00,0,0,0,0,0,N/A
2025-10-13 07:08:34,0,8877.76,61,89,2846,2846.72,100,ok,0,0,0,0.00,0,0,0,0,0,N/A
2025-10-13 07:08:38,0,8877.76,61,89,2846,2846.72,100,ok,0,0,0,0.00,0,0,0,0,0,N/A
2025-10-13 07:08:41,0,8877.76,61,89,2846,2846.72,100,ok,0,0,0,0.00,0,0,0,0,0,N/A
2025-10-13 07:08:44,0,8877.76,65,89,2846,2846.72,100,ok,0,0,0,0.00,0,0,0,0,0,N/A
2025-10-13 07:08:48,0,8877.76,65,89,2846,2846.72,100,ok,0,0,0,0.00,0,0,0,0,0,N/A
2025-10-13 07:08:51,0,8877.76,65,89,2846,2846.72,100,ok,0,0,0,0.00,0,0,0,0,0,N/A
2025-10-13 07:08:55,0,8877.76,69,89,2846,2846.72,100,ok,0,0,0,0.00,0,0,0,0,0,N/A
2025-10-13 07:08:58,0,8877.76,69,89,2846,2846.72,100,ok,0,0,0,0.00,0,0,0,0,0,N/A
2025-10-13 07:09:01,0,8877.76,69,89,2846,2846.72,100,ok,0,0,0,0.00,0,0,0,0,0,N/A
2025-10-13 07:09:04,0,8877.76,69,89,2846,2846.72,100,ok,0,0,0,0.00,0,0,0,0,0,N/A
2025-10-13 07:09:08,0,8877.76,72,89,2846,2846.72,100,ok,0,0,0,0.00,0,0,0,0,0,N/A
2025-10-13 07:09:12,0,8877.76,72,89,2846,2846.72,100,ok,0,0,0,0.00,0,0,0,0,0,N/A
2025-10-13 07:09:15,0,8877.76,72,89,2846,2846.72,100,ok,0,0,0,0.00,0,0,0,0,0,N/A
2025-10-13 07:09:18,0,8877.76,43,89,2846,2846.72,100,ok,0,0,0,0.00,0,0,0,0,0,N/A
2025-10-13 07:09:22,0,8877.76,43,89,2846,2846.72,100,ok,0,0,0,0.00,0,0,0,0,0,N/A
2025-10-13 07:09:27,0,8877.76,47,89,2846,2846.72,100,ok,0,0,0,0.00,0,0,0,0,0,N/A
2025-10-13 07:09:30,0,8877.76,47,89,2846,2846.72,100,ok,0,0,0,0.00,0,0,0,0,0,N/A
2025-10-13 07:09:34,0,8877.76,47,89,2846,2846.72,100,ok,0,0,0,0.00,0,0,0,0,0,N/A
2025-10-13 07:09:38,0,8877.76,50,89,2846,2846.72,100,ok,0,0,0,0.00,0,0,0,0,0,N/A
2025-10-13 07:09:41,0,8877.76,50,89,2846,2846.72,100,ok,0,0,0,0.00,0,0,0,0,0,N/A
2025-10-13 07:09:45,0,8877.76,50,89,2846,2846.72,100,ok,0,0,0,0.00,0,0,0,0,0,N/A
2025-10-13 07:09:48,0,8877.76,54,89,2846,2846.72,100,ok,0,0,0,0.00,0,0,0,0,0,N/A
2025-10-13 07:09:51,0,8877.76,54,89,2846,2846.72,100,ok,0,0,0,0.00,0,0,0,0,0,N/A
2025-10-13 07:09:55,0,8877.76,54,89,2846,2846.72,100,ok,0,0,0,0.00,0,0,0,0,0,N/A
2025-10-13 07:09:59,0,8877.76,57,89,2846,2846.72,100,ok,0,0,0,0.00,0,0,0,0,0,N/A
2025-10-13 07:10:02,0,8877.76,57,89,2846,2846.72,100,ok,0,0,0,0.00,0,0,0,0,0,N/A
2025-10-13 07:10:07,0,8877.76,57,89,2846,2846.72,100,ok,0,0,0,0.00,0,0,0,0,0,N/A
2025-10-13 07:10:10,0,8877.76,60,89,2846,2846.72,100,ok,0,0,0,0.00,0,0,0,0,0,N/A
2025-10-13 07:10:14,0,8877.76,60,89,2846,2846.72,100,ok,0,0,0,0.00,0,0,0,0,0,N/A
2025-10-13 07:10:19,0,8877.76,60,89,2846,2846.72,100,ok,0,0,0,0.00,0,0,0,0,0,N/A
2025-10-13 07:10:22,0,8877.76,60,89,2846,2846.72,100,ok,0,0,0,0.00,0,0,0,0,0,N/A
2025-10-13 07:10:26,0,8877.76,64,89,2846,2846.72,100,ok,0,0,0,0.00,0,0,0,0,0,N/A
2025-10-13 07:10:30,0,8877.76,64,89,2846,2846.72,100,ok,0,0,0,0.00,0,0,0,0,0,N/A
2025-10-13 07:10:33,0,8877.76,68,89,2846,2846.72,100,ok,0,0,0,0.00,0,0,0,0,0,N/A
2025-10-13 07:10:38,0,8877.76,68,89,2846,2846.72,100,ok,0,0,0,0.00,0,0,0,0,0,N/A
2025-10-13 07:10:41,0,8877.76,68,89,2846,2846.72,100,ok,0,0,0,0.00,0,0,0,0,0,N/A
2025-10-13 07:10:44,0,8877.76,44,89,2846,2846.72,100,ok,0,0,0,0.00,0,0,0,0,0,N/A
2025-10-13 07:10:48,0,8877.76,44,89,2846,2846.72,100,ok,0,0,0,0.00,0,0,0,0,0,N/A
2025-10-13 07:10:51,0,8877.76,44,89,2846,2846.72,100,ok,0,0,0,0.00,0,0,0,0,0,N/A
2025-10-13 07:10:54,0,8877.76,48,89,2846,2846.72,100,ok,0,0,0,0.00,0,0,0,0,0,N/A
2025-10-13 07:10:58,0,8877.76,48,89,2846,2846.72,100,ok,0,0,0,0.00,0,0,0,0,0,N/A
2025-10-13 07:11:01,0,8877.76,48,89,2846,2846.72,100,ok,0,0,0,0.00,0,0,0,0,0,N/A
2025-10-13 07:11:04,0,8877.76,48,89,2846,2846.72,100,ok,0,0,0,0.00,0,0,0,0,0,N/A
2025-10-13 07:11:08,0,8877.76,52,89,2846,2846.72,100,ok,0,0,0,0.00,0,0,0,0,0,N/A
2025-10-13 07:11:11,0,8877.76,52,89,2846,2846.72,100,ok,0,0,0,0.00,0,0,0,0,0,N/A
2025-10-13 07:11:15,0,8877.76,52,89,2846,2846.72,100,ok,0,0,0,0.00,0,0,0,0,0,N/A
2025-10-13 07:11:18,0,8877.76,55,89,2846,2846.72,100,ok,0,0,0,0.00,0,0,0,0,0,N/A
2025-10-13 07:11:21,0,8877.76,55,89,2846,2846.72,100,ok,0,0,0,0.00,0,0,0,0,0,N/A
2025-10-13 07:11:28,0,8877.76,58,89,2846,2846.72,100,ok,0,0,0,0.00,0,0,0,0,0,N/A
2025-10-13 07:11:35,0,8877.76,58,89,2846,2846.72,100,ok,0,0,0,0.00,0,0,0,0,0,N/A
2025-10-13 07:11:38,0,8877.76,58,89,2846,2846.72,100,ok,0,0,0,0.00,0,0,0,0,0,N/A
2025-10-13 07:11:42,0,8877.76,62,89,2846,2846.72,100,ok,0,0,0,0.00,0,0,0,0,0,N/A
2025-10-13 07:11:47,0,8877.76,62,89,2846,2846.72,100,ok,0,0,0,0.00,0,0,0,0,0,N/A
2025-10-13 07:11:51,0,8877.76,65,89,2846,2846.72,100,ok,0,0,0,0.00,0,0,0,0,0,N/A
2025-10-13 07:11:54,0,8877.76,65,89,2846,2846.72,100,ok,0,0,0,0.00,0,0,0,0,0,N/A
2025-10-13 07:11:58,0,8877.76,65,89,2846,2846.72,100,ok,0,0,0,0.00,0,0,0,0,0,N/A
2025-10-13 07:12:01,0,8877.76,65,89,2846,2846.72,100,ok,0,0,0,0.00,0,0,0,0,0,N/A
2025-10-13 07:12:05,0,8877.76,69,89,2846,2846.72,100,ok,0,0,0,0.00,0,0,0,0,0,N/A
2025-10-13 07:12:08,0,8877.76,69,89,2846,2846.72,100,ok,0,0,0,0.00,0,0,0,0,0,N/A
2025-10-13 07:12:12,0,8877.76,43,89,2846,2846.72,100,ok,0,0,0,0.00,0,0,0,0,0,N/A
2025-10-13 07:12:15,0,8877.76,43,89,2846,2846.72,100,ok,0,0,0,0.00,0,0,0,0,0,N/A
2025-10-13 07:12:18,0,8877.76,43,89,2846,2846.72,100,ok,0,0,0,0.00,0,0,0,0,0,N/A
2025-10-13 07:12:22,0,8877.76,46,89,2846,2846.72,100,ok,0,0,0,0.00,0,0,0,0,0,N/A
2025-10-13 07:12:27,0,8877.76,46,89,2846,2846.72,100,ok,0,0,0,0.00,0,0,0,0,0,N/A
2025-10-13 07:12:31,0,8877.76,46,89,2846,2846.72,100,ok,0,0,0,0.00,0,0,0,0,0,N/A
2025-10-13 07:12:34,0,8877.76,51,89,2846,2846.72,100,ok,0,0,0,0.00,0,0,0,0,0,N/A
2025-10-13 07:12:38,0,8877.76,51,89,2846,2846.72,100,ok,0,0,0,0.00,0,0,0,0,0,N/A
2025-10-13 07:12:42,0,8877.76,51,89,2846,2846.72,100,ok,0,0,0,0.00,0,0,0,0,0,N/A
2025-10-13 07:12:45,0,8877.76,55,89,2846,2846.72,100,ok,0,0,0,0.00,0,0,0,0,0,N/A
2025-10-13 07:12:48,0,8877.76,55,89,2846,2846.72,100,ok,0,0,0,0.00,0,0,0,0,0,N/A
2025-10-13 07:12:52,0,8877.76,55,89,2846,2846.72,100,ok,0,0,0,0.00,0,0,0,0,0,N/A
2025-10-13 07:12:57,0,8877.76,59,89,2846,2846.72,100,ok,0,0,0,0.00,0,0,0,0,0,N/A
2025-10-13 07:13:01,0,8877.76,59,89,2846,2846.72,100,ok,0,0,0,0.00,0,0,0,0,0,N/A
2025-10-13 07:13:04,0,8877.76,59,89,2846,2846.72,100,ok,0,0,0,0.00,0,0,0,0,0,N/A
2025-10-13 07:13:08,0,8877.76,62,89,2846,2846.72,100,ok,0,0,0,0.00,0,0,0,0,0,N/A
2025-10-13 07:13:11,0,8877.76,62,89,2846,2846.72,100,ok,0,0,0,0.00,0,0,0,0,0,N/A
2025-10-13 07:13:17,0,8877.76,62,89,2846,2846.72,100,ok,0,0,0,0.00,0,0,0,0,0,N/A
2025-10-13 07:13:20,0,8877.76,66,89,2846,2846.72,100,ok,0,0,0,0.00,0,0,0,0,0,N/A
2025-10-13 07:13:23,0,8877.76,66,89,2846,2846.72,100,ok,0,0,0,0.00,0,0,0,0,0,N/A
2025-10-13 07:13:28,0,8877.76,66,89,2846,2846.72,100,ok,0,0,0,0.00,0,0,0,0,0,N/A
2025-10-13 07:13:31,0,8877.76,69,89,2846,2846.72,100,ok,0,0,0,0.00,0,0,0,0,0,N/A
2025-10-13 07:13:35,0,8877.76,69,89,2846,2846.72,100,ok,0,0,0,0.00,0,0,0,0,0,N/A
2025-10-13 07:13:38,0,8877.76,43,89,2846,2846.72,100,ok,0,0,0,0.00,0,0,0,0,0,N/A
2025-10-13 07:13:42,0,8877.76,43,89,2846,2846.72,100,ok,0,0,0,0.00,0,0,0,0,0,N/A
2025-10-13 07:13:47,0,8877.76,43,89,2846,2846.72,100,ok,0,0,0,0.00,0,0,0,0,0,N/A
2025-10-13 07:13:50,0,8877.76,46,89,2846,2846.72,100,ok,0,0,0,0.00,0,0,0,0,0,N/A
2025-10-13 07:13:54,0,8877.76,46,89,2846,2846.72,100,ok,0,0,0,0.00,0,0,0,0,0,N/A
2025-10-13 07:13:58,0,8877.76,46,89,2846,2846.72,100,ok,0,0,0,0.00,0,0,0,0,0,N/A
2025-10-13 07:14:01,0,8877.76,50,89,2846,2846.72,100,ok,0,0,0,0.00,0,0,0,0,0,N/A
2025-10-13 07:14:05,0,8877.76,50,89,2846,2846.72,100,ok,0,0,0,0.00,0,0,0,0,0,N/A
2025-10-13 07:14:08,0,8877.76,50,89,2846,2846.72,100,ok,0,0,0,0.00,0,0,0,0,0,N/A
2025-10-13 07:14:12,0,8877.76,53,89,2846,2846.72,100,ok,0,0,0,0.00,0,0,0,0,0,N/A
2025-10-13 07:14:17,0,8877.76,53,89,2846,2846.72,100,ok,0,0,0,0.00,0,0,0,0,0,N/A
2025-10-13 07:14:20,0,8877.76,53,89,2846,2846.72,100,ok,0,0,0,0.00,0,0,0,0,0,N/A
2025-10-13 07:14:24,0,8877.76,58,89,2846,2846.72,100,ok,0,0,0,0.00,0,0,0,0,0,N/A
2025-10-13 07:14:28,0,8877.76,58,89,2846,2846.72,100,ok,0,0,0,0.00,0,0,0,0,0,N/A
2025-10-13 07:14:31,0,8877.76,58,89,2846,2846.72,100,ok,0,0,0,0.00,0,0,0,0,0,N/A
2025-10-13 07:14:34,0,8877.76,58,89,2846,2846.72,100,ok,0,0,0,0.00,0,0,0,0,0,N/A
2025-10-13 07:14:38,0,8877.76,62,89,2846,2846.72,100,ok,0,0,0,0.00,0,0,0,0,0,N/A
2025-10-13 07:14:41,0,8877.76,62,89,2846,2846.72,100,ok,0,0,0,0.00,0,0,0,0,0,N/A
2025-10-13 07:14:45,0,8877.76,65,89,2846,2846.72,100,ok,0,0,0,0.00,0,0,0,0,0,N/A
2025-10-13 07:14:48,0,8877.76,65,89,2846,2846.72,100,ok,0,0,0,0.00,0,0,0,0,0,N/A
2025-10-13 07:14:51,0,8877.76,65,89,2846,2846.72,100,ok,0,0,0,0.00,0,0,0,0,0,N/A
2025-10-13 07:14:55,0,8877.76,69,89,2846,2846.72,100,ok,0,0,0,0.00,0,0,0,0,0,N/A
2025-10-13 07:14:58,0,8877.76,69,89,2846,2846.72,100,ok,0,0,0,0.00,0,0,0,0,0,N/A
2025-10-13 07:15:02,0,8877.76,69,89,2846,2846.72,100,ok,0,0,0,0.00,0,0,0,0,0,N/A
2025-10-13 07:15:07,0,8877.76,43,89,2846,2846.72,100,ok,0,0,0,0.00,0,0,0,0,0,N/A
2025-10-13 07:15:11,0,8877.76,43,89,2846,2846.72,100,ok,0,0,0,0.00,0,0,0,0,0,N/A
2025-10-13 07:15:15,0,8877.76,43,89,2846,2846.72,100,ok,0,0,0,0.00,0,0,0,0,0,N/A
2025-10-13 07:15:18,0,8877.76,46,89,2846,2846.72,100,ok,0,0,0,0.00,0,0,0,0,0,N/A
2025-10-13 07:15:22,0,8877.76,46,89,2846,2846.72,100,ok,0,0,0,0.00,0,0,0,0,0,N/A
2025-10-13 07:15:27,0,8877.76,50,89,2846,2846.72,100,ok,0,0,0,0.00,0,0,0,0,0,N/A
2025-10-13 07:15:31,0,8877.76,50,89,2846,2846.72,100,ok,0,0,0,0.00,0,0,0,0,0,N/A
2025-10-13 07:15:34,0,8877.76,50,89,2846,2846.72,100,ok,0,0,0,0.00,0,0,0,0,0,N/A
2025-10-13 07:15:38,0,8877.76,53,89,2846,2846.72,100,ok,0,0,0,0.00,0,0,0,0,0,N/A
2025-10-13 07:15:41,0,8877.76,53,89,2846,2846.72,100,ok,0,0,0,0.00,0,0,0,0,0,N/A
2025-10-13 07:15:44,0,8877.76,53,89,2846,2846.72,100,ok,0,0,0,0.00,0,0,0,0,0,N/A
2025-10-13 07:15:48,0,8877.76,56,89,2846,2846.72,100,ok,0,0,0,0.00,0,0,0,0,0,N/A
2025-10-13 07:15:52,0,8877.76,56,89,2846,2846.72,100,ok,0,0,0,0.00,0,0,0,0,0,N/A
2025-10-13 07:15:57,0,8877.76,60,89,2846,2846.72,100,ok,0,0,0,0.00,0,0,0,0,0,N/A
2025-10-13 07:16:00,0,8877.76,60,89,2846,2846.72,100,ok,0,0,0,0.00,0,0,0,0,0,N/A
2025-10-13 07:16:04,0,8877.76,60,89,2846,2846.72,100,ok,0,0,0,0.00,0,0,0,0,0,N/A
2025-10-13 07:16:08,0,8877.76,60,89,2846,2846.72,100,ok,0,0,0,0.00,0,0,0,0,0,N/A
2025-10-13 07:16:11,0,8877.76,63,89,2846,2846.72,100,ok,0,0,0,0.00,0,0,0,0,0,N/A
2025-10-13 07:16:15,0,8877.76,63,89,2846,2846.72,100,ok,0,0,0,0.00,0,0,0,0,0,N/A
2025-10-13 07:16:18,0,8877.76,63,89,2846,2846.72,100,ok,0,0,0,0.00,0,0,0,0,0,N/A
2025-10-13 07:16:22,0,8877.76,67,89,2846,2846.72,100,ok,0,0,0,0.00,0,0,0,0,0,N/A
2025-10-13 07:16:34,0,8877.76,43,89,2846,2846.72,100,ok,0,0,0,0.00,0,0,0,0,0,N/A
2025-10-13 07:16:38,0,8877.76,43,89,2846,2846.72,100,ok,0,0,0,0.00,0,0,0,0,0,N/A
2025-10-13 07:16:41,0,8877.76,46,89,2846,2846.72,100,ok,0,0,0,0.00,0,0,0,0,0,N/A
2025-10-13 07:16:45,0,8877.76,46,89,2846,2846.72,100,ok,0,0,0,0.00,0,0,0,0,0,N/A
2025-10-13 07:16:48,0,8877.76,46,89,2846,2846.72,100,ok,0,0,0,0.00,0,0,0,0,0,N/A
2025-10-13 07:16:52,0,8877.76,50,89,2846,2846.72,100,ok,0,0,0,0.00,0,0,0,0,0,N/A
2025-10-13 07:16:57,0,8877.76,50,89,2846,2846.72,100,ok,0,0,0,0.00,0,0,0,0,0,N/A
2025-10-13 07:17:01,0,8877.76,50,89,2846,2846.72,100,ok,0,0,0,0.00,0,0,0,0,0,N/A
2025-10-13 07:17:05,0,8877.76,53,89,2846,2846.72,100,ok,0,0,0,0.00,0,0,0,0,0,N/A
2025-10-13 07:17:09,0,8877.76,53,89,2846,2846.72,100,ok,0,0,0,0.00,0,0,0,0,0,N/A
2025-10-13 07:17:12,0,8877.76,57,89,2846,2846.72,100,ok,0,0,0,0.00,0,0,0,0,0,N/A
2025-10-13 07:17:17,0,8877.76,57,89,2846,2846.72,100,ok,0,0,0,0.00,0,0,0,0,0,N/A
2025-10-13 07:17:21,0,8877.76,57,89,2846,2846.72,100,ok,0,0,0,0.00,0,0,0,0,0,N/A
2025-10-13 07:17:25,0,8877.76,62,89,2846,2846.72,100,ok,0,0,0,0.00,0,0,0,0,0,N/A
2025-10-13 07:17:28,0,8877.76,62,89,2846,2846.72,100,ok,0,0,0,0.00,0,0,0,0,0,N/A
2025-10-13 07:17:31,0,8877.76,62,89,2846,2846.72,100,ok,0,0,0,0.00,0,0,0,0,0,N/A
2025-10-13 07:17:37,0,8877.76,66,89,2846,2846.72,100,ok,0,0,0,0.00,0,0,0,0,0,N/A
2025-10-13 07:17:40,0,8877.76,66,89,2846,2846.72,100,ok,0,0,0,0.00,0,0,0,0,0,N/A
2025-10-13 07:17:44,0,8877.76,66,89,2846,2846.72,100,ok,0,0,0,0.00,0,0,0,0,0,N/A
2025-10-13 07:17:48,0,8877.76,69,89,2846,2846.72,100,ok,0,0,0,0.00,0,0,0,0,0,N/A
2025-10-13 07:17:52,0,8877.76,69,89,2846,2846.72,100,ok,0,0,0,0.00,0,0,0,0,0,N/A
2025-10-13 07:17:57,0,8877.76,69,89,2846,2846.72,100,ok,0,0,0,0.00,0,0,0,0,0,N/A
2025-10-13 07:18:00,0,8877.76,43,89,2846,2846.72,100,ok,0,0,0,0.00,0,0,0,0,0,N/A
2025-10-13 07:18:04,0,8877.76,43,89,2846,2846.72,100,ok,0,0,0,0.00,0,0,0,0,0,N/A
2025-10-13 07:18:08,0,8877.76,43,89,2846,2846.72,100,ok,0,0,0,0.00,0,0,0,0,0,N/A
2025-10-13 07:18:11,0,8877.76,46,89,2846,2846.72,100,ok,0,0,0,0.00,0,0,0,0,0,N/A
2025-10-13 07:18:15,0,8877.76,46,89,2846,2846.72,100,ok,0,0,0,0.00,0,0,0,0,0,N/A
2025-10-13 07:18:18,0,8877.76,46,89,2846,2846.72,100,ok,0,0,0,0.00,0,0,0,0,0,N/A
2025-10-13 07:18:22,0,8877.76,50,89,2846,2846.72,100,ok,0,0,0,0.00,0,0,0,0,0,N/A
2025-10-13 07:18:27,0,8877.76,50,89,2846,2846.72,100,ok,0,0,0,0.00,0,0,0,0,0,N/A
2025-10-13 07:18:30,0,8877.76,53,89,2846,2846.72,100,ok,0,0,0,0.00,0,0,0,0,0,N/A
2025-10-13 07:18:34,0,8877.76,53,89,2846,2846.72,100,ok,0,0,0,0.00,0,0,0,0,0,N/A
2025-10-13 07:18:38,0,8877.76,53,89,2846,2846.72,100,ok,0,0,0,0.00,0,0,0,0,0,N/A
2025-10-13 07:18:41,0,8877.76,57,89,2846,2846.72,100,ok,0,0,0,0.00,0,0,0,0,0,N/A
2025-10-13 07:18:44,0,8877.76,57,89,2846,2846.72,100,ok,0,0,0,0.00,0,0,0,0,0,N/A
2025-10-13 07:18:48,0,8877.76,57,89,2846,2846.72,100,ok,0,0,0,0.00,0,0,0,0,0,N/A
2025-10-13 07:18:51,0,8877.76,60,89,2846,2846.72,100,ok,0,0,0,0.00,0,0,0,0,0,N/A
2025-10-13 07:18:54,0,8877.76,60,89,2846,2846.72,100,ok,0,0,0,0.00,0,0,0,0,0,N/A
2025-10-13 07:18:58,0,8877.76,60,89,2846,2846.72,100,ok,0,0,0,0.00,0,0,0,0,0,N/A
2025-10-13 07:19:01,0,8877.76,63,89,2846,2846.72,100,ok,0,0,0,0.00,0,0,0,0,0,N/A
2025-10-13 07:19:05,0,8877.76,63,89,2846,2846.72,100,ok,0,0,0,0.00,0,0,0,0,0,N/A
2025-10-13 07:19:08,0,8877.76,63,89,2846,2846.72,100,ok,0,0,0,0.00,0,0,0,0,0,N/A
2025-10-13 07:19:12,0,8877.76,63,89,2846,2846.72,100,ok,0,0,0,0.00,0,0,0,0,0,N/A
2025-10-13 07:19:17,0,8877.76,67,89,2846,2846.72,100,ok,0,0,0,0.00,0,0,0,0,0,N/A
2025-10-13 07:19:21,0,8877.76,67,89,2846,2846.72,100,ok,0,0,0,0.00,0,0,0,0,0,N/A
2025-10-13 07:19:25,0,8877.76,43,89,2846,2846.72,100,ok,0,0,0,0.00,0,0,0,0,0,N/A
2025-10-13 07:19:28,0,8877.76,43,89,2846,2846.72,100,ok,0,0,0,0.00,0,0,0,0,0,N/A
2025-10-13 07:19:32,0,8877.76,43,89,2846,2846.72,100,ok,0,0,0,0.00,0,0,0,0,0,N/A
2025-10-13 07:19:35,0,8877.76,46,89,2846,2846.72,100,ok,0,0,0,0.00,0,0,0,0,0,N/A
2025-10-13 07:19:39,0,8877.76,46,89,2846,2846.72,100,ok,0,0,0,0.00,0,0,0,0,0,N/A
2025-10-13 07:19:42,0,8877.76,50,89,2846,2846.72,100,ok,0,0,0,0.00,0,0,0,0,0,N/A
2025-10-13 07:19:48,0,8877.76,50,89,2846,2846.72,100,ok,0,0,0,0.00,0,0,0,0,0,N/A
2025-10-13 07:19:51,0,8877.76,50,89,2846,2846.72,100,ok,0,0,0,0.00,0,0,0,0,0,N/A
2025-10-13 07:19:57,0,8877.76,53,89,2846,2846.72,100,ok,0,0,0,0.00,0,0,0,0,0,N/A
2025-10-13 07:20:00,0,8877.76,53,89,2846,2846.72,100,ok,0,0,0,0.00,0,0,0,0,0,N/A
2025-10-13 07:20:04,0,8877.76,58,89,2846,2846.72,100,ok,0,0,0,0.00,0,0,0,0,0,N/A
2025-10-13 07:20:08,0,8877.76,58,89,2846,2846.72,100,ok,0,0,0,0.00,0,0,0,0,0,N/A
2025-10-13 07:20:12,0,8877.76,58,89,2846,2846.72,100,ok,0,0,0,0.00,0,0,0,0,0,N/A
2025-10-13 07:20:15,0,8877.76,62,89,2846,2846.72,100,ok,0,0,0,0.00,0,0,0,0,0,N/A
2025-10-13 07:20:18,0,8877.76,62,89,2846,2846.72,100,ok,0,0,0,0.00,0,0,0,0,0,N/A
2025-10-13 07:20:21,0,8877.76,62,89,2846,2846.72,100,ok,0,0,0,0.00,0,0,0,0,0,N/A
2025-10-13 07:20:24,0,8877.76,62,89,2846,2846.72,100,ok,0,0,0,0.00,0,0,0,0,0,N/A
2025-10-13 07:20:28,0,8877.76,65,89,2846,2846.72,100,ok,0,0,0,0.00,0,0,0,0,0,N/A
2025-10-13 07:20:31,0,8877.76,65,89,2846,2846.72,100,ok,0,0,0,0.00,0,0,0,0,0,N/A
2025-10-13 07:20:34,0,8877.76,65,89,2846,2846.72,100,ok,0,0,0,0.00,0,0,0,0,0,N/A
2025-10-13 07:20:38,0,8877.76,69,89,2846,2846.72,100,ok,0,0,0,0.00,0,0,0,0,0,N/A
2025-10-13 07:20:41,0,8877.76,69,89,2846,2846.72,100,ok,0,0,0,0.00,0,0,0,0,0,N/A
2025-10-13 07:20:44,0,8877.76,69,89,2846,2846.72,100,ok,0,0,0,0.00,0,0,0,0,0,N/A
2025-10-13 07:20:48,0,8877.76,43,89,2846,2846.72,100,ok,0,0,0,0.00,0,0,0,0,0,N/A
2025-10-13 07:20:51,0,8877.76,43,89,2846,2846.72,100,ok,0,0,0,0.00,0,0,0,0,0,N/A
2025-10-13 07:20:54,0,8877.76,43,89,2846,2846.72,100,ok,0,0,0,0.00,0,0,0,0,0,N/A
2025-10-13 07:20:58,0,8877.76,46,89,2846,2846.72,100,ok,0,0,0,0.00,0,0,0,0,0,N/A
2025-10-13 07:21:01,0,8877.76,46,89,2846,2846.72,100,ok,0,0,0,0.00,0,0,0,0,0,N/A
2025-10-13 07:21:05,0,8877.76,46,89,2846,2846.72,100,ok,0,0,0,0.00,0,0,0,0,0,N/A
2025-10-13 07:21:08,0,8877.76,50,89,2846,2846.72,100,ok,0,0,0,0.00,0,0,0,0,0,N/A
2025-10-13 07:21:11,0,8877.76,50,89,2846,2846.72,100,ok,0,0,0,0.00,0,0,0,0,0,N/A
2025-10-13 07:21:14,0,8877.76,50,89,2846,2846.72,100,ok,0,0,0,0.00,0,0,0,0,0,N/A
2025-10-13 07:21:18,0,8877.76,53,89,2846,2846.72,100,ok,0,0,0,0.00,0,0,0,0,0,N/A
2025-10-13 07:21:21,0,8877.76,53,89,2846,2846.72,100,ok,0,0,0,0.00,0,0,0,0,0,N/A
2025-10-13 07:21:25,0,8877.76,56,89,2846,2846.72,100,ok,0,0,0,0.00,0,0,0,0,0,N/A
2025-10-13 07:21:34,0,8877.76,56,89,2846,2846.72,100,ok,0,0,0,0.00,0,0,0,0,0,N/A
2025-10-13 07:21:38,0,8877.76,60,89,2846,2846.72,100,ok,0,0,0,0.00,0,0,0,0,0,N/A
2025-10-13 07:21:43,0,8877.76,60,89,2846,2846.72,100,ok,0,0,0,0.00,0,0,0,0,0,N/A
2025-10-13 07:21:48,0,8877.76,63,89,2846,2846.72,100,ok,0,0,0,0.00,0,0,0,0,0,N/A
2025-10-13 07:21:51,0,8877.76,63,89,2846,2846.72,100,ok,0,0,0,0.00,0,0,0,0,0,N/A
2025-10-13 07:21:55,0,8877.76,63,89,2846,2846.72,100,ok,0,0,0,0.00,0,0,0,0,0,N/A
2025-10-13 07:21:58,0,8877.76,67,89,2846,2846.72,100,ok,0,0,0,0.00,0,0,0,0,0,N/A
2025-10-13 07:22:02,0,8877.76,67,89,2846,2846.72,100,ok,0,0,0,0.00,0,0,0,0,0,N/A
2025-10-13 07:22:07,0,8877.76,43,89,2846,2846.72,100,ok,0,0,0,0.00,0,0,0,0,0,N/A
2025-10-13 07:22:10,0,8877.76,43,89,2846,2846.72,100,ok,0,0,0,0.00,0,0,0,0,0,N/A
2025-10-13 07:22:14,0,8877.76,43,89,2846,2846.72,100,ok,0,0,0,0.00,0,0,0,0,0,N/A
2025-10-13 07:22:18,0,8877.76,47,89,2846,2846.72,100,ok,0,0,0,0.00,0,0,0,0,0,N/A
2025-10-13 07:22:22,0,8877.76,47,89,2846,2846.72,100,ok,0,0,0,0.00,0,0,0,0,0,N/A
2025-10-13 07:22:27,0,8877.76,47,89,2846,2846.72,100,ok,0,0,0,0.00,0,0,0,0,0,N/A
2025-10-13 07:22:32,0,8877.76,50,89,2846,2846.72,100,ok,0,0,0,0.00,0,0,0,0,0,N/A
2025-10-13 07:22:37,0,8877.76,50,89,2846,2846.72,100,ok,0,0,0,0.00,0,0,0,0,0,N/A
2025-10-13 07:22:41,0,8877.76,53,89,2846,2846.72,100,ok,0,0,0,0.00,0,0,0,0,0,N/A
2025-10-13 07:22:45,0,8877.76,53,89,2846,2846.72,100,ok,0,0,0,0.00,0,0,0,0,0,N/A
2025-10-13 07:22:48,0,8877.76,53,89,2846,2846.72,100,ok,0,0,0,0.00,0,0,0,0,0,N/A
2025-10-13 07:22:51,0,8877.76,57,89,2846,2846.72,100,ok,0,0,0,0.00,0,0,0,0,0,N/A
2025-10-13 07:22:55,0,8877.76,57,89,2846,2846.72,100,ok,0,0,0,0.00,0,0,0,0,0,N/A
2025-10-13 07:22:58,0,8877.76,60,89,2846,2846.72,100,ok,0,0,0,0.00,0,0,0,0,0,N/A
2025-10-13 07:23:02,0,8877.76,60,89,2846,2846.72,100,ok,0,0,0,0.00,0,0,0,0,0,N/A
2025-10-13 07:23:07,0,8877.76,60,89,2846,2846.72,100,ok,0,0,0,0.00,0,0,0,0,0,N/A
2025-10-13 07:23:10,0,8877.76,63,89,2846,2846.72,100,ok,0,0,0,0.00,0,0,0,0,0,N/A
2025-10-13 07:23:14,0,8877.76,63,89,2846,2846.72,100,ok,0,0,0,0.00,0,0,0,0,0,N/A
2025-10-13 07:23:18,0,8877.76,63,89,2846,2846.72,100,ok,0,0,0,0.00,0,0,0,0,0,N/A
2025-10-13 07:23:21,0,8877.76,63,89,2846,2846.72,100,ok,0,0,0,0.00,0,0,0,0,0,N/A
2025-10-13 07:23:25,0,8877.76,67,89,2846,2846.72,100,ok,0,0,0,0.00,0,0,0,0,0,N/A
2025-10-13 07:23:29,0,8877.76,67,89,2846,2846.72,100,ok,0,0,0,0.00,0,0,0,0,0,N/A
2025-10-13 07:23:33,0,8877.76,43,89,2846,2846.72,100,ok,0,0,0,0.00,0,0,0,0,0,N/A
2025-10-13 07:23:38,0,8877.76,43,89,2846,2846.72,100,ok,0,0,0,0.00,0,0,0,0,0,N/A
2025-10-13 07:23:41,0,8877.76,43,89,2846,2846.72,100,ok,0,0,0,0.00,0,0,0,0,0,N/A
2025-10-13 07:23:47,0,8877.76,46,89,2846,2846.72,100,ok,0,0,0,0.00,0,0,0,0,0,N/A
2025-10-13 07:23:50,0,8877.76,46,89,2846,2846.72,100,ok,0,0,0,0.00,0,0,0,0,0,N/A
2025-10-13 07:23:54,0,8877.76,51,89,2846,2846.72,100,ok,0,0,0,0.00,0,0,0,0,0,N/A
2025-10-13 07:23:58,0,8877.76,51,89,2846,2846.72,100,ok,0,0,0,0.00,0,0,0,0,0,N/A
2025-10-13 07:24:01,0,8877.76,51,89,2846,2846.72,100,ok,0,0,0,0.00,0,0,0,0,0,N/A
2025-10-13 07:24:06,0,8877.76,55,89,2846,2846.72,100,ok,0,0,0,0.00,0,0,0,0,0,N/A
2025-10-13 07:24:09,0,8877.76,55,89,2846,2846.72,100,ok,0,0,0,0.00,0,0,0,0,0,N/A
2025-10-13 07:24:13,0,8877.76,55,89,2846,2846.72,100,ok,0,0,0,0.00,0,0,0,0,0,N/A
2025-10-13 07:24:18,0,8877.76,55,89,2846,2846.72,100,ok,0,0,0,0.00,0,0,0,0,0,N/A
2025-10-13 07:24:21,0,8877.76,59,89,2846,2846.72,100,ok,0,0,0,0.00,0,0,0,0,0,N/A
2025-10-13 07:24:26,0,8877.76,59,89,2846,2846.72,100,ok,0,0,0,0.00,0,0,0,0,0,N/A
2025-10-13 07:24:30,0,8877.76,62,89,2846,2846.72,100,ok,0,0,0,0.00,0,0,0,0,0,N/A
2025-10-13 07:24:33,0,8877.76,62,89,2846,2846.72,100,ok,0,0,0,0.00,0,0,0,0,0,N/A
2025-10-13 07:24:38,0,8877.76,66,89,2846,2846.72,100,ok,0,0,0,0.00,0,0,0,0,0,N/A
2025-10-13 07:24:42,0,8877.76,66,89,2846,2846.72,100,ok,0,0,0,0.00,0,0,0,0,0,N/A
2025-10-13 07:24:45,0,8877.76,66,89,2846,2846.72,100,ok,0,0,0,0.00,0,0,0,0,0,N/A
2025-10-13 07:24:48,0,8877.76,69,89,2846,2846.72,100,ok,0,0,0,0.00,0,0,0,0,0,N/A
2025-10-13 07:24:52,0,8877.76,69,89,2846,2846.72,100,ok,0,0,0,0.00,0,0,0,0,0,N/A
2025-10-13 07:24:57,0,8877.76,69,89,2846,2846.72,100,ok,0,0,0,0.00,0,0,0,0,0,N/A
2025-10-13 07:25:00,0,8877.76,43,89,2846,2846.72,100,ok,0,0,0,0.00,0,0,0,0,0,N/A
2025-10-13 07:25:03,0,8877.76,43,89,2846,2846.72,100,ok,0,0,0,0.00,0,0,0,0,0,N/A
2025-10-13 07:25:08,0,8877.76,43,89,2846,2846.72,100,ok,0,0,0,0.00,0,0,0,0,0,N/A
2025-10-13 07:25:11,0,8877.76,46,89,2846,2846.72,100,ok,0,0,0,0.00,0,0,0,0,0,N/A
2025-10-13 07:25:15,0,8877.76,46,89,2846,2846.72,100,ok,0,0,0,0.00,0,0,0,0,0,N/A
2025-10-13 07:25:18,0,8877.76,46,89,2846,2846.72,100,ok,0,0,0,0.00,0,0,0,0,0,N/A
2025-10-13 07:25:21,0,8877.76,50,89,2846,2846.72,100,ok,0,0,0,0.00,0,0,0,0,0,N/A
2025-10-13 07:25:24,0,8877.76,50,89,2846,2846.72,100,ok,0,0,0,0.00,0,0,0,0,0,N/A
2025-10-13 07:25:28,0,8877.76,50,89,2846,2846.72,100,ok,0,0,0,0.00,0,0,0,0,0,N/A
2025-10-13 07:25:31,0,8877.76,50,89,2846,2846.72,100,ok,0,0,0,0.00,0,0,0,0,0,N/A
2025-10-13 07:25:35,0,8877.76,53,89,2846,2846.72,100,ok,0,0,0,0.00,0,0,0,0,0,N/A
2025-10-13 07:25:38,0,8877.76,53,89,2846,2846.72,100,ok,0,0,0,0.00,0,0,0,0,0,N/A
2025-10-13 07:25:42,0,8877.76,57,89,2846,2846.72,100,ok,0,0,0,0.00,0,0,0,0,0,N/A
2025-10-13 07:25:45,0,8877.76,57,89,2846,2846.72,100,ok,0,0,0,0.00,0,0,0,0,0,N/A
2025-10-13 07:25:48,0,8877.76,57,89,2846,2846.72,100,ok,0,0,0,0.00,0,0,0,0,0,N/A
2025-10-13 07:25:52,0,8877.76,60,89,2846,2846.72,100,ok,0,0,0,0.00,0,0,0,0,0,N/A
2025-10-13 07:25:55,0,8877.76,60,89,2846,2846.72,100,ok,0,0,0,0.00,0,0,0,0,0,N/A
2025-10-13 07:25:58,0,8877.76,60,89,2846,2846.72,100,ok,0,0,0,0.00,0,0,0,0,0,N/A
2025-10-13 07:26:02,0,8877.76,63,89,2846,2846.72,100,ok,0,0,0,0.00,0,0,0,0,0,N/A
2025-10-13 07:26:07,0,8877.76,63,89,2846,2846.72,100,ok,0,0,0,0.00,0,0,0,0,0,N/A
2025-10-13 07:26:11,0,8877.76,63,89,2846,2846.72,100,ok,0,0,0,0.00,0,0,0,0,0,N/A
2025-10-13 07:26:15,0,8877.76,67,89,2846,2846.72,100,ok,0,0,0,0.00,0,0,0,0,0,N/A
2025-10-13 07:26:18,0,8877.76,67,89,2846,2846.72,100,ok,0,0,0,0.00,0,0,0,0,0,N/A
2025-10-13 07:26:22,0,8877.76,67,89,2846,2846.72,100,ok,0,0,0,0.00,0,0,0,0,0,N/A
2025-10-13 07:26:33,0,8877.76,47,89,2846,2846.72,100,ok,0,0,0,0.00,0,0,0,0,0,N/A
2025-10-13 07:26:38,0,8877.76,47,89,2846,2846.72,100,ok,0,0,0,0.00,0,0,0,0,0,N/A
2025-10-13 07:26:42,0,8877.76,47,89,2846,2846.72,100,ok,0,0,0,0.00,0,0,0,0,0,N/A
2025-10-13 07:26:47,0,8877.76,52,89,2846,2846.72,100,ok,0,0,0,0.00,0,0,0,0,0,N/A
2025-10-13 07:26:51,0,8877.76,52,89,2846,2846.72,100,ok,0,0,0,0.00,0,0,0,0,0,N/A
2025-10-13 07:26:54,0,8877.76,52,89,2846,2846.72,100,ok,0,0,0,0.00,0,0,0,0,0,N/A
2025-10-13 07:26:58,0,8877.76,55,89,2846,2846.72,100,ok,0,0,0,0.00,0,0,0,0,0,N/A
2025-10-13 07:27:02,0,8877.76,55,89,2846,2846.72,100,ok,0,0,0,0.00,0,0,0,0,0,N/A
2025-10-13 07:27:07,0,8877.76,59,89,2846,2846.72,100,ok,0,0,0,0.00,0,0,0,0,0,N/A
2025-10-13 07:27:11,0,8877.76,59,89,2846,2846.72,100,ok,0,0,0,0.00,0,0,0,0,0,N/A
2025-10-13 07:27:17,0,8877.76,62,89,2846,2846.72,100,ok,0,0,0,0.00,0,0,0,0,0,N/A
2025-10-13 07:27:21,0,8877.76,62,89,2846,2846.72,100,ok,0,0,0,0.00,0,0,0,0,0,N/A
2025-10-13 07:27:26,0,8877.76,62,89,2846,2846.72,100,ok,0,0,0,0.00,0,0,0,0,0,N/A
2025-10-13 07:27:30,0,8877.76,66,89,2846,2846.72,100,ok,0,0,0,0.00,0,0,0,0,0,N/A
2025-10-13 07:27:34,0,8877.76,66,89,2846,2846.72,100,ok,0,0,0,0.00,0,0,0,0,0,N/A
2025-10-13 07:27:39,0,8877.76,69,89,2846,2846.72,100,ok,0,0,0,0.00,0,0,0,0,0,N/A
2025-10-13 07:27:42,0,8877.76,69,89,2846,2846.72,100,ok,0,0,0,0.00,0,0,0,0,0,N/A
2025-10-13 07:27:47,0,8877.76,69,89,2846,2846.72,100,ok,0,0,0,0.00,0,0,0,0,0,N/A
2025-10-13 07:27:51,0,8877.76,43,89,2846,2846.72,100,ok,0,0,0,0.00,0,0,0,0,0,N/A
2025-10-13 07:27:55,0,8877.76,43,89,2846,2846.72,100,ok,0,0,0,0.00,0,0,0,0,0,N/A
2025-10-13 07:27:59,0,8877.76,43,89,2846,2846.72,100,ok,0,0,0,0.00,0,0,0,0,0,N/A
2025-10-13 07:28:03,0,8877.76,46,89,2846,2846.72,100,ok,0,0,0,0.00,0,0,0,0,0,N/A
2025-10-13 07:28:08,0,8877.76,46,89,2846,2846.72,100,ok,0,0,0,0.00,0,0,0,0,0,N/A
2025-10-13 07:28:12,0,8877.76,50,89,2846,2846.72,100,ok,0,0,0,0.00,0,0,0,0,0,N/A
2025-10-13 07:28:17,0,8877.76,50,89,2846,2846.72,100,ok,0,0,0,0.00,0,0,0,0,0,N/A
2025-10-13 07:28:21,0,8877.76,53,89,2846,2846.72,100,ok,0,0,0,0.00,0,0,0,0,0,N/A
2025-10-13 07:28:24,0,8877.76,53,89,2846,2846.72,100,ok,0,0,0,0.00,0,0,0,0,0,N/A
2025-10-13 07:28:28,0,8877.76,53,89,2846,2846.72,100,ok,0,0,0,0.00,0,0,0,0,0,N/A
2025-10-13 07:28:32,0,8877.76,56,89,2846,2846.72,100,ok,0,0,0,0.00,0,0,0,0,0,N/A
2025-10-13 07:28:37,0,8877.76,56,89,2846,2846.72,100,ok,0,0,0,0.00,0,0,0,0,0,N/A
2025-10-13 07:28:41,0,8877.76,56,89,2846,2846.72,100,ok,0,0,0,0.00,0,0,0,0,0,N/A
2025-10-13 07:28:45,0,8877.76,60,89,2846,2846.72,100,ok,0,0,0,0.00,0,0,0,0,0,N/A
2025-10-13 07:28:48,0,8877.76,60,89,2846,2846.72,100,ok,0,0,0,0.00,0,0,0,0,0,N/A
2025-10-13 07:28:52,0,8877.76,60,89,2846,2846.72,100,ok,0,0,0,0.00,0,0,0,0,0,N/A
2025-10-13 07:28:57,0,8877.76,63,89,2846,2846.72,100,ok,0,0,0,0.00,0,0,0,0,0,N/A
2025-10-13 07:29:00,0,8877.76,63,89,2846,2846.72,100,ok,0,0,0,0.00,0,0,0,0,0,N/A
2025-10-13 07:29:04,0,8877.76,63,89,2846,2846.72,100,ok,0,0,0,0.00,0,0,0,0,0,N/A
2025-10-13 07:29:08,0,8877.76,69,89,2846,2846.72,100,ok,0,0,0,0.00,0,0,0,0,0,N/A
2025-10-13 07:29:11,0,8877.76,69,89,2846,2846.72,100,ok,0,0,0,0.00,0,0,0,0,0,N/A
2025-10-13 07:29:15,0,8877.76,43,89,2846,2846.72,100,ok,0,0,0,0.00,0,0,0,0,0,N/A
2025-10-13 07:29:19,0,8877.76,43,89,2846,2846.72,100,ok,0,0,0,0.00,0,0,0,0,0,N/A
2025-10-13 07:29:22,0,8877.76,43,89,2846,2846.72,100,ok,0,0,0,0.00,0,0,0,0,0,N/A
2025-10-13 07:29:27,0,8877.76,47,89,2846,2846.72,100,ok,0,0,0,0.00,0,0,0,0,0,N/A
2025-10-13 07:29:31,0,8877.76,47,89,2846,2846.72,100,ok,0,0,0,0.00,0,0,0,0,0,N/A
2025-10-13 07:29:37,0,8877.76,47,89,2846,2846.72,100,ok,0,0,0,0.00,0,0,0,0,0,N/A
2025-10-13 07:29:41,0,8877.76,50,89,2846,2846.72,100,ok,0,0,0,0.00,0,0,0,0,0,N/A
2025-10-13 07:29:45,0,8877.76,50,89,2846,2846.72,100,ok,0,0,0,0.00,0,0,0,0,0,N/A
2025-10-13 07:29:48,0,8877.76,54,89,2846,2846.72,100,ok,0,0,0,0.00,0,0,0,0,0,N/A
2025-10-13 07:29:53,0,8877.76,54,89,2846,2846.72,100,ok,0,0,0,0.00,0,0,0,0,0,N/A
2025-10-13 07:29:58,0,8877.76,54,89,2846,2846.72,100,ok,0,0,0,0.00,0,0,0,0,0,N/A
2025-10-13 07:30:02,0,8877.76,57,89,2846,2846.72,100,ok,0,0,0,0.00,0,0,0,0,0,N/A
2025-10-13 07:30:07,0,8877.76,57,89,2846,2846.72,100,ok,0,0,0,0.00,0,0,0,0,0,N/A
2025-10-13 07:30:12,0,8877.76,60,89,2846,2846.72,100,ok,0,0,0,0.00,0,0,0,0,0,N/A
2025-10-13 07:30:17,0,8877.76,60,89,2846,2846.72,100,ok,0,0,0,0.00,0,0,0,0,0,N/A
2025-10-13 07:30:21,0,8877.76,64,89,2846,2846.72,100,ok,0,0,0,0.00,0,0,0,0,0,N/A
2025-10-13 07:30:27,0,8877.76,64,89,2846,2846.72,100,ok,0,0,0,0.00,0,0,0,0,0,N/A
2025-10-13 07:30:30,0,8877.76,67,89,2846,2846.72,100,ok,0,0,0,0.00,0,0,0,0,0,N/A
2025-10-13 07:30:34,0,8877.76,67,89,2846,2846.72,100,ok,0,0,0,0.00,0,0,0,0,0,N/A
2025-10-13 07:30:38,0,8877.76,67,89,2846,2846.72,100,ok,0,0,0,0.00,0,0,0,0,0,N/A
2025-10-13 07:30:42,0,8877.76,43,89,2846,2846.72,100,ok,0,0,0,0.00,0,0,0,0,0,N/A
2025-10-13 07:30:47,0,8877.76,43,89,2846,2846.72,100,ok,0,0,0,0.00,0,0,0,0,0,N/A
2025-10-13 07:30:51,0,8877.76,43,89,2846,2846.72,100,ok,0,0,0,0.00,0,0,0,0,0,N/A
2025-10-13 07:30:57,0,8877.76,46,89,2846,2846.72,100,ok,0,0,0,0.00,0,0,0,0,0,N/A
2025-10-13 07:31:01,0,8877.76,46,89,2846,2846.72,100,ok,0,0,0,0.00,0,0,0,0,0,N/A
2025-10-13 07:31:05,0,8877.76,50,89,2846,2846.72,100,ok,0,0,0,0.00,0,0,0,0,0,N/A
2025-10-13 07:31:08,0,8877.76,50,89,2846,2846.72,100,ok,0,0,0,0.00,0,0,0,0,0,N/A
2025-10-13 07:31:12,0,8877.76,53,89,2846,2846.72,100,ok,0,0,0,0.00,0,0,0,0,0,N/A
2025-10-13 07:31:18,0,8877.76,53,89,2846,2846.72,100,ok,0,0,0,0.00,0,0,0,0,0,N/A
2025-10-13 07:31:21,0,8877.76,53,89,2846,2846.72,100,ok,0,0,0,0.00,0,0,0,0,0,N/A
2025-10-13 07:31:28,0,8877.76,59,89,2846,2846.72,100,ok,0,0,0,0.00,0,0,0,0,0,N/A
2025-10-13 07:31:37,0,8877.76,59,89,2846,2846.72,100,ok,0,0,0,0.00,0,0,0,0,0,N/A
2025-10-13 07:31:41,0,8877.76,62,89,2846,2846.72,100,ok,0,0,0,0.00,0,0,0,0,0,N/A
2025-10-13 07:31:47,0,8877.76,62,89,2846,2846.72,100,ok,0,0,0,0.00,0,0,0,0,0,N/A
2025-10-13 07:31:51,0,8877.76,66,89,2846,2846.72,100,ok,0,0,0,0.00,0,0,0,0,0,N/A
2025-10-13 07:31:54,0,8877.76,66,89,2846,2846.72,100,ok,0,0,0,0.00,0,0,0,0,0,N/A
2025-10-13 07:31:58,0,8877.76,66,89,2846,2846.72,100,ok,0,0,0,0.00,0,0,0,0,0,N/A
2025-10-13 07:32:02,0,8877.76,69,89,2846,2846.72,100,ok,0,0,0,0.00,0,0,0,0,0,N/A
2025-10-13 07:32:07,0,8877.76,69,89,2846,2846.72,100,ok,0,0,0,0.00,0,0,0,0,0,N/A
2025-10-13 07:32:11,0,8877.76,43,89,2846,2846.72,100,ok,0,0,0,0.00,0,0,0,0,0,N/A
2025-10-13 07:32:14,0,8877.76,43,89,2846,2846.72,100,ok,0,0,0,0.00,0,0,0,0,0,N/A
2025-10-13 07:32:18,0,8877.76,43,89,2846,2846.72,100,ok,0,0,0,0.00,0,0,0,0,0,N/A
2025-10-13 07:32:22,0,8877.76,46,89,2846,2846.72,100,ok,0,0,0,0.00,0,0,0,0,0,N/A
2025-10-13 07:32:27,0,8877.76,46,89,2846,2846.72,100,ok,0,0,0,0.00,0,0,0,0,0,N/A
2025-10-13 07:32:30,0,8877.76,46,89,2846,2846.72,100,ok,0,0,0,0.00,0,0,0,0,0,N/A
2025-10-13 07:32:34,0,8877.76,50,89,2846,2846.72,100,ok,0,0,0,0.00,0,0,0,0,0,N/A
2025-10-13 07:32:38,0,8877.76,50,89,2846,2846.72,100,ok,0,0,0,0.00,0,0,0,0,0,N/A
2025-10-13 07:32:42,0,8877.76,53,89,2846,2846.72,100,ok,0,0,0,0.00,0,0,0,0,0,N/A
2025-10-13 07:32:47,0,8877.76,53,89,2846,2846.72,100,ok,0,0,0,0.00,0,0,0,0,0,N/A
2025-10-13 07:32:50,0,8877.76,53,89,2846,2846.72,100,ok,0,0,0,0.00,0,0,0,0,0,N/A
2025-10-13 07:32:54,0,8877.76,58,89,2846,2846.72,100,ok,0,0,0,0.00,0,0,0,0,0,N/A
2025-10-13 07:32:58,0,8877.76,58,89,2846,2846.72,100,ok,0,0,0,0.00,0,0,0,0,0,N/A
2025-10-13 07:33:01,0,8877.76,58,89,2846,2846.72,100,ok,0,0,0,0.00,0,0,0,0,0,N/A
2025-10-13 07:33:05,0,8877.76,62,89,2846,2846.72,100,ok,0,0,0,0.00,0,0,0,0,0,N/A
2025-10-13 07:33:08,0,8877.76,62,89,2846,2846.72,100,ok,0,0,0,0.00,0,0,0,0,0,N/A
2025-10-13 07:33:12,0,8877.76,62,89,2846,2846.72,100,ok,0,0,0,0.00,0,0,0,0,0,N/A
2025-10-13 07:33:17,0,8877.76,62,89,2846,2846.72,100,ok,0,0,0,0.00,0,0,0,0,0,N/A
2025-10-13 07:33:20,0,8877.76,66,89,2846,2846.72,100,ok,0,0,0,0.00,0,0,0,0,0,N/A
2025-10-13 07:33:24,0,8877.76,66,89,2846,2846.72,100,ok,0,0,0,0.00,0,0,0,0,0,N/A
2025-10-13 07:33:28,0,8877.76,66,89,2846,2846.72,100,ok,0,0,0,0.00,0,0,0,0,0,N/A
2025-10-13 07:33:32,0,8877.76,69,89,2846,2846.72,100,ok,0,0,0,0.00,0,0,0,0,0,N/A
2025-10-13 07:33:37,0,8877.76,69,89,2846,2846.72,100,ok,0,0,0,0.00,0,0,0,0,0,N/A
2025-10-13 07:33:41,0,8877.76,43,89,2846,2846.72,100,ok,0,0,0,0.00,0,0,0,0,0,N/A
2025-10-13 07:33:44,0,8877.76,43,89,2846,2846.72,100,ok,0,0,0,0.00,0,0,0,0,0,N/A
2025-10-13 07:33:48,0,8877.76,43,89,2846,2846.72,100,ok,0,0,0,0.00,0,0,0,0,0,N/A
2025-10-13 07:33:52,0,8877.76,46,89,2846,2846.72,100,ok,0,0,0,0.00,0,0,0,0,0,N/A
2025-10-13 07:33:57,0,8877.76,46,89,2846,2846.72,100,ok,0,0,0,0.00,0,0,0,0,0,N/A
2025-10-13 07:34:00,0,8877.76,50,89,2846,2846.72,100,ok,0,0,0,0.00,0,0,0,0,0,N/A
2025-10-13 07:34:04,0,8877.76,50,89,2846,2846.72,100,ok,0,0,0,0.00,0,0,0,0,0,N/A
2025-10-13 07:34:08,0,8877.76,50,89,2846,2846.72,100,ok,0,0,0,0.00,0,0,0,0,0,N/A
2025-10-13 07:34:11,0,8877.76,53,89,2846,2846.72,100,ok,0,0,0,0.00,0,0,0,0,0,N/A
2025-10-13 07:34:18,0,8877.76,53,89,2846,2846.72,100,ok,0,0,0,0.00,0,0,0,0,0,N/A
2025-10-13 07:34:23,0,8877.76,57,89,2846,2846.72,100,ok,0,0,0,0.00,0,0,0,0,0,N/A
2025-10-13 07:34:28,0,8877.76,57,89,2846,2846.72,100,ok,0,0,0,0.00,0,0,0,0,0,N/A
2025-10-13 07:34:31,0,8877.76,57,89,2846,2846.72,100,ok,0,0,0,0.00,0,0,0,0,0,N/A
2025-10-13 07:34:34,0,8877.76,57,89,2846,2846.72,100,ok,0,0,0,0.00,0,0,0,0,0,N/A
2025-10-13 07:34:38,0,8877.76,62,89,2846,2846.72,100,ok,0,0,0,0.00,0,0,0,0,0,N/A
2025-10-13 07:34:42,0,8877.76,62,89,2846,2846.72,100,ok,0,0,0,0.00,0,0,0,0,0,N/A
2025-10-13 07:34:47,0,8877.76,66,89,2846,2846.72,100,ok,0,0,0,0.00,0,0,0,0,0,N/A
2025-10-13 07:34:51,0,8877.76,66,89,2846,2846.72,100,ok,0,0,0,0.00,0,0,0,0,0,N/A
2025-10-13 07:34:54,0,8877.76,66,89,2846,2846.72,100,ok,0,0,0,0.00,0,0,0,0,0,N/A
2025-10-13 07:34:58,0,8877.76,69,89,2846,2846.72,100,ok,0,0,0,0.00,0,0,0,0,0,N/A
2025-10-13 07:35:02,0,8877.76,69,89,2846,2846.72,100,ok,0,0,0,0.00,0,0,0,0,0,N/A
2025-10-13 07:35:07,0,8877.76,43,89,2846,2846.72,100,ok,0,0,0,0.00,0,0,0,0,0,N/A
2025-10-13 07:35:10,0,8877.76,43,89,2846,2846.72,100,ok,0,0,0,0.00,0,0,0,0,0,N/A
2025-10-13 07:35:14,0,8877.76,43,89,2846,2846.72,100,ok,0,0,0,0.00,0,0,0,0,0,N/A
2025-10-13 07:35:18,0,8877.76,46,89,2846,2846.72,100,ok,0,0,0,0.00,0,0,0,0,0,N/A
2025-10-13 07:35:22,0,8877.76,46,89,2846,2846.72,100,ok,0,0,0,0.00,0,0,0,0,0,N/A
2025-10-13 07:35:27,0,8877.76,50,89,2846,2846.72,100,ok,0,0,0,0.00,0,0,0,0,0,N/A
2025-10-13 07:35:31,0,8877.76,50,89,2846,2846.72,100,ok,0,0,0,0.00,0,0,0,0,0,N/A
2025-10-13 07:35:36,0,8877.76,53,89,2846,2846.72,100,ok,0,0,0,0.00,0,0,0,0,0,N/A
2025-10-13 07:35:40,0,8877.76,53,89,2846,2846.72,100,ok,0,0,0,0.00,0,0,0,0,0,N/A
2025-10-13 07:35:44,0,8877.76,53,89,2846,2846.72,100,ok,0,0,0,0.00,0,0,0,0,0,N/A
2025-10-13 07:35:48,0,8877.76,57,89,2846,2846.72,100,ok,0,0,0,0.00,0,0,0,0,0,N/A
2025-10-13 07:35:52,0,8877.76,57,89,2846,2846.72,100,ok,0,0,0,0.00,0,0,0,0,0,N/A
2025-10-13 07:35:57,0,8877.76,57,89,2846,2846.72,100,ok,0,0,0,0.00,0,0,0,0,0,N/A
2025-10-13 07:36:01,0,8877.76,60,89,2846,2846.72,100,ok,0,0,0,0.00,0,0,0,0,0,N/A
2025-10-13 07:36:05,0,8877.76,60,89,2846,2846.72,100,ok,0,0,0,0.00,0,0,0,0,0,N/A
2025-10-13 07:36:09,0,8877.76,60,89,2846,2846.72,100,ok,0,0,0,0.00,0,0,0,0,0,N/A
2025-10-13 07:36:13,0,8877.76,63,89,2846,2846.72,100,ok,0,0,0,0.00,0,0,0,0,0,N/A
2025-10-13 07:36:18,0,8877.76,63,89,2846,2846.72,100,ok,0,0,0,0.00,0,0,0,0,0,N/A
2025-10-13 07:36:22,0,8877.76,67,89,2846,2846.72,100,ok,0,0,0,0.00,0,0,0,0,0,N/A
2025-10-13 07:36:37,0,8877.76,43,89,2846,2846.72,100,ok,0,0,0,0.00,0,0,0,0,0,N/A
2025-10-13 07:36:41,0,8877.76,43,89,2846,2846.72,100,ok,0,0,0,0.00,0,0,0,0,0,N/A
2025-10-13 07:36:45,0,8877.76,46,89,2846,2846.72,100,ok,0,0,0,0.00,0,0,0,0,0,N/A
2025-10-13 07:36:48,0,8877.76,46,89,2846,2846.72,100,ok,0,0,0,0.00,0,0,0,0,0,N/A
2025-10-13 07:36:52,0,8877.76,50,89,2846,2846.72,100,ok,0,0,0,0.00,0,0,0,0,0,N/A
2025-10-13 07:36:57,0,8877.76,50,89,2846,2846.72,100,ok,0,0,0,0.00,0,0,0,0,0,N/A
2025-10-13 07:37:01,0,8877.76,50,89,2846,2846.72,100,ok,0,0,0,0.00,0,0,0,0,0,N/A
2025-10-13 07:37:05,0,8877.76,53,89,2846,2846.72,100,ok,0,0,0,0.00,0,0,0,0,0,N/A
2025-10-13 07:37:08,0,8877.76,53,89,2846,2846.72,100,ok,0,0,0,0.00,0,0,0,0,0,N/A
2025-10-13 07:37:13,0,8877.76,53,89,2846,2846.72,100,ok,0,0,0,0.00,0,0,0,0,0,N/A
2025-10-13 07:37:18,0,8877.76,57,89,2846,2846.72,100,ok,0,0,0,0.00,0,0,0,0,0,N/A
2025-10-13 07:37:22,0,8877.76,57,89,2846,2846.72,100,ok,0,0,0,0.00,0,0,0,0,0,N/A
2025-10-13 07:37:27,0,8877.76,60,89,2846,2846.72,100,ok,0,0,0,0.00,0,0,0,0,0,N/A
2025-10-13 07:37:30,0,8877.76,60,89,2846,2846.72,100,ok,0,0,0,0.00,0,0,0,0,0,N/A
2025-10-13 07:37:34,0,8877.76,65,89,2846,2846.72,100,ok,0,0,0,0.00,0,0,0,0,0,N/A
2025-10-13 07:37:38,0,8877.76,65,89,2846,2846.72,100,ok,0,0,0,0.00,0,0,0,0,0,N/A
2025-10-13 07:37:42,0,8877.76,65,89,2846,2846.72,100,ok,0,0,0,0.00,0,0,0,0,0,N/A
2025-10-13 07:37:47,0,8877.76,69,89,2846,2846.72,100,ok,0,0,0,0.00,0,0,0,0,0,N/A
2025-10-13 07:37:51,0,8877.76,69,89,2846,2846.72,100,ok,0,0,0,0.00,0,0,0,0,0,N/A
2025-10-13 07:37:55,0,8877.76,69,89,2846,2846.72,100,ok,0,0,0,0.00,0,0,0,0,0,N/A
2025-10-13 07:37:58,0,8877.76,43,89,2846,2846.72,100,ok,0,0,0,0.00,0,0,0,0,0,N/A
2025-10-13 07:38:02,0,8877.76,43,89,2846,2846.72,100,ok,0,0,0,0.00,0,0,0,0,0,N/A
2025-10-13 07:38:07,0,8877.76,43,89,2846,2846.72,100,ok,0,0,0,0.00,0,0,0,0,0,N/A
2025-10-13 07:38:11,0,8877.76,47,89,2846,2846.72,100,ok,0,0,0,0.00,0,0,0,0,0,N/A
2025-10-13 07:38:16,0,8877.76,47,89,2846,2846.72,100,ok,0,0,0,0.00,0,0,0,0,0,N/A
2025-10-13 07:38:20,0,8877.76,50,89,2846,2846.72,100,ok,0,0,0,0.00,0,0,0,0,0,N/A
2025-10-13 07:38:24,0,8877.76,50,89,2846,2846.72,100,ok,0,0,0,0.00,0,0,0,0,0,N/A
2025-10-13 07:38:28,0,8877.76,50,89,2846,2846.72,100,ok,0,0,0,0.00,0,0,0,0,0,N/A
2025-10-13 07:38:32,0,8877.76,53,89,2846,2846.72,100,ok,0,0,0,0.00,0,0,0,0,0,N/A
2025-10-13 07:38:37,0,8877.76,53,89,2846,2846.72,100,ok,0,0,0,0.00,0,0,0,0,0,N/A
2025-10-13 07:38:42,0,8877.76,53,89,2846,2846.72,100,ok,0,0,0,0.00,0,0,0,0,0,N/A
2025-10-13 07:38:47,0,8877.76,57,89,2846,2846.72,100,ok,0,0,0,0.00,0,0,0,0,0,N/A
2025-10-13 07:38:52,0,8877.76,57,89,2846,2846.72,100,ok,0,0,0,0.00,0,0,0,0,0,N/A
2025-10-13 07:38:56,0,8877.76,60,89,2846,2846.72,100,ok,0,0,0,0.00,0,0,0,0,0,N/A
2025-10-13 07:38:59,0,8877.76,60,89,2846,2846.72,100,ok,0,0,0,0.00,0,0,0,0,0,N/A
2025-10-13 07:39:03,0,8877.76,64,89,2846,2846.72,100,ok,0,0,0,0.00,0,0,0,0,0,N/A
2025-10-13 07:39:08,0,8877.76,64,89,2846,2846.72,100,ok,0,0,0,0.00,0,0,0,0,0,N/A
2025-10-13 07:39:12,0,8877.76,64,89,2846,2846.72,100,ok,0,0,0,0.00,0,0,0,0,0,N/A
2025-10-13 07:39:17,0,8877.76,64,89,2846,2846.72,100,ok,0,0,0,0.00,0,0,0,0,0,N/A
2025-10-13 07:39:21,0,8877.76,69,89,2846,2846.72,100,ok,0,0,0,0.00,0,0,0,0,0,N/A
2025-10-13 07:39:25,0,8877.76,69,89,2846,2846.72,100,ok,0,0,0,0.00,0,0,0,0,0,N/A
2025-10-13 07:39:28,0,8877.76,43,89,2846,2846.72,100,ok,0,0,0,0.00,0,0,0,0,0,N/A
2025-10-13 07:39:32,0,8877.76,43,89,2846,2846.72,100,ok,0,0,0,0.00,0,0,0,0,0,N/A
2025-10-13 07:39:37,0,8877.76,43,89,2846,2846.72,100,ok,0,0,0,0.00,0,0,0,0,0,N/A
2025-10-13 07:39:42,0,8877.76,47,89,2846,2846.72,100,ok,0,0,0,0.00,0,0,0,0,0,N/A
2025-10-13 07:39:47,0,8877.76,47,89,2846,2846.72,100,ok,0,0,0,0.00,0,0,0,0,0,N/A
2025-10-13 07:39:51,0,8877.76,50,89,2846,2846.72,100,ok,0,0,0,0.00,0,0,0,0,0,N/A
2025-10-13 07:39:57,0,8877.76,50,89,2846,2846.72,100,ok,0,0,0,0.00,0,0,0,0,0,N/A
2025-10-13 07:40:01,0,8877.76,53,89,2846,2846.72,100,ok,0,0,0,0.00,0,0,0,0,0,N/A
2025-10-13 07:40:05,0,8877.76,53,89,2846,2846.72,100,ok,0,0,0,0.00,0,0,0,0,0,N/A
2025-10-13 07:40:08,0,8877.76,53,89,2846,2846.72,100,ok,0,0,0,0.00,0,0,0,0,0,N/A
2025-10-13 07:40:12,0,8877.76,57,89,2846,2846.72,100,ok,0,0,0,0.00,0,0,0,0,0,N/A
2025-10-13 07:40:17,0,8877.76,57,89,2846,2846.72,100,ok,0,0,0,0.00,0,0,0,0,0,N/A
2025-10-13 07:40:22,0,8877.76,60,89,2846,2846.72,100,ok,0,0,0,0.00,0,0,0,0,0,N/A
2025-10-13 07:40:27,0,8877.76,60,89,2846,2846.72,100,ok,0,0,0,0.00,0,0,0,0,0,N/A
2025-10-13 07:40:31,0,8877.76,63,89,2846,2846.72,100,ok,0,0,0,0.00,0,0,0,0,0,N/A
2025-10-13 07:40:35,0,8877.76,63,89,2846,2846.72,100,ok,0,0,0,0.00,0,0,0,0,0,N/A
2025-10-13 07:40:39,0,8877.76,63,89,2846,2846.72,100,ok,0,0,0,0.00,0,0,0,0,0,N/A
2025-10-13 07:40:43,0,8877.76,68,89,2846,2846.72,100,ok,0,0,0,0.00,0,0,0,0,0,N/A
2025-10-13 07:40:48,0,8877.76,68,89,2846,2846.72,100,ok,0,0,0,0.00,0,0,0,0,0,N/A
2025-10-13 07:40:52,0,8877.76,68,89,2846,2846.72,100,ok,0,0,0,0.00,0,0,0,0,0,N/A
2025-10-13 07:40:57,0,8877.76,44,89,2846,2846.72,100,ok,0,0,0,0.00,0,0,0,0,0,N/A
2025-10-13 07:41:01,0,8877.76,44,89,2846,2846.72,100,ok,0,0,0,0.00,0,0,0,0,0,N/A
2025-10-13 07:41:07,0,8877.76,48,89,2846,2846.72,100,ok,0,0,0,0.00,0,0,0,0,0,N/A
2025-10-13 07:41:11,0,8877.76,48,89,2846,2846.72,100,ok,0,0,0,0.00,0,0,0,0,0,N/A
2025-10-13 07:41:16,0,8877.76,48,89,2846,2846.72,100,ok,0,0,0,0.00,0,0,0,0,0,N/A
2025-10-13 07:41:21,0,8877.76,51,89,2846,2846.72,100,ok,0,0,0,0.00,0,0,0,0,0,N/A
2025-10-13 07:41:29,0,8877.76,55,89,2846,2846.72,100,ok,0,0,0,0.00,0,0,0,0,0,N/A
2025-10-13 07:41:38,0,8877.76,55,89,2846,2846.72,100,ok,0,0,0,0.00,0,0,0,0,0,N/A
2025-10-13 07:41:42,0,8877.76,55,89,2846,2846.72,100,ok,0,0,0,0.00,0,0,0,0,0,N/A
2025-10-13 07:41:47,0,8877.76,58,89,2846,2846.72,100,ok,0,0,0,0.00,0,0,0,0,0,N/A
2025-10-13 07:41:51,0,8877.76,58,89,2846,2846.72,100,ok,0,0,0,0.00,0,0,0,0,0,N/A
2025-10-13 07:41:57,0,8877.76,62,89,2846,2846.72,100,ok,0,0,0,0.00,0,0,0,0,0,N/A
2025-10-13 07:42:00,0,8877.76,62,89,2846,2846.72,100,ok,0,0,0,0.00,0,0,0,0,0,N/A
2025-10-13 07:42:04,0,8877.76,67,89,2846,2846.72,100,ok,0,0,0,0.00,0,0,0,0,0,N/A
2025-10-13 07:42:08,0,8877.76,67,89,2846,2846.72,100,ok,0,0,0,0.00,0,0,0,0,0,N/A
2025-10-13 07:42:12,0,8877.76,67,89,2846,2846.72,100,ok,0,0,0,0.00,0,0,0,0,0,N/A
2025-10-13 07:42:17,0,8877.76,70,89,2846,2846.72,100,ok,0,0,0,0.00,0,0,0,0,0,N/A
2025-10-13 07:42:21,0,8877.76,70,89,2846,2846.72,100,ok,0,0,0,0.00,0,0,0,0,0,N/A
2025-10-13 07:42:24,0,8877.76,43,90,2846,2846.72,100,ok,0,0,0,0.00,0,0,0,0,0,N/A
2025-10-13 07:42:28,0,8877.76,43,90,2846,2846.72,100,ok,0,0,0,0.00,0,0,0,0,0,N/A
2025-10-13 07:42:32,0,8877.76,43,90,2846,2846.72,100,ok,0,0,0,0.00,0,0,0,0,0,N/A
2025-10-13 07:42:37,0,8877.76,47,90,2846,2846.72,100,ok,0,0,0,0.00,0,0,0,0,0,N/A
2025-10-13 07:42:41,0,8877.76,47,90,2846,2846.72,100,ok,0,0,0,0.00,0,0,0,0,0,N/A
2025-10-13 07:42:46,0,8877.76,47,90,2846,2846.72,100,ok,0,0,0,0.00,0,0,0,0,0,N/A
2025-10-13 07:42:51,0,8877.76,50,90,2846,2846.72,100,ok,0,0,0,0.00,0,0,0,0,0,N/A
2025-10-13 07:42:55,0,8877.76,50,90,2846,2846.72,100,ok,0,0,0,0.00,0,0,0,0,0,N/A
2025-10-13 07:42:58,0,8877.76,53,90,2846,2846.72,100,ok,0,0,0,0.00,0,0,0,0,0,N/A
2025-10-13 07:43:02,0,8877.76,53,90,2846,2846.72,100,ok,0,0,0,0.00,0,0,0,0,0,N/A
2025-10-13 07:43:08,0,8877.76,53,90,2846,2846.72,100,ok,0,0,0,0.00,0,0,0,0,0,N/A
2025-10-13 07:43:12,0,8877.76,57,90,2846,2846.72,100,ok,0,0,0,0.00,0,0,0,0,0,N/A
2025-10-13 07:43:17,0,8877.76,57,90,2846,2846.72,100,ok,0,0,0,0.00,0,0,0,0,0,N/A
2025-10-13 07:43:21,0,8877.76,60,90,2846,2846.72,100,ok,0,0,0,0.00,0,0,0,0,0,N/A
2025-10-13 07:43:24,0,8877.76,60,90,2846,2846.72,100,ok,0,0,0,0.00,0,0,0,0,0,N/A
2025-10-13 07:43:29,0,8877.76,64,90,2846,2846.72,100,ok,0,0,0,0.00,0,0,0,0,0,N/A
2025-10-13 07:43:32,0,8877.76,64,90,2846,2846.72,100,ok,0,0,0,0.00,0,0,0,0,0,N/A
2025-10-13 07:43:37,0,8877.76,64,90,2846,2846.72,100,ok,0,0,0,0.00,0,0,0,0,0,N/A
2025-10-13 07:43:41,0,8877.76,67,90,2846,2846.72,100,ok,0,0,0,0.00,0,0,0,0,0,N/A
2025-10-13 07:43:45,0,8877.76,67,90,2846,2846.72,100,ok,0,0,0,0.00,0,0,0,0,0,N/A
2025-10-13 07:43:48,0,8877.76,67,90,2846,2846.72,100,ok,0,0,0,0.00,0,0,0,0,0,N/A
2025-10-13 07:43:52,0,8877.76,43,90,2846,2846.72,100,ok,0,0,0,0.00,0,0,0,0,0,N/A
2025-10-13 07:43:57,0,8877.76,43,90,2846,2846.72,100,ok,0,0,0,0.00,0,0,0,0,0,N/A
2025-10-13 07:44:01,0,8877.76,46,90,2846,2846.72,100,ok,0,0,0,0.00,0,0,0,0,0,N/A
2025-10-13 07:44:05,0,8877.76,46,90,2846,2846.72,100,ok,0,0,0,0.00,0,0,0,0,0,N/A
2025-10-13 07:44:08,0,8877.76,46,90,2846,2846.72,100,ok,0,0,0,0.00,0,0,0,0,0,N/A
2025-10-13 07:44:12,0,8877.76,50,90,2846,2846.72,100,ok,0,0,0,0.00,0,0,0,0,0,N/A
2025-10-13 07:44:18,0,8877.76,50,90,2846,2846.72,100,ok,0,0,0,0.00,0,0,0,0,0,N/A
2025-10-13 07:44:22,0,8877.76,53,90,2846,2846.72,100,ok,0,0,0,0.00,0,0,0,0,0,N/A
2025-10-13 07:44:27,0,8877.76,53,90,2846,2846.72,100,ok,0,0,0,0.00,0,0,0,0,0,N/A
2025-10-13 07:44:30,0,8877.76,57,90,2846,2846.72,100,ok,0,0,0,0.00,0,0,0,0,0,N/A
2025-10-13 07:44:34,0,8877.76,57,90,2846,2846.72,100,ok,0,0,0,0.00,0,0,0,0,0,N/A
2025-10-13 07:44:38,0,8877.76,57,90,2846,2846.72,100,ok,0,0,0,0.00,0,0,0,0,0,N/A
2025-10-13 07:44:42,0,8877.76,60,90,2846,2846.72,100,ok,0,0,0,0.00,0,0,0,0,0,N/A
2025-10-13 07:44:47,0,8877.76,60,90,2846,2846.72,100,ok,0,0,0,0.00,0,0,0,0,0,N/A
2025-10-13 07:44:51,0,8877.76,60,90,2846,2846.72,100,ok,0,0,0,0.00,0,0,0,0,0,N/A
2025-10-13 07:44:55,0,8877.76,63,90,2846,2846.72,100,ok,0,0,0,0.00,0,0,0,0,0,N/A
2025-10-13 07:44:58,0,8877.76,63,90,2846,2846.72,100,ok,0,0,0,0.00,0,0,0,0,0,N/A
2025-10-13 07:45:02,0,8877.76,63,90,2846,2846.72,100,ok,0,0,0,0.00,0,0,0,0,0,N/A
2025-10-13 07:45:07,0,8877.76,67,90,2846,2846.72,100,ok,0,0,0,0.00,0,0,0,0,0,N/A
2025-10-13 07:45:12,0,8877.76,67,90,2846,2846.72,100,ok,0,0,0,0.00,0,0,0,0,0,N/A
2025-10-13 07:45:17,0,8877.76,43,90,2846,2846.72,100,ok,0,0,0,0.00,0,0,0,0,0,N/A
2025-10-13 07:45:22,0,8877.76,43,90,2846,2846.72,100,ok,0,0,0,0.00,0,0,0,0,0,N/A
2025-10-13 07:45:27,0,8877.76,46,90,2846,2846.72,100,ok,0,0,0,0.00,0,0,0,0,0,N/A
2025-10-13 07:45:32,0,8877.76,46,90,2846,2846.72,100,ok,0,0,0,0.00,0,0,0,0,0,N/A
2025-10-13 07:45:37,0,8877.76,50,90,2846,2846.72,100,ok,0,0,0,0.00,0,0,0,0,0,N/A
2025-10-13 07:45:41,0,8877.76,50,90,2846,2846.72,100,ok,0,0,0,0.00,0,0,0,0,0,N/A
2025-10-13 07:45:45,0,8877.76,53,90,2846,2846.72,100,ok,0,0,0,0.00,0,0,0,0,0,N/A
2025-10-13 07:45:48,0,8877.76,53,90,2846,2846.72,100,ok,0,0,0,0.00,0,0,0,0,0,N/A
2025-10-13 07:45:53,0,8877.76,57,90,2846,2846.72,100,ok,0,0,0,0.00,0,0,0,0,0,N/A
2025-10-13 07:45:58,0,8877.76,57,90,2846,2846.72,100,ok,0,0,0,0.00,0,0,0,0,0,N/A
2025-10-13 07:46:02,0,8877.76,57,90,2846,2846.72,100,ok,0,0,0,0.00,0,0,0,0,0,N/A
2025-10-13 07:46:08,0,8877.76,60,90,2846,2846.72,100,ok,0,0,0,0.00,0,0,0,0,0,N/A
2025-10-13 07:46:12,0,8877.76,60,90,2846,2846.72,100,ok,0,0,0,0.00,0,0,0,0,0,N/A
2025-10-13 07:46:18,0,8877.76,63,90,2846,2846.72,100,ok,0,0,0,0.00,0,0,0,0,0,N/A
2025-10-13 07:46:22,0,8877.76,63,90,2846,2846.72,100,ok,0,0,0,0.00,0,0,0,0,0,N/A
2025-10-13 07:46:35,0,8877.76,44,90,2846,2846.72,100,ok,0,0,0,0.00,0,0,0,0,0,N/A
2025-10-13 07:46:39,0,8877.76,44,90,2846,2846.72,100,ok,0,0,0,0.00,0,0,0,0,0,N/A
2025-10-13 07:46:42,0,8877.76,44,90,2846,2846.72,100,ok,0,0,0,0.00,0,0,0,0,0,N/A
2025-10-13 07:46:47,0,8877.76,48,90,2846,2846.72,100,ok,0,0,0,0.00,0,0,0,0,0,N/A
2025-10-13 07:46:51,0,8877.76,48,90,2846,2846.72,100,ok,0,0,0,0.00,0,0,0,0,0,N/A
2025-10-13 07:46:55,0,8877.76,48,90,2846,2846.72,100,ok,0,0,0,0.00,0,0,0,0,0,N/A
2025-10-13 07:46:58,0,8877.76,51,90,2846,2846.72,100,ok,0,0,0,0.00,0,0,0,0,0,N/A
2025-10-13 07:47:02,0,8877.76,51,90,2846,2846.72,100,ok,0,0,0,0.00,0,0,0,0,0,N/A
2025-10-13 07:47:07,0,8877.76,55,90,2846,2846.72,100,ok,0,0,0,0.00,0,0,0,0,0,N/A
2025-10-13 07:47:11,0,8877.76,55,90,2846,2846.72,100,ok,0,0,0,0.00,0,0,0,0,0,N/A
2025-10-13 07:47:17,0,8877.76,58,90,2846,2846.72,100,ok,0,0,0,0.00,0,0,0,0,0,N/A
2025-10-13 07:47:20,0,8877.76,58,90,2846,2846.72,100,ok,0,0,0,0.00,0,0,0,0,0,N/A
2025-10-13 07:47:24,0,8877.76,58,90,2846,2846.72,100,ok,0,0,0,0.00,0,0,0,0,0,N/A
2025-10-13 07:47:28,0,8877.76,62,90,2846,2846.72,100,ok,0,0,0,0.00,0,0,0,0,0,N/A
2025-10-13 07:47:33,0,8877.76,62,90,2846,2846.72,100,ok,0,0,0,0.00,0,0,0,0,0,N/A
2025-10-13 07:47:38,0,8877.76,62,90,2846,2846.72,100,ok,0,0,0,0.00,0,0,0,0,0,N/A
2025-10-13 07:47:41,0,8877.76,65,90,2846,2846.72,100,ok,0,0,0,0.00,0,0,0,0,0,N/A
2025-10-13 07:47:45,0,8877.76,65,90,2846,2846.72,100,ok,0,0,0,0.00,0,0,0,0,0,N/A
2025-10-13 07:47:49,0,8877.76,68,90,2846,2846.72,100,ok,0,0,0,0.00,0,0,0,0,0,N/A
2025-10-13 07:47:52,0,8877.76,68,90,2846,2846.72,100,ok,0,0,0,0.00,0,0,0,0,0,N/A
2025-10-13 07:47:58,0,8877.76,68,90,2846,2846.72,100,ok,0,0,0,0.00,0,0,0,0,0,N/A
2025-10-13 07:48:01,0,8877.76,43,90,2846,2846.72,100,ok,0,0,0,0.00,0,0,0,0,0,N/A
2025-10-13 07:48:07,0,8877.76,43,90,2846,2846.72,100,ok,0,0,0,0.00,0,0,0,0,0,N/A
2025-10-13 07:48:11,0,8877.76,46,90,2846,2846.72,100,ok,0,0,0,0.00,0,0,0,0,0,N/A
2025-10-13 07:48:15,0,8877.76,46,90,2846,2846.72,100,ok,0,0,0,0.00,0,0,0,0,0,N/A
2025-10-13 07:48:18,0,8877.76,46,90,2846,2846.72,100,ok,0,0,0,0.00,0,0,0,0,0,N/A
2025-10-13 07:48:22,0,8877.76,50,90,2846,2846.72,100,ok,0,0,0,0.00,0,0,0,0,0,N/A
2025-10-13 07:48:28,0,8877.76,50,90,2846,2846.72,100,ok,0,0,0,0.00,0,0,0,0,0,N/A
2025-10-13 07:48:32,0,8877.76,53,90,2846,2846.72,100,ok,0,0,0,0.00,0,0,0,0,0,N/A
2025-10-13 07:48:37,0,8877.76,53,90,2846,2846.72,100,ok,0,0,0,0.00,0,0,0,0,0,N/A
2025-10-13 07:48:41,0,8877.76,57,90,2846,2846.72,100,ok,0,0,0,0.00,0,0,0,0,0,N/A
2025-10-13 07:48:45,0,8877.76,57,90,2846,2846.72,100,ok,0,0,0,0.00,0,0,0,0,0,N/A
2025-10-13 07:48:49,0,8877.76,57,90,2846,2846.72,100,ok,0,0,0,0.00,0,0,0,0,0,N/A
2025-10-13 07:48:52,0,8877.76,60,90,2846,2846.72,100,ok,0,0,0,0.00,0,0,0,0,0,N/A
2025-10-13 07:48:57,0,8877.76,60,90,2846,2846.72,100,ok,0,0,0,0.00,0,0,0,0,0,N/A
2025-10-13 07:49:02,0,8877.76,60,90,2846,2846.72,100,ok,0,0,0,0.00,0,0,0,0,0,N/A
2025-10-13 07:49:07,0,8877.76,63,90,2846,2846.72,100,ok,0,0,0,0.00,0,0,0,0,0,N/A
2025-10-13 07:49:10,0,8877.76,63,90,2846,2846.72,100,ok,0,0,0,0.00,0,0,0,0,0,N/A
2025-10-13 07:49:14,0,8877.76,63,90,2846,2846.72,100,ok,0,0,0,0.00,0,0,0,0,0,N/A
2025-10-13 07:49:18,0,8877.76,69,90,2846,2846.72,100,ok,0,0,0,0.00,0,0,0,0,0,N/A
2025-10-13 07:49:21,0,8877.76,69,90,2846,2846.72,100,ok,0,0,0,0.00,0,0,0,0,0,N/A
2025-10-13 07:49:25,0,8877.76,43,90,2846,2846.72,100,ok,0,0,0,0.00,0,0,0,0,0,N/A
2025-10-13 07:49:28,0,8877.76,43,90,2846,2846.72,100,ok,0,0,0,0.00,0,0,0,0,0,N/A
2025-10-13 07:49:32,0,8877.76,43,90,2846,2846.72,100,ok,0,0,0,0.00,0,0,0,0,0,N/A
2025-10-13 07:49:37,0,8877.76,47,90,2846,2846.72,100,ok,0,0,0,0.00,0,0,0,0,0,N/A
2025-10-13 07:49:41,0,8877.76,47,90,2846,2846.72,100,ok,0,0,0,0.00,0,0,0,0,0,N/A
2025-10-13 07:49:46,0,8877.76,47,90,2846,2846.72,100,ok,0,0,0,0.00,0,0,0,0,0,N/A
2025-10-13 07:49:50,0,8877.76,50,90,2846,2846.72,100,ok,0,0,0,0.00,0,0,0,0,0,N/A
2025-10-13 07:49:53,0,8877.76,50,90,2846,2846.72,100,ok,0,0,0,0.00,0,0,0,0,0,N/A
2025-10-13 07:49:58,0,8877.76,54,90,2846,2846.72,100,ok,0,0,0,0.00,0,0,0,0,0,N/A
2025-10-13 07:50:02,0,8877.76,54,90,2846,2846.72,100,ok,0,0,0,0.00,0,0,0,0,0,N/A
2025-10-13 07:50:08,0,8877.76,54,90,2846,2846.72,100,ok,0,0,0,0.00,0,0,0,0,0,N/A
2025-10-13 07:50:12,0,8877.76,57,90,2846,2846.72,100,ok,0,0,0,0.00,0,0,0,0,0,N/A
2025-10-13 07:50:17,0,8877.76,57,90,2846,2846.72,100,ok,0,0,0,0.00,0,0,0,0,0,N/A
2025-10-13 07:50:21,0,8877.76,60,90,2846,2846.72,100,ok,0,0,0,0.00,0,0,0,0,0,N/A
2025-10-13 07:50:27,0,8877.76,60,90,2846,2846.72,100,ok,0,0,0,0.00,0,0,0,0,0,N/A
2025-10-13 07:50:32,0,8877.76,64,90,2846,2846.72,100,ok,0,0,0,0.00,0,0,0,0,0,N/A
2025-10-13 07:50:37,0,8877.76,64,90,2846,2846.72,100,ok,0,0,0,0.00,0,0,0,0,0,N/A
2025-10-13 07:50:41,0,8877.76,67,90,2846,2846.72,100,ok,0,0,0,0.00,0,0,0,0,0,N/A
2025-10-13 07:50:45,0,8877.76,67,90,2846,2846.72,100,ok,0,0,0,0.00,0,0,0,0,0,N/A
2025-10-13 07:50:48,0,8877.76,43,90,2846,2846.72,100,ok,0,0,0,0.00,0,0,0,0,0,N/A
2025-10-13 07:50:52,0,8877.76,43,90,2846,2846.72,100,ok,0,0,0,0.00,0,0,0,0,0,N/A
2025-10-13 07:50:58,0,8877.76,43,90,2846,2846.72,100,ok,0,0,0,0.00,0,0,0,0,0,N/A
2025-10-13 07:51:02,0,8877.76,46,90,2846,2846.72,100,ok,0,0,0,0.00,0,0,0,0,0,N/A
2025-10-13 07:51:08,0,8877.76,46,90,2846,2846.72,100,ok,0,0,0,0.00,0,0,0,0,0,N/A
2025-10-13 07:51:12,0,8877.76,50,90,2846,2846.72,100,ok,0,0,0,0.00,0,0,0,0,0,N/A
2025-10-13 07:51:17,0,8877.76,50,90,2846,2846.72,100,ok,0,0,0,0.00,0,0,0,0,0,N/A
2025-10-13 07:51:21,0,8877.76,53,90,2846,2846.72,100,ok,0,0,0,0.00,0,0,0,0,0,N/A
2025-10-13 07:51:29,0,8877.76,53,90,2846,2846.72,100,ok,0,0,0,0.00,0,0,0,0,0,N/A
2025-10-13 07:51:35,0,8877.76,57,90,2846,2846.72,100,ok,0,0,0,0.00,0,0,0,0,0,N/A
2025-10-13 07:51:38,0,8877.76,57,90,2846,2846.72,100,ok,0,0,0,0.00,0,0,0,0,0,N/A
2025-10-13 07:51:41,0,8877.76,60,90,2846,2846.72,100,ok,0,0,0,0.00,0,0,0,0,0,N/A
2025-10-13 07:51:47,0,8877.76,60,90,2846,2846.72,100,ok,0,0,0,0.00,0,0,0,0,0,N/A
2025-10-13 07:51:50,0,8877.76,60,90,2846,2846.72,100,ok,0,0,0,0.00,0,0,0,0,0,N/A
2025-10-13 07:51:54,0,8877.76,63,90,2846,2846.72,100,ok,0,0,0,0.00,0,0,0,0,0,N/A
2025-10-13 07:51:58,0,8877.76,63,90,2846,2846.72,100,ok,0,0,0,0.00,0,0,0,0,0,N/A
2025-10-13 07:52:01,0,8877.76,63,90,2846,2846.72,100,ok,0,0,0,0.00,0,0,0,0,0,N/A
2025-10-13 07:52:05,0,8877.76,67,90,2846,2846.72,100,ok,0,0,0,0.00,0,0,0,0,0,N/A
2025-10-13 07:52:08,0,8877.76,67,90,2846,2846.72,100,ok,0,0,0,0.00,0,0,0,0,0,N/A
2025-10-13 07:52:12,0,8877.76,43,90,2846,2846.72,100,ok,0,0,0,0.00,0,0,0,0,0,N/A
2025-10-13 07:52:18,0,8877.76,43,90,2846,2846.72,100,ok,0,0,0,0.00,0,0,0,0,0,N/A
2025-10-13 07:52:21,0,8877.76,43,90,2846,2846.72,100,ok,0,0,0,0.00,0,0,0,0,0,N/A
2025-10-13 07:52:25,0,8877.76,46,90,2846,2846.72,100,ok,0,0,0,0.00,0,0,0,0,0,N/A
2025-10-13 07:52:29,0,8877.76,46,90,2846,2846.72,100,ok,0,0,0,0.00,0,0,0,0,0,N/A
2025-10-13 07:52:32,0,8877.76,50,90,2846,2846.72,100,ok,0,0,0,0.00,0,0,0,0,0,N/A
2025-10-13 07:52:37,0,8877.76,50,90,2846,2846.72,100,ok,0,0,0,0.00,0,0,0,0,0,N/A
2025-10-13 07:52:41,0,8877.76,50,90,2846,2846.72,100,ok,0,0,0,0.00,0,0,0,0,0,N/A
2025-10-13 07:52:45,0,8877.76,50,90,2846,2846.72,100,ok,0,0,0,0.00,0,0,0,0,0,N/A
2025-10-13 07:52:48,0,8877.76,55,90,2846,2846.72,100,ok,0,0,0,0.00,0,0,0,0,0,N/A
2025-10-13 07:52:52,0,8877.76,55,90,2846,2846.72,100,ok,0,0,0,0.00,0,0,0,0,0,N/A
2025-10-13 07:52:58,0,8877.76,59,90,2846,2846.72,100,ok,0,0,0,0.00,0,0,0,0,0,N/A
2025-10-13 07:53:02,0,8877.76,59,90,2846,2846.72,100,ok,0,0,0,0.00,0,0,0,0,0,N/A
2025-10-13 07:53:07,0,8877.76,62,90,2846,2846.72,100,ok,0,0,0,0.00,0,0,0,0,0,N/A
2025-10-13 07:53:11,0,8877.76,62,90,2846,2846.72,100,ok,0,0,0,0.00,0,0,0,0,0,N/A
2025-10-13 07:53:17,0,8877.76,62,90,2846,2846.72,100,ok,0,0,0,0.00,0,0,0,0,0,N/A
2025-10-13 07:53:21,0,8877.76,66,90,2846,2846.72,100,ok,0,0,0,0.00,0,0,0,0,0,N/A
2025-10-13 07:53:27,0,8877.76,66,90,2846,2846.72,100,ok,0,0,0,0.00,0,0,0,0,0,N/A
2025-10-13 07:53:31,0,8877.76,69,90,2846,2846.72,100,ok,0,0,0,0.00,0,0,0,0,0,N/A
2025-10-13 07:53:35,0,8877.76,69,90,2846,2846.72,100,ok,0,0,0,0.00,0,0,0,0,0,N/A
2025-10-13 07:53:39,0,8877.76,43,90,2846,2846.72,100,ok,0,0,0,0.00,0,0,0,0,0,N/A
2025-10-13 07:53:43,0,8877.76,43,90,2846,2846.72,100,ok,0,0,0,0.00,0,0,0,0,0,N/A
2025-10-13 07:53:48,0,8877.76,43,90,2846,2846.72,100,ok,0,0,0,0.00,0,0,0,0,0,N/A
2025-10-13 07:53:52,0,8877.76,47,90,2846,2846.72,100,ok,0,0,0,0.00,0,0,0,0,0,N/A
2025-10-13 07:53:57,0,8877.76,47,90,2846,2846.72,100,ok,0,0,0,0.00,0,0,0,0,0,N/A
2025-10-13 07:54:02,0,8877.76,50,90,2846,2846.72,100,ok,0,0,0,0.00,0,0,0,0,0,N/A
2025-10-13 07:54:07,0,8877.76,50,90,2846,2846.72,100,ok,0,0,0,0.00,0,0,0,0,0,N/A
2025-10-13 07:54:11,0,8877.76,53,90,2846,2846.72,100,ok,0,0,0,0.00,0,0,0,0,0,N/A
2025-10-13 07:54:15,0,8877.76,53,90,2846,2846.72,100,ok,0,0,0,0.00,0,0,0,0,0,N/A
2025-10-13 07:54:18,0,8877.76,53,90,2846,2846.72,100,ok,0,0,0,0.00,0,0,0,0,0,N/A
2025-10-13 07:54:22,0,8877.76,57,90,2846,2846.72,100,ok,0,0,0,0.00,0,0,0,0,0,N/A
2025-10-13 07:54:26,0,8877.76,57,90,2846,2846.72,100,ok,0,0,0,0.00,0,0,0,0,0,N/A
2025-10-13 07:54:30,0,8877.76,57,90,2846,2846.72,100,ok,0,0,0,0.00,0,0,0,0,0,N/A
2025-10-13 07:54:34,0,8877.76,60,90,2846,2846.72,100,ok,0,0,0,0.00,0,0,0,0,0,N/A
2025-10-13 07:54:38,0,8877.76,60,90,2846,2846.72,100,ok,0,0,0,0.00,0,0,0,0,0,N/A
2025-10-13 07:54:42,0,8877.76,60,90,2846,2846.72,100,ok,0,0,0,0.00,0,0,0,0,0,N/A
2025-10-13 07:54:47,0,8877.76,63,90,2846,2846.72,100,ok,0,0,0,0.00,0,0,0,0,0,N/A
2025-10-13 07:54:51,0,8877.76,63,90,2846,2846.72,100,ok,0,0,0,0.00,0,0,0,0,0,N/A
2025-10-13 07:54:55,0,8877.76,67,90,2846,2846.72,100,ok,0,0,0,0.00,0,0,0,0,0,N/A
2025-10-13 07:54:58,0,8877.76,67,90,2846,2846.72,100,ok,0,0,0,0.00,0,0,0,0,0,N/A
2025-10-13 07:55:01,0,8877.76,67,90,2846,2846.72,100,ok,0,0,0,0.00,0,0,0,0,0,N/A
2025-10-13 07:55:07,0,8877.76,43,90,2846,2846.72,100,ok,0,0,0,0.00,0,0,0,0,0,N/A
2025-10-13 07:55:10,0,8877.76,43,90,2846,2846.72,100,ok,0,0,0,0.00,0,0,0,0,0,N/A
2025-10-13 07:55:13,0,8877.76,48,90,2846,2846.72,100,ok,0,0,0,0.00,0,0,0,0,0,N/A
2025-10-13 07:55:18,0,8877.76,48,90,2846,2846.72,100,ok,0,0,0,0.00,0,0,0,0,0,N/A
2025-10-13 07:55:22,0,8877.76,48,90,2846,2846.72,100,ok,0,0,0,0.00,0,0,0,0,0,N/A
2025-10-13 07:55:27,0,8877.76,52,90,2846,2846.72,100,ok,0,0,0,0.00,0,0,0,0,0,N/A
2025-10-13 07:55:31,0,8877.76,52,90,2846,2846.72,100,ok,0,0,0,0.00,0,0,0,0,0,N/A
2025-10-13 07:55:34,0,8877.76,55,90,2846,2846.72,100,ok,0,0,0,0.00,0,0,0,0,0,N/A
2025-10-13 07:55:38,0,8877.76,55,90,2846,2846.72,100,ok,0,0,0,0.00,0,0,0,0,0,N/A
2025-10-13 07:55:42,0,8877.76,55,90,2846,2846.72,100,ok,0,0,0,0.00,0,0,0,0,0,N/A
2025-10-13 07:55:47,0,8877.76,59,90,2846,2846.72,100,ok,0,0,0,0.00,0,0,0,0,0,N/A
2025-10-13 07:55:50,0,8877.76,59,90,2846,2846.72,100,ok,0,0,0,0.00,0,0,0,0,0,N/A
2025-10-13 07:55:54,0,8877.76,59,90,2846,2846.72,100,ok,0,0,0,0.00,0,0,0,0,0,N/A
2025-10-13 07:55:57,0,8877.76,62,90,2846,2846.72,100,ok,0,0,0,0.00,0,0,0,0,0,N/A
2025-10-13 07:56:01,0,8877.76,62,90,2846,2846.72,100,ok,0,0,0,0.00,0,0,0,0,0,N/A
2025-10-13 07:56:07,0,8877.76,66,90,2846,2846.72,100,ok,0,0,0,0.00,0,0,0,0,0,N/A
2025-10-13 07:56:11,0,8877.76,66,90,2846,2846.72,100,ok,0,0,0,0.00,0,0,0,0,0,N/A
2025-10-13 07:56:15,0,8877.76,66,90,2846,2846.72,100,ok,0,0,0,0.00,0,0,0,0,0,N/A
2025-10-13 07:56:19,0,8877.76,69,90,2846,2846.72,100,ok,0,0,0,0.00,0,0,0,0,0,N/A
2025-10-13 07:56:22,0,8877.76,69,90,2846,2846.72,100,ok,0,0,0,0.00,0,0,0,0,0,N/A
2025-10-13 07:56:37,0,8877.76,43,90,2846,2846.72,100,ok,0,0,0,0.00,0,0,0,0,0,N/A
2025-10-13 07:56:41,0,8877.76,46,90,2846,2846.72,100,ok,0,0,0,0.00,0,0,0,0,0,N/A
2025-10-13 07:56:45,0,8877.76,46,90,2846,2846.72,100,ok,0,0,0,0.00,0,0,0,0,0,N/A
2025-10-13 07:56:49,0,8877.76,46,90,2846,2846.72,100,ok,0,0,0,0.00,0,0,0,0,0,N/A
2025-10-13 07:56:53,0,8877.76,51,90,2846,2846.72,100,ok,0,0,0,0.00,0,0,0,0,0,N/A
2025-10-13 07:56:58,0,8877.76,51,90,2846,2846.72,100,ok,0,0,0,0.00,0,0,0,0,0,N/A
2025-10-13 07:57:01,0,8877.76,51,90,2846,2846.72,100,ok,0,0,0,0.00,0,0,0,0,0,N/A
2025-10-13 07:57:06,0,8877.76,51,90,2846,2846.72,100,ok,0,0,0,0.00,0,0,0,0,0,N/A
2025-10-13 07:57:11,0,8877.76,55,90,2846,2846.72,100,ok,0,0,0,0.00,0,0,0,0,0,N/A
2025-10-13 07:57:14,0,8877.76,55,90,2846,2846.72,100,ok,0,0,0,0.00,0,0,0,0,0,N/A
2025-10-13 07:57:18,0,8877.76,59,90,2846,2846.72,100,ok,0,0,0,0.00,0,0,0,0,0,N/A
2025-10-13 07:57:22,0,8877.76,59,90,2846,2846.72,100,ok,0,0,0,0.00,0,0,0,0,0,N/A
2025-10-13 07:57:28,0,8877.76,59,90,2846,2846.72,100,ok,0,0,0,0.00,0,0,0,0,0,N/A
2025-10-13 07:57:32,0,8877.76,62,90,2846,2846.72,100,ok,0,0,0,0.00,0,0,0,0,0,N/A
2025-10-13 07:57:37,0,8877.76,62,90,2846,2846.72,100,ok,0,0,0,0.00,0,0,0,0,0,N/A
2025-10-13 07:57:41,0,8877.76,66,90,2846,2846.72,100,ok,0,0,0,0.00,0,0,0,0,0,N/A
2025-10-13 07:57:47,0,8877.76,66,90,2846,2846.72,100,ok,0,0,0,0.00,0,0,0,0,0,N/A
2025-10-13 07:57:52,0,8877.76,69,90,2846,2846.72,100,ok,0,0,0,0.00,0,0,0,0,0,N/A
2025-10-13 07:57:57,0,8877.76,69,90,2846,2846.72,100,ok,0,0,0,0.00,0,0,0,0,0,N/A
2025-10-13 07:58:01,0,8877.76,43,90,2846,2846.72,100,ok,0,0,0,0.00,0,0,0,0,0,N/A
2025-10-13 07:58:05,0,8877.76,43,90,2846,2846.72,100,ok,0,0,0,0.00,0,0,0,0,0,N/A
2025-10-13 07:58:08,0,8877.76,43,90,2846,2846.72,100,ok,0,0,0,0.00,0,0,0,0,0,N/A
2025-10-13 07:58:12,0,8877.76,46,90,2846,2846.72,100,ok,0,0,0,0.00,0,0,0,0,0,N/A
2025-10-13 07:58:17,0,8877.76,46,90,2846,2846.72,100,ok,0,0,0,0.00,0,0,0,0,0,N/A
2025-10-13 07:58:21,0,8877.76,50,90,2846,2846.72,100,ok,0,0,0,0.00,0,0,0,0,0,N/A
2025-10-13 07:58:25,0,8877.76,50,90,2846,2846.72,100,ok,0,0,0,0.00,0,0,0,0,0,N/A
2025-10-13 07:58:29,0,8877.76,53,90,2846,2846.72,100,ok,0,0,0,0.00,0,0,0,0,0,N/A
2025-10-13 07:58:33,0,8877.76,53,90,2846,2846.72,100,ok,0,0,0,0.00,0,0,0,0,0,N/A
2025-10-13 07:58:38,0,8877.76,53,90,2846,2846.72,100,ok,0,0,0,0.00,0,0,0,0,0,N/A
2025-10-13 07:58:42,0,8877.76,57,90,2846,2846.72,100,ok,0,0,0,0.00,0,0,0,0,0,N/A
2025-10-13 07:58:47,0,8877.76,57,90,2846,2846.72,100,ok,0,0,0,0.00,0,0,0,0,0,N/A
2025-10-13 07:58:51,0,8877.76,60,90,2846,2846.72,100,ok,0,0,0,0.00,0,0,0,0,0,N/A
2025-10-13 07:58:57,0,8877.76,60,90,2846,2846.72,100,ok,0,0,0,0.00,0,0,0,0,0,N/A
2025-10-13 07:59:01,0,8877.76,63,90,2846,2846.72,100,ok,0,0,0,0.00,0,0,0,0,0,N/A
2025-10-13 07:59:05,0,8877.76,63,90,2846,2846.72,100,ok,0,0,0,0.00,0,0,0,0,0,N/A
2025-10-13 07:59:08,0,8877.76,63,90,2846,2846.72,100,ok,0,0,0,0.00,0,0,0,0,0,N/A
2025-10-13 07:59:12,0,8877.76,67,90,2846,2846.72,100,ok,0,0,0,0.00,0,0,0,0,0,N/A
2025-10-13 07:59:18,0,8877.76,67,90,2846,2846.72,100,ok,0,0,0,0.00,0,0,0,0,0,N/A
2025-10-13 07:59:22,0,8877.76,67,90,2846,2846.72,100,ok,0,0,0,0.00,0,0,0,0,0,N/A
2025-10-13 07:59:25,0,8877.76,43,90,2846,2846.72,100,ok,0,0,0,0.00,0,0,0,0,0,N/A
2025-10-13 07:59:28,0,8877.76,43,90,2846,2846.72,100,ok,0,0,0,0.00,0,0,0,0,0,N/A
2025-10-13 07:59:32,0,8877.76,46,90,2846,2846.72,100,ok,0,0,0,0.00,0,0,0,0,0,N/A
2025-10-13 07:59:37,0,8877.76,46,90,2846,2846.72,100,ok,0,0,0,0.00,0,0,0,0,0,N/A
2025-10-13 07:59:41,0,8877.76,46,90,2846,2846.72,100,ok,0,0,0,0.00,0,0,0,0,0,N/A
2025-10-13 07:59:44,0,8877.76,52,90,2846,2846.72,100,ok,0,0,0,0.00,0,0,0,0,0,N/A
2025-10-13 07:59:48,0,8877.76,52,90,2846,2846.72,100,ok,0,0,0,0.00,0,0,0,0,0,N/A
2025-10-13 07:59:52,0,8877.76,52,90,2846,2846.72,100,ok,0,0,0,0.00,0,0,0,0,0,N/A
2025-10-13 07:59:58,0,8877.76,55,90,2846,2846.72,100,ok,0,0,0,0.00,0,0,0,0,0,N/A
2025-10-13 08:00:01,0,8877.76,55,90,2846,2846.72,100,ok,0,0,0,0.00,0,0,0,0,0,N/A
2025-10-13 08:00:07,0,8877.76,59,90,2846,2846.72,100,ok,0,0,0,0.00,0,0,0,0,0,N/A
2025-10-13 08:00:10,0,8877.76,59,90,2846,2846.72,100,ok,0,0,0,0.00,0,0,0,0,0,N/A
2025-10-13 08:00:14,0,8877.76,59,90,2846,2846.72,100,ok,0,0,0,0.00,0,0,0,0,0,N/A
2025-10-13 08:00:18,0,8877.76,62,90,2846,2846.72,100,ok,0,0,0,0.00,0,0,0,0,0,N/A
2025-10-13 08:00:22,0,8877.76,62,90,2846,2846.72,100,ok,0,0,0,0.00,0,0,0,0,0,N/A
2025-10-13 08:00:27,0,8877.76,62,90,2846,2846.72,100,ok,0,0,0,0.00,0,0,0,0,0,N/A
2025-10-13 08:00:31,0,8877.76,66,90,2846,2846.72,100,ok,0,0,0,0.00,0,0,0,0,0,N/A
2025-10-13 08:00:35,0,8877.76,66,90,2846,2846.72,100,ok,0,0,0,0.00,0,0,0,0,0,N/A
2025-10-13 08:00:38,0,8877.76,69,90,2846,2846.72,100,ok,0,0,0,0.00,0,0,0,0,0,N/A
2025-10-13 08:00:42,0,8877.76,69,90,2846,2846.72,100,ok,0,0,0,0.00,0,0,0,0,0,N/A
2025-10-13 08:00:48,0,8877.76,69,90,2846,2846.72,100,ok,0,0,0,0.00,0,0,0,0,0,N/A
2025-10-13 08:00:51,0,8877.76,43,90,2846,2846.72,100,ok,0,0,0,0.00,0,0,0,0,0,N/A
2025-10-13 08:00:55,0,8877.76,43,90,2846,2846.72,100,ok,0,0,0,0.00,0,0,0,0,0,N/A
2025-10-13 08:00:59,0,8877.76,46,90,2846,2846.72,100,ok,0,0,0,0.00,0,0,0,0,0,N/A
2025-10-13 08:01:02,0,8877.76,46,90,2846,2846.72,100,ok,0,0,0,0.00,0,0,0,0,0,N/A
2025-10-13 08:01:08,0,8877.76,46,90,2846,2846.72,100,ok,0,0,0,0.00,0,0,0,0,0,N/A
2025-10-13 08:01:12,0,8877.76,50,90,2846,2846.72,100,ok,0,0,0,0.00,0,0,0,0,0,N/A
2025-10-13 08:01:17,0,8877.76,50,90,2846,2846.72,100,ok,0,0,0,0.00,0,0,0,0,0,N/A
2025-10-13 08:01:21,0,8877.76,53,90,2846,2846.72,100,ok,0,0,0,0.00,0,0,0,0,0,N/A
2025-10-13 08:01:25,0,8877.76,53,90,2846,2846.72,100,ok,0,0,0,0.00,0,0,0,0,0,N/A
2025-10-13 08:01:37,0,8877.76,57,90,2846,2846.72,100,ok,0,0,0,0.00,0,0,0,0,0,N/A
2025-10-13 08:01:41,0,8877.76,57,90,2846,2846.72,100,ok,0,0,0,0.00,0,0,0,0,0,N/A
2025-10-13 08:01:46,0,8877.76,60,90,2846,2846.72,100,ok,0,0,0,0.00,0,0,0,0,0,N/A
2025-10-13 08:01:50,0,8877.76,60,90,2846,2846.72,100,ok,0,0,0,0.00,0,0,0,0,0,N/A
2025-10-13 08:01:53,0,8877.76,65,90,2846,2846.72,100,ok,0,0,0,0.00,0,0,0,0,0,N/A
2025-10-13 08:01:58,0,8877.76,65,90,2846,2846.72,100,ok,0,0,0,0.00,0,0,0,0,0,N/A
2025-10-13 08:02:02,0,8877.76,65,90,2846,2846.72,100,ok,0,0,0,0.00,0,0,0,0,0,N/A
2025-10-13 08:02:07,0,8877.76,69,90,2846,2846.72,100,ok,0,0,0,0.00,0,0,0,0,0,N/A
2025-10-13 08:02:11,0,8877.76,69,90,2846,2846.72,100,ok,0,0,0,0.00,0,0,0,0,0,N/A
2025-10-13 08:02:15,0,8877.76,43,90,2846,2846.72,100,ok,0,0,0,0.00,0,0,0,0,0,N/A
2025-10-13 08:02:19,0,8877.76,43,90,2846,2846.72,100,ok,0,0,0,0.00,0,0,0,0,0,N/A
2025-10-13 08:02:22,0,8877.76,43,90,2846,2846.72,100,ok,0,0,0,0.00,0,0,0,0,0,N/A
2025-10-13 08:02:28,0,8877.76,47,90,2846,2846.72,100,ok,0,0,0,0.00,0,0,0,0,0,N/A
2025-10-13 08:02:31,0,8877.76,47,90,2846,2846.72,100,ok,0,0,0,0.00,0,0,0,0,0,N/A
2025-10-13 08:02:35,0,8877.76,47,90,2846,2846.72,100,ok,0,0,0,0.00,0,0,0,0,0,N/A
2025-10-13 08:02:38,0,8877.76,50,90,2846,2846.72,100,ok,0,0,0,0.00,0,0,0,0,0,N/A
2025-10-13 08:02:42,0,8877.76,50,90,2846,2846.72,100,ok,0,0,0,0.00,0,0,0,0,0,N/A
2025-10-13 08:02:47,0,8877.76,54,90,2846,2846.72,100,ok,0,0,0,0.00,0,0,0,0,0,N/A
2025-10-13 08:02:51,0,8877.76,54,90,2846,2846.72,100,ok,0,0,0,0.00,0,0,0,0,0,N/A
2025-10-13 08:02:54,0,8877.76,54,90,2846,2846.72,100,ok,0,0,0,0.00,0,0,0,0,0,N/A
2025-10-13 08:02:58,0,8877.76,57,90,2846,2846.72,100,ok,0,0,0,0.00,0,0,0,0,0,N/A
2025-10-13 08:03:03,0,8877.76,57,90,2846,2846.72,100,ok,0,0,0,0.00,0,0,0,0,0,N/A
2025-10-13 08:03:08,0,8877.76,60,90,2846,2846.72,100,ok,0,0,0,0.00,0,0,0,0,0,N/A
2025-10-13 08:03:11,0,8877.76,60,90,2846,2846.72,100,ok,0,0,0,0.00,0,0,0,0,0,N/A
2025-10-13 08:03:16,0,8877.76,64,90,2846,2846.72,100,ok,0,0,0,0.00,0,0,0,0,0,N/A
2025-10-13 08:03:20,0,8877.76,64,90,2846,2846.72,100,ok,0,0,0,0.00,0,0,0,0,0,N/A
2025-10-13 08:03:24,0,8877.76,64,90,2846,2846.72,100,ok,0,0,0,0.00,0,0,0,0,0,N/A
2025-10-13 08:03:28,0,8877.76,67,90,2846,2846.72,100,ok,0,0,0,0.00,0,0,0,0,0,N/A
2025-10-13 08:03:31,0,8877.76,67,90,2846,2846.72,100,ok,0,0,0,0.00,0,0,0,0,0,N/A
2025-10-13 08:03:37,0,8877.76,67,90,2846,2846.72,100,ok,0,0,0,0.00,0,0,0,0,0,N/A
2025-10-13 08:03:40,0,8877.76,43,90,2846,2846.72,100,ok,0,0,0,0.00,0,0,0,0,0,N/A
2025-10-13 08:03:44,0,8877.76,43,90,2846,2846.72,100,ok,0,0,0,0.00,0,0,0,0,0,N/A
2025-10-13 08:03:48,0,8877.76,43,90,2846,2846.72,100,ok,0,0,0,0.00,0,0,0,0,0,N/A
2025-10-13 08:03:52,0,8877.76,46,90,2846,2846.72,100,ok,0,0,0,0.00,0,0,0,0,0,N/A
2025-10-13 08:03:57,0,8877.76,46,90,2846,2846.72,100,ok,0,0,0,0.00,0,0,0,0,0,N/A
2025-10-13 08:04:01,0,8877.76,50,90,2846,2846.72,100,ok,0,0,0,0.00,0,0,0,0,0,N/A
2025-10-13 08:04:05,0,8877.76,50,90,2846,2846.72,100,ok,0,0,0,0.00,0,0,0,0,0,N/A
2025-10-13 08:04:09,0,8877.76,53,90,2846,2846.72,100,ok,0,0,0,0.00,0,0,0,0,0,N/A
2025-10-13 08:04:12,0,8877.76,53,90,2846,2846.72,100,ok,0,0,0,0.00,0,0,0,0,0,N/A
2025-10-13 08:04:19,0,8877.76,57,90,2846,2846.72,100,ok,0,0,0,0.00,0,0,0,0,0,N/A
2025-10-13 08:04:23,0,8877.76,57,90,2846,2846.72,100,ok,0,0,0,0.00,0,0,0,0,0,N/A
2025-10-13 08:04:28,0,8877.76,57,90,2846,2846.72,100,ok,0,0,0,0.00,0,0,0,0,0,N/A
2025-10-13 08:04:31,0,8877.76,60,90,2846,2846.72,100,ok,0,0,0,0.00,0,0,0,0,0,N/A
2025-10-13 08:04:35,0,8877.76,60,90,2846,2846.72,100,ok,0,0,0,0.00,0,0,0,0,0,N/A
2025-10-13 08:04:38,0,8877.76,60,90,2846,2846.72,100,ok,0,0,0,0.00,0,0,0,0,0,N/A
2025-10-13 08:04:42,0,8877.76,63,90,2846,2846.72,100,ok,0,0,0,0.00,0,0,0,0,0,N/A
2025-10-13 08:04:47,0,8877.76,63,90,2846,2846.72,100,ok,0,0,0,0.00,0,0,0,0,0,N/A
2025-10-13 08:04:51,0,8877.76,67,90,2846,2846.72,100,ok,0,0,0,0.00,0,0,0,0,0,N/A
2025-10-13 08:04:55,0,8877.76,67,90,2846,2846.72,100,ok,0,0,0,0.00,0,0,0,0,0,N/A
2025-10-13 08:04:58,0,8877.76,67,90,2846,2846.72,100,ok,0,0,0,0.00,0,0,0,0,0,N/A
2025-10-13 08:05:02,0,8877.76,43,90,2846,2846.72,100,ok,0,0,0,0.00,0,0,0,0,0,N/A
2025-10-13 08:05:06,0,8877.76,43,90,2846,2846.72,100,ok,0,0,0,0.00,0,0,0,0,0,N/A
2025-10-13 08:05:10,0,8877.76,43,90,2846,2846.72,100,ok,0,0,0,0.00,0,0,0,0,0,N/A
2025-10-13 08:05:14,0,8877.76,48,90,2846,2846.72,100,ok,0,0,0,0.00,0,0,0,0,0,N/A
2025-10-13 08:05:18,0,8877.76,48,90,2846,2846.72,100,ok,0,0,0,0.00,0,0,0,0,0,N/A
2025-10-13 08:05:22,0,8877.76,48,90,2846,2846.72,100,ok,0,0,0,0.00,0,0,0,0,0,N/A
2025-10-13 08:05:27,0,8877.76,52,90,2846,2846.72,100,ok,0,0,0,0.00,0,0,0,0,0,N/A
2025-10-13 08:05:31,0,8877.76,52,90,2846,2846.72,100,ok,0,0,0,0.00,0,0,0,0,0,N/A
2025-10-13 08:05:35,0,8877.76,55,90,2846,2846.72,100,ok,0,0,0,0.00,0,0,0,0,0,N/A
2025-10-13 08:05:39,0,8877.76,55,90,2846,2846.72,100,ok,0,0,0,0.00,0,0,0,0,0,N/A
2025-10-13 08:05:42,0,8877.76,55,90,2846,2846.72,100,ok,0,0,0,0.00,0,0,0,0,0,N/A
2025-10-13 08:05:46,0,8877.76,59,90,2846,2846.72,100,ok,0,0,0,0.00,0,0,0,0,0,N/A
2025-10-13 08:05:50,0,8877.76,59,90,2846,2846.72,100,ok,0,0,0,0.00,0,0,0,0,0,N/A
2025-10-13 08:05:54,0,8877.76,59,90,2846,2846.72,100,ok,0,0,0,0.00,0,0,0,0,0,N/A
2025-10-13 08:05:58,0,8877.76,62,90,2846,2846.72,100,ok,0,0,0,0.00,0,0,0,0,0,N/A
2025-10-13 08:06:01,0,8877.76,62,90,2846,2846.72,100,ok,0,0,0,0.00,0,0,0,0,0,N/A
2025-10-13 08:06:06,0,8877.76,62,90,2846,2846.72,100,ok,0,0,0,0.00,0,0,0,0,0,N/A
2025-10-13 08:06:10,0,8877.76,66,90,2846,2846.72,100,ok,0,0,0,0.00,0,0,0,0,0,N/A
2025-10-13 08:06:14,0,8877.76,66,90,2846,2846.72,100,ok,0,0,0,0.00,0,0,0,0,0,N/A
2025-10-13 08:06:18,0,8877.76,66,90,2846,2846.72,100,ok,0,0,0,0.00,0,0,0,0,0,N/A
2025-10-13 08:06:21,0,8877.76,69,90,2846,2846.72,100,ok,0,0,0,0.00,0,0,0,0,0,N/A
2025-10-13 08:06:25,0,8877.76,69,90,2846,2846.72,100,ok,0,0,0,0.00,0,0,0,0,0,N/A
2025-10-13 08:06:38,0,8877.76,46,90,2846,2846.72,100,ok,0,0,0,0.00,0,0,0,0,0,N/A
2025-10-13 08:06:42,0,8877.76,46,90,2846,2846.72,100,ok,0,0,0,0.00,0,0,0,0,0,N/A
2025-10-13 08:06:47,0,8877.76,46,90,2846,2846.72,100,ok,0,0,0,0.00,0,0,0,0,0,N/A
2025-10-13 08:06:51,0,8877.76,50,90,2846,2846.72,100,ok,0,0,0,0.00,0,0,0,0,0,N/A
2025-10-13 08:06:54,0,8877.76,50,90,2846,2846.72,100,ok,0,0,0,0.00,0,0,0,0,0,N/A
2025-10-13 08:06:58,0,8877.76,50,90,2846,2846.72,100,ok,0,0,0,0.00,0,0,0,0,0,N/A
2025-10-13 08:07:01,0,8877.76,53,90,2846,2846.72,100,ok,0,0,0,0.00,0,0,0,0,0,N/A
2025-10-13 08:07:05,0,8877.76,53,90,2846,2846.72,100,ok,0,0,0,0.00,0,0,0,0,0,N/A
2025-10-13 08:07:08,0,8877.76,53,90,2846,2846.72,100,ok,0,0,0,0.00,0,0,0,0,0,N/A
2025-10-13 08:07:11,0,8877.76,57,90,2846,2846.72,100,ok,0,0,0,0.00,0,0,0,0,0,N/A
2025-10-13 08:07:17,0,8877.76,57,90,2846,2846.72,100,ok,0,0,0,0.00,0,0,0,0,0,N/A
2025-10-13 08:07:20,0,8877.76,60,90,2846,2846.72,100,ok,0,0,0,0.00,0,0,0,0,0,N/A
2025-10-13 08:07:24,0,8877.76,60,90,2846,2846.72,100,ok,0,0,0,0.00,0,0,0,0,0,N/A
2025-10-13 08:07:28,0,8877.76,60,90,2846,2846.72,100,ok,0,0,0,0.00,0,0,0,0,0,N/A
2025-10-13 08:07:32,0,8877.76,63,90,2846,2846.72,100,ok,0,0,0,0.00,0,0,0,0,0,N/A
2025-10-13 08:07:37,0,8877.76,63,90,2846,2846.72,100,ok,0,0,0,0.00,0,0,0,0,0,N/A
2025-10-13 08:07:40,0,8877.76,63,90,2846,2846.72,100,ok,0,0,0,0.00,0,0,0,0,0,N/A
2025-10-13 08:07:44,0,8877.76,68,90,2846,2846.72,100,ok,0,0,0,0.00,0,0,0,0,0,N/A
2025-10-13 08:07:48,0,8877.76,68,90,2846,2846.72,100,ok,0,0,0,0.00,0,0,0,0,0,N/A
2025-10-13 08:07:51,0,8877.76,68,90,2846,2846.72,100,ok,0,0,0,0.00,0,0,0,0,0,N/A
2025-10-13 08:07:57,0,8877.76,44,90,2846,2846.72,100,ok,0,0,0,0.00,0,0,0,0,0,N/A
2025-10-13 08:08:00,0,8877.76,44,90,2846,2846.72,100,ok,0,0,0,0.00,0,0,0,0,0,N/A
2025-10-13 08:08:04,0,8877.76,44,90,2846,2846.72,100,ok,0,0,0,0.00,0,0,0,0,0,N/A
2025-10-13 08:08:08,0,8877.76,47,90,2846,2846.72,100,ok,0,0,0,0.00,0,0,0,0,0,N/A
2025-10-13 08:08:11,0,8877.76,47,90,2846,2846.72,100,ok,0,0,0,0.00,0,0,0,0,0,N/A
2025-10-13 08:08:17,0,8877.76,51,90,2846,2846.72,100,ok,0,0,0,0.00,0,0,0,0,0,N/A
2025-10-13 08:08:21,0,8877.76,51,90,2846,2846.72,100,ok,0,0,0,0.00,0,0,0,0,0,N/A
2025-10-13 08:08:24,0,8877.76,51,90,2846,2846.72,100,ok,0,0,0,0.00,0,0,0,0,0,N/A
2025-10-13 08:08:28,0,8877.76,54,90,2846,2846.72,100,ok,0,0,0,0.00,0,0,0,0,0,N/A
2025-10-13 08:08:32,0,8877.76,54,90,2846,2846.72,100,ok,0,0,0,0.00,0,0,0,0,0,N/A
2025-10-13 08:08:37,0,8877.76,58,90,2846,2846.72,100,ok,0,0,0,0.00,0,0,0,0,0,N/A
2025-10-13 08:08:41,0,8877.76,58,90,2846,2846.72,100,ok,0,0,0,0.00,0,0,0,0,0,N/A
2025-10-13 08:08:44,0,8877.76,58,90,2846,2846.72,100,ok,0,0,0,0.00,0,0,0,0,0,N/A
2025-10-13 08:08:49,0,8877.76,61,90,2846,2846.72,100,ok,0,0,0,0.00,0,0,0,0,0,N/A
2025-10-13 08:08:52,0,8877.76,61,90,2846,2846.72,100,ok,0,0,0,0.00,0,0,0,0,0,N/A
2025-10-13 08:08:58,0,8877.76,64,90,2846,2846.72,100,ok,0,0,0,0.00,0,0,0,0,0,N/A
2025-10-13 08:09:02,0,8877.76,64,90,2846,2846.72,100,ok,0,0,0,0.00,0,0,0,0,0,N/A
2025-10-13 08:09:07,0,8877.76,64,90,2846,2846.72,100,ok,0,0,0,0.00,0,0,0,0,0,N/A
2025-10-13 08:09:11,0,8877.76,68,90,2846,2846.72,100,ok,0,0,0,0.00,0,0,0,0,0,N/A
2025-10-13 08:09:15,0,8877.76,68,90,2846,2846.72,100,ok,0,0,0,0.00,0,0,0,0,0,N/A
2025-10-13 08:09:18,0,8877.76,68,90,2846,2846.72,100,ok,0,0,0,0.00,0,0,0,0,0,N/A
2025-10-13 08:09:23,0,8877.76,43,90,2846,2846.72,100,ok,0,0,0,0.00,0,0,0,0,0,N/A
2025-10-13 08:09:28,0,8877.76,43,90,2846,2846.72,100,ok,0,0,0,0.00,0,0,0,0,0,N/A
2025-10-13 08:09:32,0,8877.76,47,90,2846,2846.72,100,ok,0,0,0,0.00,0,0,0,0,0,N/A
2025-10-13 08:09:37,0,8877.76,47,90,2846,2846.72,100,ok,0,0,0,0.00,0,0,0,0,0,N/A
2025-10-13 08:09:41,0,8877.76,50,90,2846,2846.72,100,ok,0,0,0,0.00,0,0,0,0,0,N/A
2025-10-13 08:09:44,0,8877.76,50,90,2846,2846.72,100,ok,0,0,0,0.00,0,0,0,0,0,N/A
2025-10-13 08:09:48,0,8877.76,50,90,2846,2846.72,100,ok,0,0,0,0.00,0,0,0,0,0,N/A
2025-10-13 08:09:52,0,8877.76,53,90,2846,2846.72,100,ok,0,0,0,0.00,0,0,0,0,0,N/A
2025-10-13 08:09:57,0,8877.76,53,90,2846,2846.72,100,ok,0,0,0,0.00,0,0,0,0,0,N/A
2025-10-13 08:10:00,0,8877.76,57,90,2846,2846.72,100,ok,0,0,0,0.00,0,0,0,0,0,N/A
2025-10-13 08:10:04,0,8877.76,57,90,2846,2846.72,100,ok,0,0,0,0.00,0,0,0,0,0,N/A
2025-10-13 08:10:08,0,8877.76,57,90,2846,2846.72,100,ok,0,0,0,0.00,0,0,0,0,0,N/A
2025-10-13 08:10:11,0,8877.76,57,90,2846,2846.72,100,ok,0,0,0,0.00,0,0,0,0,0,N/A
2025-10-13 08:10:17,0,8877.76,60,90,2846,2846.72,100,ok,0,0,0,0.00,0,0,0,0,0,N/A
2025-10-13 08:10:21,0,8877.76,64,90,2846,2846.72,100,ok,0,0,0,0.00,0,0,0,0,0,N/A
2025-10-13 08:10:25,0,8877.76,64,90,2846,2846.72,100,ok,0,0,0,0.00,0,0,0,0,0,N/A
2025-10-13 08:10:29,0,8877.76,64,90,2846,2846.72,100,ok,0,0,0,0.00,0,0,0,0,0,N/A
2025-10-13 08:10:33,0,8877.76,64,90,2846,2846.72,100,ok,0,0,0,0.00,0,0,0,0,0,N/A
2025-10-13 08:10:38,0,8877.76,67,90,2846,2846.72,100,ok,0,0,0,0.00,0,0,0,0,0,N/A
2025-10-13 08:10:41,0,8877.76,67,90,2846,2846.72,100,ok,0,0,0,0.00,0,0,0,0,0,N/A
2025-10-13 08:10:45,0,8877.76,67,90,2846,2846.72,100,ok,0,0,0,0.00,0,0,0,0,0,N/A
2025-10-13 08:10:48,0,8877.76,45,90,2846,2846.72,100,ok,0,0,0,0.00,0,0,0,0,0,N/A
2025-10-13 08:10:53,0,8877.76,45,90,2846,2846.72,100,ok,0,0,0,0.00,0,0,0,0,0,N/A
2025-10-13 08:10:58,0,8877.76,49,90,2846,2846.72,100,ok,0,0,0,0.00,0,0,0,0,0,N/A
2025-10-13 08:11:02,0,8877.76,49,90,2846,2846.72,100,ok,0,0,0,0.00,0,0,0,0,0,N/A
2025-10-13 08:11:07,0,8877.76,52,90,2846,2846.72,100,ok,0,0,0,0.00,0,0,0,0,0,N/A
2025-10-13 08:11:12,0,8877.76,52,90,2846,2846.72,100,ok,0,0,0,0.00,0,0,0,0,0,N/A
2025-10-13 08:11:17,0,8877.76,56,90,2846,2846.72,100,ok,0,0,0,0.00,0,0,0,0,0,N/A
2025-10-13 08:11:22,0,8877.76,56,90,2846,2846.72,100,ok,0,0,0,0.00,0,0,0,0,0,N/A
2025-10-13 08:11:37,0,8877.76,62,90,2846,2846.72,100,ok,0,0,0,0.00,0,0,0,0,0,N/A
2025-10-13 08:11:41,0,8877.76,62,90,2846,2846.72,100,ok,0,0,0,0.00,0,0,0,0,0,N/A
2025-10-13 08:11:44,0,8877.76,62,90,2846,2846.72,100,ok,0,0,0,0.00,0,0,0,0,0,N/A
2025-10-13 08:11:48,0,8877.76,66,90,2846,2846.72,100,ok,0,0,0,0.00,0,0,0,0,0,N/A
2025-10-13 08:11:52,0,8877.76,66,90,2846,2846.72,100,ok,0,0,0,0.00,0,0,0,0,0,N/A
2025-10-13 08:11:57,0,8877.76,66,90,2846,2846.72,100,ok,0,0,0,0.00,0,0,0,0,0,N/A
2025-10-13 08:12:00,0,8877.76,69,90,2846,2846.72,100,ok,0,0,0,0.00,0,0,0,0,0,N/A
2025-10-13 08:12:04,0,8877.76,69,90,2846,2846.72,100,ok,0,0,0,0.00,0,0,0,0,0,N/A
2025-10-13 08:12:08,0,8877.76,69,90,2846,2846.72,100,ok,0,0,0,0.00,0,0,0,0,0,N/A
2025-10-13 08:12:12,0,8877.76,43,90,2846,2846.72,100,ok,0,0,0,0.00,0,0,0,0,0,N/A
2025-10-13 08:12:17,0,8877.76,43,90,2846,2846.72,100,ok,0,0,0,0.00,0,0,0,0,0,N/A
2025-10-13 08:12:21,0,8877.76,47,90,2846,2846.72,100,ok,0,0,0,0.00,0,0,0,0,0,N/A
2025-10-13 08:12:25,0,8877.76,47,90,2846,2846.72,100,ok,0,0,0,0.00,0,0,0,0,0,N/A
2025-10-13 08:12:28,0,8877.76,47,90,2846,2846.72,100,ok,0,0,0,0.00,0,0,0,0,0,N/A
2025-10-13 08:12:32,0,8877.76,50,90,2846,2846.72,100,ok,0,0,0,0.00,0,0,0,0,0,N/A
2025-10-13 08:12:38,0,8877.76,50,90,2846,2846.72,100,ok,0,0,0,0.00,0,0,0,0,0,N/A
2025-10-13 08:12:41,0,8877.76,53,90,2846,2846.72,100,ok,0,0,0,0.00,0,0,0,0,0,N/A
2025-10-13 08:12:45,0,8877.76,53,90,2846,2846.72,100,ok,0,0,0,0.00,0,0,0,0,0,N/A
2025-10-13 08:12:49,0,8877.76,57,90,2846,2846.72,100,ok,0,0,0,0.00,0,0,0,0,0,N/A
2025-10-13 08:12:53,0,8877.76,57,90,2846,2846.72,100,ok,0,0,0,0.00,0,0,0,0,0,N/A
2025-10-13 08:12:58,0,8877.76,57,90,2846,2846.72,100,ok,0,0,0,0.00,0,0,0,0,0,N/A
2025-10-13 08:13:03,0,8877.76,60,90,2846,2846.72,100,ok,0,0,0,0.00,0,0,0,0,0,N/A
2025-10-13 08:13:08,0,8877.76,60,90,2846,2846.72,100,ok,0,0,0,0.00,0,0,0,0,0,N/A
2025-10-13 08:13:12,0,8877.76,63,90,2846,2846.72,100,ok,0,0,0,0.00,0,0,0,0,0,N/A
2025-10-13 08:13:17,0,8877.76,63,90,2846,2846.72,100,ok,0,0,0,0.00,0,0,0,0,0,N/A
2025-10-13 08:13:21,0,8877.76,67,90,2846,2846.72,100,ok,0,0,0,0.00,0,0,0,0,0,N/A
2025-10-13 08:13:25,0,8877.76,67,90,2846,2846.72,100,ok,0,0,0,0.00,0,0,0,0,0,N/A
2025-10-13 08:13:29,0,8877.76,67,90,2846,2846.72,100,ok,0,0,0,0.00,0,0,0,0,0,N/A
2025-10-13 08:13:32,0,8877.76,43,91,2846,2846.72,100,ok,0,0,0,0.00,0,0,0,0,0,N/A
2025-10-13 08:13:37,0,8877.76,43,91,2846,2846.72,100,ok,0,0,0,0.00,0,0,0,0,0,N/A
2025-10-13 08:13:41,0,8877.76,43,91,2846,2846.72,100,ok,0,0,0,0.00,0,0,0,0,0,N/A
2025-10-13 08:13:45,0,8877.76,47,91,2846,2846.72,100,ok,0,0,0,0.00,0,0,0,0,0,N/A
2025-10-13 08:13:49,0,8877.76,47,91,2846,2846.72,100,ok,0,0,0,0.00,0,0,0,0,0,N/A
2025-10-13 08:13:53,0,8877.76,51,91,2846,2846.72,100,ok,0,0,0,0.00,0,0,0,0,0,N/A
2025-10-13 08:13:58,0,8877.76,51,91,2846,2846.72,100,ok,0,0,0,0.00,0,0,0,0,0,N/A
2025-10-13 08:14:02,0,8877.76,51,91,2846,2846.72,100,ok,0,0,0,0.00,0,0,0,0,0,N/A
2025-10-13 08:14:08,0,8877.76,55,91,2846,2846.72,100,ok,0,0,0,0.00,0,0,0,0,0,N/A
2025-10-13 08:14:12,0,8877.76,55,91,2846,2846.72,100,ok,0,0,0,0.00,0,0,0,0,0,N/A
2025-10-13 08:14:17,0,8877.76,59,91,2846,2846.72,100,ok,0,0,0,0.00,0,0,0,0,0,N/A
2025-10-13 08:14:21,0,8877.76,59,91,2846,2846.72,100,ok,0,0,0,0.00,0,0,0,0,0,N/A
2025-10-13 08:14:24,0,8877.76,59,91,2846,2846.72,100,ok,0,0,0,0.00,0,0,0,0,0,N/A
2025-10-13 08:14:28,0,8877.76,62,91,2846,2846.72,100,ok,0,0,0,0.00,0,0,0,0,0,N/A
2025-10-13 08:14:32,0,8877.76,62,91,2846,2846.72,100,ok,0,0,0,0.00,0,0,0,0,0,N/A
2025-10-13 08:14:37,0,8877.76,66,91,2846,2846.72,100,ok,0,0,0,0.00,0,0,0,0,0,N/A
2025-10-13 08:14:42,0,8877.76,66,91,2846,2846.72,100,ok,0,0,0,0.00,0,0,0,0,0,N/A
2025-10-13 08:14:47,0,8877.76,69,91,2846,2846.72,100,ok,0,0,0,0.00,0,0,0,0,0,N/A
2025-10-13 08:14:51,0,8877.76,69,91,2846,2846.72,100,ok,0,0,0,0.00,0,0,0,0,0,N/A
2025-10-13 08:14:55,0,8877.76,69,91,2846,2846.72,100,ok,0,0,0,0.00,0,0,0,0,0,N/A
2025-10-13 08:14:58,0,8877.76,43,91,2846,2846.72,100,ok,0,0,0,0.00,0,0,0,0,0,N/A
2025-10-13 08:15:02,0,8877.76,43,91,2846,2846.72,100,ok,0,0,0,0.00,0,0,0,0,0,N/A
2025-10-13 08:15:07,0,8877.76,43,91,2846,2846.72,100,ok,0,0,0,0.00,0,0,0,0,0,N/A
2025-10-13 08:15:10,0,8877.76,47,91,2846,2846.72,100,ok,0,0,0,0.00,0,0,0,0,0,N/A
2025-10-13 08:15:15,0,8877.76,47,91,2846,2846.72,100,ok,0,0,0,0.00,0,0,0,0,0,N/A
2025-10-13 08:15:19,0,8877.76,50,91,2846,2846.72,100,ok,0,0,0,0.00,0,0,0,0,0,N/A
2025-10-13 08:15:23,0,8877.76,50,91,2846,2846.72,100,ok,0,0,0,0.00,0,0,0,0,0,N/A
2025-10-13 08:15:28,0,8877.76,50,91,2846,2846.72,100,ok,0,0,0,0.00,0,0,0,0,0,N/A
2025-10-13 08:15:32,0,8877.76,53,91,2846,2846.72,100,ok,0,0,0,0.00,0,0,0,0,0,N/A
2025-10-13 08:15:37,0,8877.76,53,91,2846,2846.72,100,ok,0,0,0,0.00,0,0,0,0,0,N/A
2025-10-13 08:15:41,0,8877.76,57,91,2846,2846.72,100,ok,0,0,0,0.00,0,0,0,0,0,N/A
2025-10-13 08:15:44,0,8877.76,57,91,2846,2846.72,100,ok,0,0,0,0.00,0,0,0,0,0,N/A
2025-10-13 08:15:48,0,8877.76,57,91,2846,2846.72,100,ok,0,0,0,0.00,0,0,0,0,0,N/A
2025-10-13 08:15:51,0,8877.76,60,91,2846,2846.72,100,ok,0,0,0,0.00,0,0,0,0,0,N/A
2025-10-13 08:15:55,0,8877.76,60,91,2846,2846.72,100,ok,0,0,0,0.00,0,0,0,0,0,N/A
2025-10-13 08:15:58,0,8877.76,60,91,2846,2846.72,100,ok,0,0,0,0.00,0,0,0,0,0,N/A
2025-10-13 08:16:02,0,8877.76,64,91,2846,2846.72,100,ok,0,0,0,0.00,0,0,0,0,0,N/A
2025-10-13 08:16:07,0,8877.76,64,91,2846,2846.72,100,ok,0,0,0,0.00,0,0,0,0,0,N/A
2025-10-13 08:16:10,0,8877.76,64,91,2846,2846.72,100,ok,0,0,0,0.00,0,0,0,0,0,N/A
2025-10-13 08:16:14,0,8877.76,68,91,2846,2846.72,100,ok,0,0,0,0.00,0,0,0,0,0,N/A
2025-10-13 08:16:18,0,8877.76,68,91,2846,2846.72,100,ok,0,0,0,0.00,0,0,0,0,0,N/A
2025-10-13 08:16:22,0,8877.76,68,91,2846,2846.72,100,ok,0,0,0,0.00,0,0,0,0,0,N/A
2025-10-13 08:16:38,0,8877.76,47,91,2846,2846.72,100,ok,0,0,0,0.00,0,0,0,0,0,N/A
2025-10-13 08:16:41,0,8877.76,47,91,2846,2846.72,100,ok,0,0,0,0.00,0,0,0,0,0,N/A
2025-10-13 08:16:47,0,8877.76,51,91,2846,2846.72,100,ok,0,0,0,0.00,0,0,0,0,0,N/A
2025-10-13 08:16:51,0,8877.76,51,91,2846,2846.72,100,ok,0,0,0,0.00,0,0,0,0,0,N/A
2025-10-13 08:16:54,0,8877.76,51,91,2846,2846.72,100,ok,0,0,0,0.00,0,0,0,0,0,N/A
2025-10-13 08:16:58,0,8877.76,51,91,2846,2846.72,100,ok,0,0,0,0.00,0,0,0,0,0,N/A
2025-10-13 08:17:02,0,8877.76,54,91,2846,2846.72,100,ok,0,0,0,0.00,0,0,0,0,0,N/A
2025-10-13 08:17:07,0,8877.76,54,91,2846,2846.72,100,ok,0,0,0,0.00,0,0,0,0,0,N/A
2025-10-13 08:17:11,0,8877.76,57,91,2846,2846.72,100,ok,0,0,0,0.00,0,0,0,0,0,N/A
2025-10-13 08:17:17,0,8877.76,57,91,2846,2846.72,100,ok,0,0,0,0.00,0,0,0,0,0,N/A
2025-10-13 08:17:20,0,8877.76,61,91,2846,2846.72,100,ok,0,0,0,0.00,0,0,0,0,0,N/A
2025-10-13 08:17:24,0,8877.76,61,91,2846,2846.72,100,ok,0,0,0,0.00,0,0,0,0,0,N/A
2025-10-13 08:17:28,0,8877.76,61,91,2846,2846.72,100,ok,0,0,0,0.00,0,0,0,0,0,N/A
2025-10-13 08:17:34,0,8877.76,64,91,2846,2846.72,100,ok,0,0,0,0.00,0,0,0,0,0,N/A
2025-10-13 08:17:38,0,8877.76,64,91,2846,2846.72,100,ok,0,0,0,0.00,0,0,0,0,0,N/A
2025-10-13 08:17:42,0,8877.76,68,91,2846,2846.72,100,ok,0,0,0,0.00,0,0,0,0,0,N/A
2025-10-13 08:17:47,0,8877.76,68,91,2846,2846.72,100,ok,0,0,0,0.00,0,0,0,0,0,N/A
2025-10-13 08:17:51,0,8877.76,43,91,2846,2846.72,100,ok,0,0,0,0.00,0,0,0,0,0,N/A
2025-10-13 08:17:56,0,8877.76,43,91,2846,2846.72,100,ok,0,0,0,0.00,0,0,0,0,0,N/A
2025-10-13 08:18:00,0,8877.76,47,91,2846,2846.72,100,ok,0,0,0,0.00,0,0,0,0,0,N/A
2025-10-13 08:18:04,0,8877.76,47,91,2846,2846.72,100,ok,0,0,0,0.00,0,0,0,0,0,N/A
2025-10-13 08:18:08,0,8877.76,47,91,2846,2846.72,100,ok,0,0,0,0.00,0,0,0,0,0,N/A
2025-10-13 08:18:12,0,8877.76,50,91,2846,2846.72,100,ok,0,0,0,0.00,0,0,0,0,0,N/A
2025-10-13 08:18:17,0,8877.76,50,91,2846,2846.72,100,ok,0,0,0,0.00,0,0,0,0,0,N/A
2025-10-13 08:18:20,0,8877.76,50,91,2846,2846.72,100,ok,0,0,0,0.00,0,0,0,0,0,N/A
2025-10-13 08:18:24,0,8877.76,53,91,2846,2846.72,100,ok,0,0,0,0.00,0,0,0,0,0,N/A
2025-10-13 08:18:28,0,8877.76,53,91,2846,2846.72,100,ok,0,0,0,0.00,0,0,0,0,0,N/A
2025-10-13 08:18:32,0,8877.76,57,91,2846,2846.72,100,ok,0,0,0,0.00,0,0,0,0,0,N/A
2025-10-13 08:18:37,0,8877.76,57,91,2846,2846.72,100,ok,0,0,0,0.00,0,0,0,0,0,N/A
2025-10-13 08:18:41,0,8877.76,57,91,2846,2846.72,100,ok,0,0,0,0.00,0,0,0,0,0,N/A
2025-10-13 08:18:44,0,8877.76,60,91,2846,2846.72,100,ok,0,0,0,0.00,0,0,0,0,0,N/A
2025-10-13 08:18:48,0,8877.76,60,91,2846,2846.72,100,ok,0,0,0,0.00,0,0,0,0,0,N/A
2025-10-13 08:18:52,0,8877.76,64,91,2846,2846.72,100,ok,0,0,0,0.00,0,0,0,0,0,N/A
2025-10-13 08:18:57,0,8877.76,64,91,2846,2846.72,100,ok,0,0,0,0.00,0,0,0,0,0,N/A
2025-10-13 08:19:01,0,8877.76,64,91,2846,2846.72,100,ok,0,0,0,0.00,0,0,0,0,0,N/A
2025-10-13 08:19:05,0,8877.76,67,91,2846,2846.72,100,ok,0,0,0,0.00,0,0,0,0,0,N/A
2025-10-13 08:19:09,0,8877.76,67,91,2846,2846.72,100,ok,0,0,0,0.00,0,0,0,0,0,N/A
2025-10-13 08:19:12,0,8877.76,67,91,2846,2846.72,100,ok,0,0,0,0.00,0,0,0,0,0,N/A
2025-10-13 08:19:17,0,8877.76,43,91,2846,2846.72,100,ok,0,0,0,0.00,0,0,0,0,0,N/A
2025-10-13 08:19:20,0,8877.76,43,91,2846,2846.72,100,ok,0,0,0,0.00,0,0,0,0,0,N/A
2025-10-13 08:19:24,0,8877.76,49,91,2846,2846.72,100,ok,0,0,0,0.00,0,0,0,0,0,N/A
2025-10-13 08:19:28,0,8877.76,49,91,2846,2846.72,100,ok,0,0,0,0.00,0,0,0,0,0,N/A
2025-10-13 08:19:31,0,8877.76,49,91,2846,2846.72,100,ok,0,0,0,0.00,0,0,0,0,0,N/A
2025-10-13 08:19:36,0,8877.76,52,91,2846,2846.72,100,ok,0,0,0,0.00,0,0,0,0,0,N/A
2025-10-13 08:19:40,0,8877.76,52,91,2846,2846.72,100,ok,0,0,0,0.00,0,0,0,0,0,N/A
2025-10-13 08:19:44,0,8877.76,52,91,2846,2846.72,100,ok,0,0,0,0.00,0,0,0,0,0,N/A
2025-10-13 08:19:48,0,8877.76,56,91,2846,2846.72,100,ok,0,0,0,0.00,0,0,0,0,0,N/A
2025-10-13 08:19:52,0,8877.76,56,91,2846,2846.72,100,ok,0,0,0,0.00,0,0,0,0,0,N/A
2025-10-13 08:19:57,0,8877.76,56,91,2846,2846.72,100,ok,0,0,0,0.00,0,0,0,0,0,N/A
2025-10-13 08:20:01,0,8877.76,59,91,2846,2846.72,100,ok,0,0,0,0.00,0,0,0,0,0,N/A
2025-10-13 08:20:05,0,8877.76,59,91,2846,2846.72,100,ok,0,0,0,0.00,0,0,0,0,0,N/A
2025-10-13 08:20:08,0,8877.76,62,91,2846,2846.72,100,ok,0,0,0,0.00,0,0,0,0,0,N/A
2025-10-13 08:20:12,0,8877.76,62,91,2846,2846.72,100,ok,0,0,0,0.00,0,0,0,0,0,N/A
2025-10-13 08:20:17,0,8877.76,62,91,2846,2846.72,100,ok,0,0,0,0.00,0,0,0,0,0,N/A
2025-10-13 08:20:21,0,8877.76,66,91,2846,2846.72,100,ok,0,0,0,0.00,0,0,0,0,0,N/A
2025-10-13 08:20:24,0,8877.76,66,91,2846,2846.72,100,ok,0,0,0,0.00,0,0,0,0,0,N/A
2025-10-13 08:20:28,0,8877.76,66,91,2846,2846.72,100,ok,0,0,0,0.00,0,0,0,0,0,N/A
2025-10-13 08:20:32,0,8877.76,69,91,2846,2846.72,100,ok,0,0,0,0.00,0,0,0,0,0,N/A
2025-10-13 08:20:38,0,8877.76,69,91,2846,2846.72,100,ok,0,0,0,0.00,0,0,0,0,0,N/A
2025-10-13 08:20:41,0,8877.76,43,91,2846,2846.72,100,ok,0,0,0,0.00,0,0,0,0,0,N/A
2025-10-13 08:20:47,0,8877.76,43,91,2846,2846.72,100,ok,0,0,0,0.00,0,0,0,0,0,N/A
2025-10-13 08:20:51,0,8877.76,47,91,2846,2846.72,100,ok,0,0,0,0.00,0,0,0,0,0,N/A
2025-10-13 08:20:54,0,8877.76,47,91,2846,2846.72,100,ok,0,0,0,0.00,0,0,0,0,0,N/A
2025-10-13 08:20:58,0,8877.76,47,91,2846,2846.72,100,ok,0,0,0,0.00,0,0,0,0,0,N/A
2025-10-13 08:21:02,0,8877.76,50,91,2846,2846.72,100,ok,0,0,0,0.00,0,0,0,0,0,N/A
2025-10-13 08:21:08,0,8877.76,50,91,2846,2846.72,100,ok,0,0,0,0.00,0,0,0,0,0,N/A
2025-10-13 08:21:12,0,8877.76,50,91,2846,2846.72,100,ok,0,0,0,0.00,0,0,0,0,0,N/A
2025-10-13 08:21:17,0,8877.76,53,91,2846,2846.72,100,ok,0,0,0,0.00,0,0,0,0,0,N/A
2025-10-13 08:21:21,0,8877.76,53,91,2846,2846.72,100,ok,0,0,0,0.00,0,0,0,0,0,N/A
2025-10-13 08:21:25,0,8877.76,59,91,2846,2846.72,100,ok,0,0,0,0.00,0,0,0,0,0,N/A
2025-10-13 08:21:38,0,8877.76,62,91,2846,2846.72,100,ok,0,0,0,0.00,0,0,0,0,0,N/A
2025-10-13 08:21:42,0,8877.76,62,91,2846,2846.72,100,ok,0,0,0,0.00,0,0,0,0,0,N/A
2025-10-13 08:21:47,0,8877.76,66,91,2846,2846.72,100,ok,0,0,0,0.00,0,0,0,0,0,N/A
2025-10-13 08:21:51,0,8877.76,66,91,2846,2846.72,100,ok,0,0,0,0.00,0,0,0,0,0,N/A
2025-10-13 08:21:57,0,8877.76,66,91,2846,2846.72,100,ok,0,0,0,0.00,0,0,0,0,0,N/A
2025-10-13 08:22:01,0,8877.76,69,91,2846,2846.72,100,ok,0,0,0,0.00,0,0,0,0,0,N/A
2025-10-13 08:22:05,0,8877.76,69,91,2846,2846.72,100,ok,0,0,0,0.00,0,0,0,0,0,N/A
2025-10-13 08:22:08,0,8877.76,69,91,2846,2846.72,100,ok,0,0,0,0.00,0,0,0,0,0,N/A
2025-10-13 08:22:12,0,8877.76,43,91,2846,2846.72,100,ok,0,0,0,0.00,0,0,0,0,0,N/A
2025-10-13 08:22:17,0,8877.76,43,91,2846,2846.72,100,ok,0,0,0,0.00,0,0,0,0,0,N/A
2025-10-13 08:22:21,0,8877.76,47,91,2846,2846.72,100,ok,0,0,0,0.00,0,0,0,0,0,N/A
2025-10-13 08:22:24,0,8877.76,47,91,2846,2846.72,100,ok,0,0,0,0.00,0,0,0,0,0,N/A
2025-10-13 08:22:28,0,8877.76,47,91,2846,2846.72,100,ok,0,0,0,0.00,0,0,0,0,0,N/A
2025-10-13 08:22:33,0,8877.76,50,91,2846,2846.72,100,ok,0,0,0,0.00,0,0,0,0,0,N/A
2025-10-13 08:22:37,0,8877.76,50,91,2846,2846.72,100,ok,0,0,0,0.00,0,0,0,0,0,N/A
2025-10-13 08:22:42,0,8877.76,53,91,2846,2846.72,100,ok,0,0,0,0.00,0,0,0,0,0,N/A
2025-10-13 08:22:47,0,8877.76,53,91,2846,2846.72,100,ok,0,0,0,0.00,0,0,0,0,0,N/A
2025-10-13 08:22:51,0,8877.76,57,91,2846,2846.72,100,ok,0,0,0,0.00,0,0,0,0,0,N/A
2025-10-13 08:22:54,0,8877.76,57,91,2846,2846.72,100,ok,0,0,0,0.00,0,0,0,0,0,N/A
2025-10-13 08:22:58,0,8877.76,57,91,2846,2846.72,100,ok,0,0,0,0.00,0,0,0,0,0,N/A
2025-10-13 08:23:02,0,8877.76,60,91,2846,2846.72,100,ok,0,0,0,0.00,0,0,0,0,0,N/A
2025-10-13 08:23:07,0,8877.76,60,91,2846,2846.72,100,ok,0,0,0,0.00,0,0,0,0,0,N/A
2025-10-13 08:23:10,0,8877.76,64,91,2846,2846.72,100,ok,0,0,0,0.00,0,0,0,0,0,N/A
2025-10-13 08:23:14,0,8877.76,64,91,2846,2846.72,100,ok,0,0,0,0.00,0,0,0,0,0,N/A
2025-10-13 08:23:18,0,8877.76,64,91,2846,2846.72,100,ok,0,0,0,0.00,0,0,0,0,0,N/A
2025-10-13 08:23:22,0,8877.76,64,91,2846,2846.72,100,ok,0,0,0,0.00,0,0,0,0,0,N/A
2025-10-13 08:23:28,0,8877.76,67,91,2846,2846.72,100,ok,0,0,0,0.00,0,0,0,0,0,N/A
2025-10-13 08:23:32,0,8877.76,67,91,2846,2846.72,100,ok,0,0,0,0.00,0,0,0,0,0,N/A
2025-10-13 08:23:37,0,8877.76,43,91,2846,2846.72,100,ok,0,0,0,0.00,0,0,0,0,0,N/A
2025-10-13 08:23:41,0,8877.76,43,91,2846,2846.72,100,ok,0,0,0,0.00,0,0,0,0,0,N/A
2025-10-13 08:23:45,0,8877.76,47,91,2846,2846.72,100,ok,0,0,0,0.00,0,0,0,0,0,N/A
2025-10-13 08:23:48,0,8877.76,47,91,2846,2846.72,100,ok,0,0,0,0.00,0,0,0,0,0,N/A
2025-10-13 08:23:52,0,8877.76,47,91,2846,2846.72,100,ok,0,0,0,0.00,0,0,0,0,0,N/A
2025-10-13 08:23:58,0,8877.76,50,91,2846,2846.72,100,ok,0,0,0,0.00,0,0,0,0,0,N/A
2025-10-13 08:24:02,0,8877.76,50,91,2846,2846.72,100,ok,0,0,0,0.00,0,0,0,0,0,N/A
2025-10-13 08:24:08,0,8877.76,53,91,2846,2846.72,100,ok,0,0,0,0.00,0,0,0,0,0,N/A
2025-10-13 08:24:12,0,8877.76,53,91,2846,2846.72,100,ok,0,0,0,0.00,0,0,0,0,0,N/A
2025-10-13 08:24:17,0,8877.76,57,91,2846,2846.72,100,ok,0,0,0,0.00,0,0,0,0,0,N/A
2025-10-13 08:24:22,0,8877.76,57,91,2846,2846.72,100,ok,0,0,0,0.00,0,0,0,0,0,N/A
2025-10-13 08:24:27,0,8877.76,60,91,2846,2846.72,100,ok,0,0,0,0.00,0,0,0,0,0,N/A
2025-10-13 08:24:31,0,8877.76,60,91,2846,2846.72,100,ok,0,0,0,0.00,0,0,0,0,0,N/A
2025-10-13 08:24:36,0,8877.76,63,91,2846,2846.72,100,ok,0,0,0,0.00,0,0,0,0,0,N/A
2025-10-13 08:24:40,0,8877.76,63,91,2846,2846.72,100,ok,0,0,0,0.00,0,0,0,0,0,N/A
2025-10-13 08:24:44,0,8877.76,63,91,2846,2846.72,100,ok,0,0,0,0.00,0,0,0,0,0,N/A
2025-10-13 08:24:48,0,8877.76,68,91,2846,2846.72,100,ok,0,0,0,0.00,0,0,0,0,0,N/A
2025-10-13 08:24:53,0,8877.76,68,91,2846,2846.72,100,ok,0,0,0,0.00,0,0,0,0,0,N/A
2025-10-13 08:24:58,0,8877.76,44,91,2846,2846.72,100,ok,0,0,0,0.00,0,0,0,0,0,N/A
2025-10-13 08:25:02,0,8877.76,44,91,2846,2846.72,100,ok,0,0,0,0.00,0,0,0,0,0,N/A
2025-10-13 08:25:08,0,8877.76,47,91,2846,2846.72,100,ok,0,0,0,0.00,0,0,0,0,0,N/A
2025-10-13 08:25:12,0,8877.76,47,91,2846,2846.72,100,ok,0,0,0,0.00,0,0,0,0,0,N/A
2025-10-13 08:25:17,0,8877.76,51,91,2846,2846.72,100,ok,0,0,0,0.00,0,0,0,0,0,N/A
2025-10-13 08:25:21,0,8877.76,51,91,2846,2846.72,100,ok,0,0,0,0.00,0,0,0,0,0,N/A
2025-10-13 08:25:25,0,8877.76,51,91,2846,2846.72,100,ok,0,0,0,0.00,0,0,0,0,0,N/A
2025-10-13 08:25:29,0,8877.76,54,91,2846,2846.72,100,ok,0,0,0,0.00,0,0,0,0,0,N/A
2025-10-13 08:25:32,0,8877.76,54,91,2846,2846.72,100,ok,0,0,0,0.00,0,0,0,0,0,N/A
2025-10-13 08:25:38,0,8877.76,57,91,2846,2846.72,100,ok,0,0,0,0.00,0,0,0,0,0,N/A
2025-10-13 08:25:42,0,8877.76,57,91,2846,2846.72,100,ok,0,0,0,0.00,0,0,0,0,0,N/A
2025-10-13 08:25:48,0,8877.76,61,91,2846,2846.72,100,ok,0,0,0,0.00,0,0,0,0,0,N/A
2025-10-13 08:25:52,0,8877.76,61,91,2846,2846.72,100,ok,0,0,0,0.00,0,0,0,0,0,N/A
2025-10-13 08:25:57,0,8877.76,61,91,2846,2846.72,100,ok,0,0,0,0.00,0,0,0,0,0,N/A
2025-10-13 08:26:01,0,8877.76,64,91,2846,2846.72,100,ok,0,0,0,0.00,0,0,0,0,0,N/A
2025-10-13 08:26:04,0,8877.76,64,91,2846,2846.72,100,ok,0,0,0,0.00,0,0,0,0,0,N/A
2025-10-13 08:26:08,0,8877.76,68,91,2846,2846.72,100,ok,0,0,0,0.00,0,0,0,0,0,N/A
2025-10-13 08:26:12,0,8877.76,68,91,2846,2846.72,100,ok,0,0,0,0.00,0,0,0,0,0,N/A
2025-10-13 08:26:17,0,8877.76,68,91,2846,2846.72,100,ok,0,0,0,0.00,0,0,0,0,0,N/A
2025-10-13 08:26:21,0,8877.76,43,91,2846,2846.72,100,ok,0,0,0,0.00,0,0,0,0,0,N/A
2025-10-13 08:26:36,0,8877.76,47,91,2846,2846.72,100,ok,0,0,0,0.00,0,0,0,0,0,N/A
2025-10-13 08:26:41,0,8877.76,50,91,2846,2846.72,100,ok,0,0,0,0.00,0,0,0,0,0,N/A
2025-10-13 08:26:45,0,8877.76,50,91,2846,2846.72,100,ok,0,0,0,0.00,0,0,0,0,0,N/A
2025-10-13 08:26:48,0,8877.76,50,91,2846,2846.72,100,ok,0,0,0,0.00,0,0,0,0,0,N/A
2025-10-13 08:26:52,0,8877.76,53,91,2846,2846.72,100,ok,0,0,0,0.00,0,0,0,0,0,N/A
2025-10-13 08:26:57,0,8877.76,53,91,2846,2846.72,100,ok,0,0,0,0.00,0,0,0,0,0,N/A
2025-10-13 08:27:01,0,8877.76,53,91,2846,2846.72,100,ok,0,0,0,0.00,0,0,0,0,0,N/A
2025-10-13 08:27:04,0,8877.76,57,91,2846,2846.72,100,ok,0,0,0,0.00,0,0,0,0,0,N/A
2025-10-13 08:27:08,0,8877.76,57,91,2846,2846.72,100,ok,0,0,0,0.00,0,0,0,0,0,N/A
2025-10-13 08:27:12,0,8877.76,57,91,2846,2846.72,100,ok,0,0,0,0.00,0,0,0,0,0,N/A
2025-10-13 08:27:17,0,8877.76,60,91,2846,2846.72,100,ok,0,0,0,0.00,0,0,0,0,0,N/A
2025-10-13 08:27:21,0,8877.76,60,91,2846,2846.72,100,ok,0,0,0,0.00,0,0,0,0,0,N/A
2025-10-13 08:27:24,0,8877.76,65,91,2846,2846.72,100,ok,0,0,0,0.00,0,0,0,0,0,N/A
2025-10-13 08:27:29,0,8877.76,65,91,2846,2846.72,100,ok,0,0,0,0.00,0,0,0,0,0,N/A
2025-10-13 08:27:32,0,8877.76,65,91,2846,2846.72,100,ok,0,0,0,0.00,0,0,0,0,0,N/A
2025-10-13 08:27:38,0,8877.76,69,91,2846,2846.72,100,ok,0,0,0,0.00,0,0,0,0,0,N/A
2025-10-13 08:27:42,0,8877.76,69,91,2846,2846.72,100,ok,0,0,0,0.00,0,0,0,0,0,N/A
2025-10-13 08:27:47,0,8877.76,43,91,2846,2846.72,100,ok,0,0,0,0.00,0,0,0,0,0,N/A
2025-10-13 08:27:51,0,8877.76,43,91,2846,2846.72,100,ok,0,0,0,0.00,0,0,0,0,0,N/A
2025-10-13 08:27:55,0,8877.76,47,91,2846,2846.72,100,ok,0,0,0,0.00,0,0,0,0,0,N/A
2025-10-13 08:27:58,0,8877.76,47,91,2846,2846.72,100,ok,0,0,0,0.00,0,0,0,0,0,N/A
2025-10-13 08:28:02,0,8877.76,47,91,2846,2846.72,100,ok,0,0,0,0.00,0,0,0,0,0,N/A
2025-10-13 08:28:07,0,8877.76,50,91,2846,2846.72,100,ok,0,0,0,0.00,0,0,0,0,0,N/A
2025-10-13 08:28:11,0,8877.76,50,91,2846,2846.72,100,ok,0,0,0,0.00,0,0,0,0,0,N/A
2025-10-13 08:28:17,0,8877.76,53,91,2846,2846.72,100,ok,0,0,0,0.00,0,0,0,0,0,N/A
2025-10-13 08:28:21,0,8877.76,53,91,2846,2846.72,100,ok,0,0,0,0.00,0,0,0,0,0,N/A
2025-10-13 08:28:25,0,8877.76,53,91,2846,2846.72,100,ok,0,0,0,0.00,0,0,0,0,0,N/A
2025-10-13 08:28:28,0,8877.76,57,91,2846,2846.72,100,ok,0,0,0,0.00,0,0,0,0,0,N/A
2025-10-13 08:28:32,0,8877.76,57,91,2846,2846.72,100,ok,0,0,0,0.00,0,0,0,0,0,N/A
2025-10-13 08:28:37,0,8877.76,57,91,2846,2846.72,100,ok,0,0,0,0.00,0,0,0,0,0,N/A
2025-10-13 08:28:41,0,8877.76,60,91,2846,2846.72,100,ok,0,0,0,0.00,0,0,0,0,0,N/A
2025-10-13 08:28:44,0,8877.76,60,91,2846,2846.72,100,ok,0,0,0,0.00,0,0,0,0,0,N/A
2025-10-13 08:28:49,0,8877.76,64,91,2846,2846.72,100,ok,0,0,0,0.00,0,0,0,0,0,N/A
2025-10-13 08:28:52,0,8877.76,64,91,2846,2846.72,100,ok,0,0,0,0.00,0,0,0,0,0,N/A
2025-10-13 08:28:57,0,8877.76,64,91,2846,2846.72,100,ok,0,0,0,0.00,0,0,0,0,0,N/A
2025-10-13 08:29:01,0,8877.76,67,91,2846,2846.72,100,ok,0,0,0,0.00,0,0,0,0,0,N/A
2025-10-13 08:29:05,0,8877.76,67,91,2846,2846.72,100,ok,0,0,0,0.00,0,0,0,0,0,N/A
2025-10-13 08:29:08,0,8877.76,67,91,2846,2846.72,100,ok,0,0,0,0.00,0,0,0,0,0,N/A
2025-10-13 08:29:12,0,8877.76,43,91,2846,2846.72,100,ok,0,0,0,0.00,0,0,0,0,0,N/A
2025-10-13 08:29:17,0,8877.76,43,91,2846,2846.72,100,ok,0,0,0,0.00,0,0,0,0,0,N/A
2025-10-13 08:29:21,0,8877.76,47,91,2846,2846.72,100,ok,0,0,0,0.00,0,0,0,0,0,N/A
2025-10-13 08:29:25,0,8877.76,47,91,2846,2846.72,100,ok,0,0,0,0.00,0,0,0,0,0,N/A
2025-10-13 08:29:29,0,8877.76,47,91,2846,2846.72,100,ok,0,0,0,0.00,0,0,0,0,0,N/A
2025-10-13 08:29:32,0,8877.76,50,91,2846,2846.72,100,ok,0,0,0,0.00,0,0,0,0,0,N/A
2025-10-13 08:29:37,0,8877.76,50,91,2846,2846.72,100,ok,0,0,0,0.00,0,0,0,0,0,N/A
2025-10-13 08:29:40,0,8877.76,50,91,2846,2846.72,100,ok,0,0,0,0.00,0,0,0,0,0,N/A
2025-10-13 08:29:44,0,8877.76,53,91,2846,2846.72,100,ok,0,0,0,0.00,0,0,0,0,0,N/A
2025-10-13 08:29:48,0,8877.76,53,91,2846,2846.72,100,ok,0,0,0,0.00,0,0,0,0,0,N/A
2025-10-13 08:29:52,0,8877.76,57,91,2846,2846.72,100,ok,0,0,0,0.00,0,0,0,0,0,N/A
2025-10-13 08:29:58,0,8877.76,57,91,2846,2846.72,100,ok,0,0,0,0.00,0,0,0,0,0,N/A
2025-10-13 08:30:02,0,8877.76,57,91,2846,2846.72,100,ok,0,0,0,0.00,0,0,0,0,0,N/A
2025-10-13 08:30:07,0,8877.76,60,91,2846,2846.72,100,ok,0,0,0,0.00,0,0,0,0,0,N/A
2025-10-13 08:30:10,0,8877.76,60,91,2846,2846.72,100,ok,0,0,0,0.00,0,0,0,0,0,N/A
2025-10-13 08:30:14,0,8877.76,66,91,2846,2846.72,100,ok,0,0,0,0.00,0,0,0,0,0,N/A
2025-10-13 08:30:18,0,8877.76,66,91,2846,2846.72,100,ok,0,0,0,0.00,0,0,0,0,0,N/A
2025-10-13 08:30:22,0,8877.76,66,91,2846,2846.72,100,ok,0,0,0,0.00,0,0,0,0,0,N/A
2025-10-13 08:30:27,0,8877.76,69,91,2846,2846.72,100,ok,0,0,0,0.00,0,0,0,0,0,N/A
2025-10-13 08:30:31,0,8877.76,69,91,2846,2846.72,100,ok,0,0,0,0.00,0,0,0,0,0,N/A
2025-10-13 08:30:34,0,8877.76,69,91,2846,2846.72,100,ok,0,0,0,0.00,0,0,0,0,0,N/A
2025-10-13 08:30:38,0,8877.76,43,91,2846,2846.72,100,ok,0,0,0,0.00,0,0,0,0,0,N/A
2025-10-13 08:30:43,0,8877.76,43,91,2846,2846.72,100,ok,0,0,0,0.00,0,0,0,0,0,N/A
2025-10-13 08:30:48,0,8877.76,47,91,2846,2846.72,100,ok,0,0,0,0.00,0,0,0,0,0,N/A
2025-10-13 08:30:52,0,8877.76,47,91,2846,2846.72,100,ok,0,0,0,0.00,0,0,0,0,0,N/A
2025-10-13 08:30:58,0,8877.76,50,91,2846,2846.72,100,ok,0,0,0,0.00,0,0,0,0,0,N/A
2025-10-13 08:31:02,0,8877.76,50,91,2846,2846.72,100,ok,0,0,0,0.00,0,0,0,0,0,N/A
2025-10-13 08:31:08,0,8877.76,53,91,2846,2846.72,100,ok,0,0,0,0.00,0,0,0,0,0,N/A
2025-10-13 08:31:11,0,8877.76,53,91,2846,2846.72,100,ok,0,0,0,0.00,0,0,0,0,0,N/A
2025-10-13 08:31:17,0,8877.76,57,91,2846,2846.72,100,ok,0,0,0,0.00,0,0,0,0,0,N/A
2025-10-13 08:31:21,0,8877.76,57,91,2846,2846.72,100,ok,0,0,0,0.00,0,0,0,0,0,N/A
2025-10-13 08:31:25,0,8877.76,57,91,2846,2846.72,100,ok,0,0,0,0.00,0,0,0,0,0,N/A
2025-10-13 08:31:41,0,8877.76,63,91,2846,2846.72,100,ok,0,0,0,0.00,0,0,0,0,0,N/A
2025-10-13 08:31:45,0,8877.76,63,91,2846,2846.72,100,ok,0,0,0,0.00,0,0,0,0,0,N/A
2025-10-13 08:31:48,0,8877.76,67,91,2846,2846.72,100,ok,0,0,0,0.00,0,0,0,0,0,N/A
2025-10-13 08:31:53,0,8877.76,67,91,2846,2846.72,100,ok,0,0,0,0.00,0,0,0,0,0,N/A
2025-10-13 08:31:57,0,8877.76,67,91,2846,2846.72,100,ok,0,0,0,0.00,0,0,0,0,0,N/A
2025-10-13 08:32:01,0,8877.76,43,91,2846,2846.72,100,ok,0,0,0,0.00,0,0,0,0,0,N/A
2025-10-13 08:32:06,0,8877.76,43,91,2846,2846.72,100,ok,0,0,0,0.00,0,0,0,0,0,N/A
2025-10-13 08:32:10,0,8877.76,47,91,2846,2846.72,100,ok,0,0,0,0.00,0,0,0,0,0,N/A
2025-10-13 08:32:14,0,8877.76,47,91,2846,2846.72,100,ok,0,0,0,0.00,0,0,0,0,0,N/A
2025-10-13 08:32:18,0,8877.76,47,91,2846,2846.72,100,ok,0,0,0,0.00,0,0,0,0,0,N/A
2025-10-13 08:32:22,0,8877.76,47,91,2846,2846.72,100,ok,0,0,0,0.00,0,0,0,0,0,N/A
2025-10-13 08:32:27,0,8877.76,50,91,2846,2846.72,100,ok,0,0,0,0.00,0,0,0,0,0,N/A
2025-10-13 08:32:31,0,8877.76,50,91,2846,2846.72,100,ok,0,0,0,0.00,0,0,0,0,0,N/A
2025-10-13 08:32:35,0,8877.76,53,91,2846,2846.72,100,ok,0,0,0,0.00,0,0,0,0,0,N/A
2025-10-13 08:32:39,0,8877.76,53,91,2846,2846.72,100,ok,0,0,0,0.00,0,0,0,0,0,N/A
2025-10-13 08:32:42,0,8877.76,57,91,2846,2846.72,100,ok,0,0,0,0.00,0,0,0,0,0,N/A
2025-10-13 08:32:47,0,8877.76,57,91,2846,2846.72,100,ok,0,0,0,0.00,0,0,0,0,0,N/A
2025-10-13 08:32:52,0,8877.76,57,91,2846,2846.72,100,ok,0,0,0,0.00,0,0,0,0,0,N/A
2025-10-13 08:32:57,0,8877.76,60,91,2846,2846.72,100,ok,0,0,0,0.00,0,0,0,0,0,N/A
2025-10-13 08:33:01,0,8877.76,60,91,2846,2846.72,100,ok,0,0,0,0.00,0,0,0,0,0,N/A
2025-10-13 08:33:05,0,8877.76,63,91,2846,2846.72,100,ok,0,0,0,0.00,0,0,0,0,0,N/A
2025-10-13 08:33:09,0,8877.76,63,91,2846,2846.72,100,ok,0,0,0,0.00,0,0,0,0,0,N/A
2025-10-13 08:33:13,0,8877.76,63,91,2846,2846.72,100,ok,0,0,0,0.00,0,0,0,0,0,N/A
2025-10-13 08:33:18,0,8877.76,67,91,2846,2846.72,100,ok,0,0,0,0.00,0,0,0,0,0,N/A
2025-10-13 08:33:22,0,8877.76,67,91,2846,2846.72,100,ok,0,0,0,0.00,0,0,0,0,0,N/A
2025-10-13 08:33:27,0,8877.76,43,91,2846,2846.72,100,ok,0,0,0,0.00,0,0,0,0,0,N/A
2025-10-13 08:33:30,0,8877.76,43,91,2846,2846.72,100,ok,0,0,0,0.00,0,0,0,0,0,N/A
2025-10-13 08:33:34,0,8877.76,49,91,2846,2846.72,100,ok,0,0,0,0.00,0,0,0,0,0,N/A
2025-10-13 08:33:38,0,8877.76,49,91,2846,2846.72,100,ok,0,0,0,0.00,0,0,0,0,0,N/A
2025-10-13 08:33:43,0,8877.76,49,91,2846,2846.72,100,ok,0,0,0,0.00,0,0,0,0,0,N/A
2025-10-13 08:33:48,0,8877.76,52,91,2846,2846.72,100,ok,0,0,0,0.00,0,0,0,0,0,N/A
2025-10-13 08:33:53,0,8877.76,52,91,2846,2846.72,100,ok,0,0,0,0.00,0,0,0,0,0,N/A
2025-10-13 08:33:58,0,8877.76,55,91,2846,2846.72,100,ok,0,0,0,0.00,0,0,0,0,0,N/A
2025-10-13 08:34:02,0,8877.76,55,91,2846,2846.72,100,ok,0,0,0,0.00,0,0,0,0,0,N/A
2025-10-13 08:34:07,0,8877.76,59,91,2846,2846.72,100,ok,0,0,0,0.00,0,0,0,0,0,N/A
2025-10-13 08:34:12,0,8877.76,59,91,2846,2846.72,100,ok,0,0,0,0.00,0,0,0,0,0,N/A
2025-10-13 08:34:19,0,8877.76,62,91,2846,2846.72,100,ok,0,0,0,0.00,0,0,0,0,0,N/A
2025-10-13 08:34:23,0,8877.76,62,91,2846,2846.72,100,ok,0,0,0,0.00,0,0,0,0,0,N/A
2025-10-13 08:34:28,0,8877.76,66,91,2846,2846.72,100,ok,0,0,0,0.00,0,0,0,0,0,N/A
2025-10-13 08:34:31,0,8877.76,66,91,2846,2846.72,100,ok,0,0,0,0.00,0,0,0,0,0,N/A
2025-10-13 08:34:34,0,8877.76,66,91,2846,2846.72,100,ok,0,0,0,0.00,0,0,0,0,0,N/A
2025-10-13 08:34:38,0,8877.76,69,91,2846,2846.72,100,ok,0,0,0,0.00,0,0,0,0,0,N/A
2025-10-13 08:34:42,0,8877.76,69,91,2846,2846.72,100,ok,0,0,0,0.00,0,0,0,0,0,N/A
2025-10-13 08:34:47,0,8877.76,43,91,2846,2846.72,100,ok,0,0,0,0.00,0,0,0,0,0,N/A
2025-10-13 08:34:50,0,8877.76,43,91,2846,2846.72,100,ok,0,0,0,0.00,0,0,0,0,0,N/A
2025-10-13 08:34:54,0,8877.76,43,91,2846,2846.72,100,ok,0,0,0,0.00,0,0,0,0,0,N/A
2025-10-13 08:34:58,0,8877.76,47,91,2846,2846.72,100,ok,0,0,0,0.00,0,0,0,0,0,N/A
2025-10-13 08:35:02,0,8877.76,47,91,2846,2846.72,100,ok,0,0,0,0.00,0,0,0,0,0,N/A
2025-10-13 08:35:07,0,8877.76,47,91,2846,2846.72,100,ok,0,0,0,0.00,0,0,0,0,0,N/A
2025-10-13 08:35:10,0,8877.76,50,91,2846,2846.72,100,ok,0,0,0,0.00,0,0,0,0,0,N/A
2025-10-13 08:35:14,0,8877.76,50,91,2846,2846.72,100,ok,0,0,0,0.00,0,0,0,0,0,N/A
2025-10-13 08:35:18,0,8877.76,50,91,2846,2846.72,100,ok,0,0,0,0.00,0,0,0,0,0,N/A
2025-10-13 08:35:21,0,8877.76,53,91,2846,2846.72,100,ok,0,0,0,0.00,0,0,0,0,0,N/A
2025-10-13 08:35:25,0,8877.76,53,91,2846,2846.72,100,ok,0,0,0,0.00,0,0,0,0,0,N/A
2025-10-13 08:35:28,0,8877.76,53,91,2846,2846.72,100,ok,0,0,0,0.00,0,0,0,0,0,N/A
2025-10-13 08:35:32,0,8877.76,57,91,2846,2846.72,100,ok,0,0,0,0.00,0,0,0,0,0,N/A
2025-10-13 08:35:37,0,8877.76,57,91,2846,2846.72,100,ok,0,0,0,0.00,0,0,0,0,0,N/A
2025-10-13 08:35:41,0,8877.76,60,91,2846,2846.72,100,ok,0,0,0,0.00,0,0,0,0,0,N/A
2025-10-13 08:35:45,0,8877.76,60,91,2846,2846.72,100,ok,0,0,0,0.00,0,0,0,0,0,N/A
2025-10-13 08:35:48,0,8877.76,60,91,2846,2846.72,100,ok,0,0,0,0.00,0,0,0,0,0,N/A
2025-10-13 08:35:52,0,8877.76,64,91,2846,2846.72,100,ok,0,0,0,0.00,0,0,0,0,0,N/A
2025-10-13 08:35:57,0,8877.76,64,91,2846,2846.72,100,ok,0,0,0,0.00,0,0,0,0,0,N/A
2025-10-13 08:36:01,0,8877.76,67,91,2846,2846.72,100,ok,0,0,0,0.00,0,0,0,0,0,N/A
2025-10-13 08:36:04,0,8877.76,67,91,2846,2846.72,100,ok,0,0,0,0.00,0,0,0,0,0,N/A
2025-10-13 08:36:08,0,8877.76,67,91,2846,2846.72,100,ok,0,0,0,0.00,0,0,0,0,0,N/A
2025-10-13 08:36:11,0,8877.76,43,91,2846,2846.72,100,ok,0,0,0,0.00,0,0,0,0,0,N/A
2025-10-13 08:36:15,0,8877.76,43,91,2846,2846.72,100,ok,0,0,0,0.00,0,0,0,0,0,N/A
2025-10-13 08:36:18,0,8877.76,43,91,2846,2846.72,100,ok,0,0,0,0.00,0,0,0,0,0,N/A
2025-10-13 08:36:21,0,8877.76,47,91,2846,2846.72,100,ok,0,0,0,0.00,0,0,0,0,0,N/A
2025-10-13 08:36:34,0,8877.76,52,91,2846,2846.72,100,ok,0,0,0,0.00,0,0,0,0,0,N/A
2025-10-13 08:36:40,0,8877.76,52,91,2846,2846.72,100,ok,0,0,0,0.00,0,0,0,0,0,N/A
2025-10-13 08:36:44,0,8877.76,52,91,2846,2846.72,100,ok,0,0,0,0.00,0,0,0,0,0,N/A
2025-10-13 08:36:48,0,8877.76,56,91,2846,2846.72,100,ok,0,0,0,0.00,0,0,0,0,0,N/A
2025-10-13 08:36:51,0,8877.76,56,91,2846,2846.72,100,ok,0,0,0,0.00,0,0,0,0,0,N/A
2025-10-13 08:36:55,0,8877.76,59,91,2846,2846.72,100,ok,0,0,0,0.00,0,0,0,0,0,N/A
2025-10-13 08:36:58,0,8877.76,59,91,2846,2846.72,100,ok,0,0,0,0.00,0,0,0,0,0,N/A
2025-10-13 08:37:02,0,8877.76,59,91,2846,2846.72,100,ok,0,0,0,0.00,0,0,0,0,0,N/A
2025-10-13 08:37:07,0,8877.76,62,91,2846,2846.72,100,ok,0,0,0,0.00,0,0,0,0,0,N/A
2025-10-13 08:37:11,0,8877.76,62,91,2846,2846.72,100,ok,0,0,0,0.00,0,0,0,0,0,N/A
2025-10-13 08:37:14,0,8877.76,62,91,2846,2846.72,100,ok,0,0,0,0.00,0,0,0,0,0,N/A
2025-10-13 08:37:18,0,8877.76,66,91,2846,2846.72,100,ok,0,0,0,0.00,0,0,0,0,0,N/A
2025-10-13 08:37:22,0,8877.76,66,91,2846,2846.72,100,ok,0,0,0,0.00,0,0,0,0,0,N/A
2025-10-13 08:37:27,0,8877.76,69,91,2846,2846.72,100,ok,0,0,0,0.00,0,0,0,0,0,N/A
2025-10-13 08:37:31,0,8877.76,69,91,2846,2846.72,100,ok,0,0,0,0.00,0,0,0,0,0,N/A
2025-10-13 08:37:35,0,8877.76,69,91,2846,2846.72,100,ok,0,0,0,0.00,0,0,0,0,0,N/A
2025-10-13 08:37:38,0,8877.76,43,91,2846,2846.72,100,ok,0,0,0,0.00,0,0,0,0,0,N/A
2025-10-13 08:37:42,0,8877.76,43,91,2846,2846.72,100,ok,0,0,0,0.00,0,0,0,0,0,N/A
2025-10-13 08:37:47,0,8877.76,43,91,2846,2846.72,100,ok,0,0,0,0.00,0,0,0,0,0,N/A
2025-10-13 08:37:51,0,8877.76,47,91,2846,2846.72,100,ok,0,0,0,0.00,0,0,0,0,0,N/A
2025-10-13 08:37:55,0,8877.76,47,91,2846,2846.72,100,ok,0,0,0,0.00,0,0,0,0,0,N/A
2025-10-13 08:37:58,0,8877.76,47,91,2846,2846.72,100,ok,0,0,0,0.00,0,0,0,0,0,N/A
2025-10-13 08:38:01,0,8877.76,50,91,2846,2846.72,100,ok,0,0,0,0.00,0,0,0,0,0,N/A
2025-10-13 08:38:04,0,8877.76,50,91,2846,2846.72,100,ok,0,0,0,0.00,0,0,0,0,0,N/A
2025-10-13 08:38:08,0,8877.76,50,91,2846,2846.72,100,ok,0,0,0,0.00,0,0,0,0,0,N/A
2025-10-13 08:38:11,0,8877.76,54,91,2846,2846.72,100,ok,0,0,0,0.00,0,0,0,0,0,N/A
2025-10-13 08:38:17,0,8877.76,54,91,2846,2846.72,100,ok,0,0,0,0.00,0,0,0,0,0,N/A
2025-10-13 08:38:21,0,8877.76,57,91,2846,2846.72,100,ok,0,0,0,0.00,0,0,0,0,0,N/A
2025-10-13 08:38:24,0,8877.76,57,91,2846,2846.72,100,ok,0,0,0,0.00,0,0,0,0,0,N/A
2025-10-13 08:38:28,0,8877.76,57,91,2846,2846.72,100,ok,0,0,0,0.00,0,0,0,0,0,N/A
2025-10-13 08:38:31,0,8877.76,60,91,2846,2846.72,100,ok,0,0,0,0.00,0,0,0,0,0,N/A
2025-10-13 08:38:37,0,8877.76,60,91,2846,2846.72,100,ok,0,0,0,0.00,0,0,0,0,0,N/A
2025-10-13 08:38:40,0,8877.76,64,91,2846,2846.72,100,ok,0,0,0,0.00,0,0,0,0,0,N/A
2025-10-13 08:38:44,0,8877.76,64,91,2846,2846.72,100,ok,0,0,0,0.00,0,0,0,0,0,N/A
2025-10-13 08:38:48,0,8877.76,64,91,2846,2846.72,100,ok,0,0,0,0.00,0,0,0,0,0,N/A
2025-10-13 08:38:52,0,8877.76,67,91,2846,2846.72,100,ok,0,0,0,0.00,0,0,0,0,0,N/A
2025-10-13 08:38:58,0,8877.76,67,91,2846,2846.72,100,ok,0,0,0,0.00,0,0,0,0,0,N/A
2025-10-13 08:39:02,0,8877.76,67,91,2846,2846.72,100,ok,0,0,0,0.00,0,0,0,0,0,N/A
2025-10-13 08:39:08,0,8877.76,43,91,2846,2846.72,100,ok,0,0,0,0.00,0,0,0,0,0,N/A
2025-10-13 08:39:11,0,8877.76,43,91,2846,2846.72,100,ok,0,0,0,0.00,0,0,0,0,0,N/A
2025-10-13 08:39:17,0,8877.76,47,91,2846,2846.72,100,ok,0,0,0,0.00,0,0,0,0,0,N/A
2025-10-13 08:39:20,0,8877.76,47,91,2846,2846.72,100,ok,0,0,0,0.00,0,0,0,0,0,N/A
2025-10-13 08:39:26,0,8877.76,50,91,2846,2846.72,100,ok,0,0,0,0.00,0,0,0,0,0,N/A
2025-10-13 08:39:30,0,8877.76,50,91,2846,2846.72,100,ok,0,0,0,0.00,0,0,0,0,0,N/A
2025-10-13 08:39:34,0,8877.76,55,91,2846,2846.72,100,ok,0,0,0,0.00,0,0,0,0,0,N/A
2025-10-13 08:39:38,0,8877.76,55,91,2846,2846.72,100,ok,0,0,0,0.00,0,0,0,0,0,N/A
2025-10-13 08:39:42,0,8877.76,55,91,2846,2846.72,100,ok,0,0,0,0.00,0,0,0,0,0,N/A
2025-10-13 08:39:47,0,8877.76,59,91,2846,2846.72,100,ok,0,0,0,0.00,0,0,0,0,0,N/A
2025-10-13 08:39:51,0,8877.76,59,91,2846,2846.72,100,ok,0,0,0,0.00,0,0,0,0,0,N/A
2025-10-13 08:39:55,0,8877.76,63,91,2846,2846.72,100,ok,0,0,0,0.00,0,0,0,0,0,N/A
2025-10-13 08:39:59,0,8877.76,63,91,2846,2846.72,100,ok,0,0,0,0.00,0,0,0,0,0,N/A
2025-10-13 08:40:02,0,8877.76,63,91,2846,2846.72,100,ok,0,0,0,0.00,0,0,0,0,0,N/A
2025-10-13 08:40:07,0,8877.76,66,91,2846,2846.72,100,ok,0,0,0,0.00,0,0,0,0,0,N/A
2025-10-13 08:40:10,0,8877.76,66,91,2846,2846.72,100,ok,0,0,0,0.00,0,0,0,0,0,N/A
2025-10-13 08:40:14,0,8877.76,66,91,2846,2846.72,100,ok,0,0,0,0.00,0,0,0,0,0,N/A
2025-10-13 08:40:18,0,8877.76,69,91,2846,2846.72,100,ok,0,0,0,0.00,0,0,0,0,0,N/A
2025-10-13 08:40:22,0,8877.76,69,91,2846,2846.72,100,ok,0,0,0,0.00,0,0,0,0,0,N/A
2025-10-13 08:40:27,0,8877.76,69,91,2846,2846.72,100,ok,0,0,0,0.00,0,0,0,0,0,N/A
2025-10-13 08:40:31,0,8877.76,43,91,2846,2846.72,100,ok,0,0,0,0.00,0,0,0,0,0,N/A
2025-10-13 08:40:34,0,8877.76,43,91,2846,2846.72,100,ok,0,0,0,0.00,0,0,0,0,0,N/A
2025-10-13 08:40:38,0,8877.76,43,91,2846,2846.72,100,ok,0,0,0,0.00,0,0,0,0,0,N/A
2025-10-13 08:40:42,0,8877.76,47,91,2846,2846.72,100,ok,0,0,0,0.00,0,0,0,0,0,N/A
2025-10-13 08:40:47,0,8877.76,47,91,2846,2846.72,100,ok,0,0,0,0.00,0,0,0,0,0,N/A
2025-10-13 08:40:51,0,8877.76,50,91,2846,2846.72,100,ok,0,0,0,0.00,0,0,0,0,0,N/A
2025-10-13 08:40:54,0,8877.76,50,91,2846,2846.72,100,ok,0,0,0,0.00,0,0,0,0,0,N/A
2025-10-13 08:40:58,0,8877.76,50,91,2846,2846.72,100,ok,0,0,0,0.00,0,0,0,0,0,N/A
2025-10-13 08:41:01,0,8877.76,54,91,2846,2846.72,100,ok,0,0,0,0.00,0,0,0,0,0,N/A
2025-10-13 08:41:05,0,8877.76,54,91,2846,2846.72,100,ok,0,0,0,0.00,0,0,0,0,0,N/A
2025-10-13 08:41:09,0,8877.76,57,91,2846,2846.72,100,ok,0,0,0,0.00,0,0,0,0,0,N/A
2025-10-13 08:41:13,0,8877.76,57,91,2846,2846.72,100,ok,0,0,0,0.00,0,0,0,0,0,N/A
2025-10-13 08:41:18,0,8877.76,57,91,2846,2846.72,100,ok,0,0,0,0.00,0,0,0,0,0,N/A
2025-10-13 08:41:22,0,8877.76,60,91,2846,2846.72,100,ok,0,0,0,0.00,0,0,0,0,0,N/A
2025-10-13 08:41:39,0,8877.76,64,91,2846,2846.72,100,ok,0,0,0,0.00,0,0,0,0,0,N/A
2025-10-13 08:41:43,0,8877.76,67,91,2846,2846.72,100,ok,0,0,0,0.00,0,0,0,0,0,N/A
2025-10-13 08:41:48,0,8877.76,67,91,2846,2846.72,100,ok,0,0,0,0.00,0,0,0,0,0,N/A
2025-10-13 08:41:52,0,8877.76,43,92,2846,2846.72,100,ok,0,0,0,0.00,0,0,0,0,0,N/A
2025-10-13 08:41:57,0,8877.76,43,92,2846,2846.72,100,ok,0,0,0,0.00,0,0,0,0,0,N/A
2025-10-13 08:42:02,0,8877.76,47,92,2846,2846.72,100,ok,0,0,0,0.00,0,0,0,0,0,N/A
2025-10-13 08:42:07,0,8877.76,47,92,2846,2846.72,100,ok,0,0,0,0.00,0,0,0,0,0,N/A
2025-10-13 08:42:11,0,8877.76,47,92,2846,2846.72,100,ok,0,0,0,0.00,0,0,0,0,0,N/A
2025-10-13 08:42:16,0,8877.76,50,92,2846,2846.72,100,ok,0,0,0,0.00,0,0,0,0,0,N/A
2025-10-13 08:42:19,0,8877.76,50,92,2846,2846.72,100,ok,0,0,0,0.00,0,0,0,0,0,N/A
2025-10-13 08:42:23,0,8877.76,55,92,2846,2846.72,100,ok,0,0,0,0.00,0,0,0,0,0,N/A
2025-10-13 08:42:28,0,8877.76,55,92,2846,2846.72,100,ok,0,0,0,0.00,0,0,0,0,0,N/A
2025-10-13 08:42:31,0,8877.76,55,92,2846,2846.72,100,ok,0,0,0,0.00,0,0,0,0,0,N/A
2025-10-13 08:42:35,0,8877.76,59,92,2846,2846.72,100,ok,0,0,0,0.00,0,0,0,0,0,N/A
2025-10-13 08:42:38,0,8877.76,59,92,2846,2846.72,100,ok,0,0,0,0.00,0,0,0,0,0,N/A
2025-10-13 08:42:42,0,8877.76,59,92,2846,2846.72,100,ok,0,0,0,0.00,0,0,0,0,0,N/A
2025-10-13 08:42:47,0,8877.76,63,92,2846,2846.72,100,ok,0,0,0,0.00,0,0,0,0,0,N/A
2025-10-13 08:42:51,0,8877.76,63,92,2846,2846.72,100,ok,0,0,0,0.00,0,0,0,0,0,N/A
2025-10-13 08:42:55,0,8877.76,66,92,2846,2846.72,100,ok,0,0,0,0.00,0,0,0,0,0,N/A
2025-10-13 08:42:58,0,8877.76,66,92,2846,2846.72,100,ok,0,0,0,0.00,0,0,0,0,0,N/A
2025-10-13 08:43:02,0,8877.76,66,92,2846,2846.72,100,ok,0,0,0,0.00,0,0,0,0,0,N/A
2025-10-13 08:43:08,0,8877.76,69,92,2846,2846.72,100,ok,0,0,0,0.00,0,0,0,0,0,N/A
2025-10-13 08:43:12,0,8877.76,69,92,2846,2846.72,100,ok,0,0,0,0.00,0,0,0,0,0,N/A
2025-10-13 08:43:17,0,8877.76,43,92,2846,2846.72,100,ok,0,0,0,0.00,0,0,0,0,0,N/A
2025-10-13 08:43:21,0,8877.76,43,92,2846,2846.72,100,ok,0,0,0,0.00,0,0,0,0,0,N/A
2025-10-13 08:43:24,0,8877.76,43,92,2846,2846.72,100,ok,0,0,0,0.00,0,0,0,0,0,N/A
2025-10-13 08:43:29,0,8877.76,47,92,2846,2846.72,100,ok,0,0,0,0.00,0,0,0,0,0,N/A
2025-10-13 08:43:32,0,8877.76,47,92,2846,2846.72,100,ok,0,0,0,0.00,0,0,0,0,0,N/A
2025-10-13 08:43:38,0,8877.76,47,92,2846,2846.72,100,ok,0,0,0,0.00,0,0,0,0,0,N/A
2025-10-13 08:43:41,0,8877.76,50,92,2846,2846.72,100,ok,0,0,0,0.00,0,0,0,0,0,N/A
2025-10-13 08:43:45,0,8877.76,50,92,2846,2846.72,100,ok,0,0,0,0.00,0,0,0,0,0,N/A
2025-10-13 08:43:49,0,8877.76,54,92,2846,2846.72,100,ok,0,0,0,0.00,0,0,0,0,0,N/A
2025-10-13 08:43:53,0,8877.76,54,92,2846,2846.72,100,ok,0,0,0,0.00,0,0,0,0,0,N/A
2025-10-13 08:43:58,0,8877.76,54,92,2846,2846.72,100,ok,0,0,0,0.00,0,0,0,0,0,N/A
2025-10-13 08:44:01,0,8877.76,57,92,2846,2846.72,100,ok,0,0,0,0.00,0,0,0,0,0,N/A
2025-10-13 08:44:07,0,8877.76,57,92,2846,2846.72,100,ok,0,0,0,0.00,0,0,0,0,0,N/A
2025-10-13 08:44:11,0,8877.76,61,92,2846,2846.72,100,ok,0,0,0,0.00,0,0,0,0,0,N/A
2025-10-13 08:44:14,0,8877.76,61,92,2846,2846.72,100,ok,0,0,0,0.00,0,0,0,0,0,N/A
2025-10-13 08:44:18,0,8877.76,61,92,2846,2846.72,100,ok,0,0,0,0.00,0,0,0,0,0,N/A
2025-10-13 08:44:21,0,8877.76,64,92,2846,2846.72,100,ok,0,0,0,0.00,0,0,0,0,0,N/A
2025-10-13 08:44:25,0,8877.76,64,92,2846,2846.72,100,ok,0,0,0,0.00,0,0,0,0,0,N/A
2025-10-13 08:44:28,0,8877.76,64,92,2846,2846.72,100,ok,0,0,0,0.00,0,0,0,0,0,N/A
2025-10-13 08:44:32,0,8877.76,64,92,2846,2846.72,100,ok,0,0,0,0.00,0,0,0,0,0,N/A
2025-10-13 08:44:37,0,8877.76,67,92,2846,2846.72,100,ok,0,0,0,0.00,0,0,0,0,0,N/A
2025-10-13 08:44:41,0,8877.76,67,92,2846,2846.72,100,ok,0,0,0,0.00,0,0,0,0,0,N/A
2025-10-13 08:44:46,0,8877.76,43,92,2846,2846.72,100,ok,0,0,0,0.00,0,0,0,0,0,N/A
2025-10-13 08:44:50,0,8877.76,43,92,2846,2846.72,100,ok,0,0,0,0.00,0,0,0,0,0,N/A
2025-10-13 08:44:54,0,8877.76,48,92,2846,2846.72,100,ok,0,0,0,0.00,0,0,0,0,0,N/A
2025-10-13 08:44:59,0,8877.76,48,92,2846,2846.72,100,ok,0,0,0,0.00,0,0,0,0,0,N/A
2025-10-13 08:45:03,0,8877.76,48,92,2846,2846.72,100,ok,0,0,0,0.00,0,0,0,0,0,N/A
2025-10-13 08:45:08,0,8877.76,52,92,2846,2846.72,100,ok,0,0,0,0.00,0,0,0,0,0,N/A
2025-10-13 08:45:12,0,8877.76,52,92,2846,2846.72,100,ok,0,0,0,0.00,0,0,0,0,0,N/A
2025-10-13 08:45:17,0,8877.76,55,92,2846,2846.72,100,ok,0,0,0,0.00,0,0,0,0,0,N/A
2025-10-13 08:45:21,0,8877.76,55,92,2846,2846.72,100,ok,0,0,0,0.00,0,0,0,0,0,N/A
2025-10-13 08:45:27,0,8877.76,59,92,2846,2846.72,100,ok,0,0,0,0.00,0,0,0,0,0,N/A
2025-10-13 08:45:31,0,8877.76,59,92,2846,2846.72,100,ok,0,0,0,0.00,0,0,0,0,0,N/A
2025-10-13 08:45:36,0,8877.76,63,92,2846,2846.72,100,ok,0,0,0,0.00,0,0,0,0,0,N/A
2025-10-13 08:45:40,0,8877.76,63,92,2846,2846.72,100,ok,0,0,0,0.00,0,0,0,0,0,N/A
2025-10-13 08:45:44,0,8877.76,63,92,2846,2846.72,100,ok,0,0,0,0.00,0,0,0,0,0,N/A
2025-10-13 08:45:48,0,8877.76,66,92,2846,2846.72,100,ok,0,0,0,0.00,0,0,0,0,0,N/A
2025-10-13 08:45:52,0,8877.76,66,92,2846,2846.72,100,ok,0,0,0,0.00,0,0,0,0,0,N/A
2025-10-13 08:45:57,0,8877.76,66,92,2846,2846.72,100,ok,0,0,0,0.00,0,0,0,0,0,N/A
2025-10-13 08:46:02,0,8877.76,70,92,2846,2846.72,100,ok,0,0,0,0.00,0,0,0,0,0,N/A
2025-10-13 08:46:07,0,8877.76,70,92,2846,2846.72,100,ok,0,0,0,0.00,0,0,0,0,0,N/A
2025-10-13 08:46:11,0,8877.76,43,92,2846,2846.72,100,ok,0,0,0,0.00,0,0,0,0,0,N/A
2025-10-13 08:46:14,0,8877.76,43,92,2846,2846.72,100,ok,0,0,0,0.00,0,0,0,0,0,N/A
2025-10-13 08:46:18,0,8877.76,43,92,2846,2846.72,100,ok,0,0,0,0.00,0,0,0,0,0,N/A
2025-10-13 08:46:21,0,8877.76,47,92,2846,2846.72,100,ok,0,0,0,0.00,0,0,0,0,0,N/A
2025-10-13 08:46:36,0,8877.76,50,92,2846,2846.72,100,ok,0,0,0,0.00,0,0,0,0,0,N/A
2025-10-13 08:46:40,0,8877.76,50,92,2846,2846.72,100,ok,0,0,0,0.00,0,0,0,0,0,N/A
2025-10-13 08:46:44,0,8877.76,54,92,2846,2846.72,100,ok,0,0,0,0.00,0,0,0,0,0,N/A
2025-10-13 08:46:48,0,8877.76,54,92,2846,2846.72,100,ok,0,0,0,0.00,0,0,0,0,0,N/A
2025-10-13 08:46:52,0,8877.76,57,92,2846,2846.72,100,ok,0,0,0,0.00,0,0,0,0,0,N/A
2025-10-13 08:46:57,0,8877.76,57,92,2846,2846.72,100,ok,0,0,0,0.00,0,0,0,0,0,N/A
2025-10-13 08:47:01,0,8877.76,57,92,2846,2846.72,100,ok,0,0,0,0.00,0,0,0,0,0,N/A
2025-10-13 08:47:07,0,8877.76,60,92,2846,2846.72,100,ok,0,0,0,0.00,0,0,0,0,0,N/A
2025-10-13 08:47:10,0,8877.76,60,92,2846,2846.72,100,ok,0,0,0,0.00,0,0,0,0,0,N/A
2025-10-13 08:47:14,0,8877.76,64,92,2846,2846.72,100,ok,0,0,0,0.00,0,0,0,0,0,N/A
2025-10-13 08:47:18,0,8877.76,64,92,2846,2846.72,100,ok,0,0,0,0.00,0,0,0,0,0,N/A
2025-10-13 08:47:22,0,8877.76,64,92,2846,2846.72,100,ok,0,0,0,0.00,0,0,0,0,0,N/A
2025-10-13 08:47:25,0,8877.76,67,92,2846,2846.72,100,ok,0,0,0,0.00,0,0,0,0,0,N/A
2025-10-13 08:47:28,0,8877.76,67,92,2846,2846.72,100,ok,0,0,0,0.00,0,0,0,0,0,N/A
2025-10-13 08:47:32,0,8877.76,43,92,2846,2846.72,100,ok,0,0,0,0.00,0,0,0,0,0,N/A
2025-10-13 08:47:37,0,8877.76,43,92,2846,2846.72,100,ok,0,0,0,0.00,0,0,0,0,0,N/A
2025-10-13 08:47:41,0,8877.76,43,92,2846,2846.72,100,ok,0,0,0,0.00,0,0,0,0,0,N/A
2025-10-13 08:47:45,0,8877.76,47,92,2846,2846.72,100,ok,0,0,0,0.00,0,0,0,0,0,N/A
2025-10-13 08:47:48,0,8877.76,47,92,2846,2846.72,100,ok,0,0,0,0.00,0,0,0,0,0,N/A
2025-10-13 08:47:52,0,8877.76,47,92,2846,2846.72,100,ok,0,0,0,0.00,0,0,0,0,0,N/A
2025-10-13 08:47:57,0,8877.76,50,92,2846,2846.72,100,ok,0,0,0,0.00,0,0,0,0,0,N/A
2025-10-13 08:48:01,0,8877.76,50,92,2846,2846.72,100,ok,0,0,0,0.00,0,0,0,0,0,N/A
2025-10-13 08:48:04,0,8877.76,56,92,2846,2846.72,100,ok,0,0,0,0.00,0,0,0,0,0,N/A
2025-10-13 08:48:08,0,8877.76,56,92,2846,2846.72,100,ok,0,0,0,0.00,0,0,0,0,0,N/A
2025-10-13 08:48:11,0,8877.76,56,92,2846,2846.72,100,ok,0,0,0,0.00,0,0,0,0,0,N/A
2025-10-13 08:48:15,0,8877.76,56,92,2846,2846.72,100,ok,0,0,0,0.00,0,0,0,0,0,N/A
2025-10-13 08:48:18,0,8877.76,59,92,2846,2846.72,100,ok,0,0,0,0.00,0,0,0,0,0,N/A
2025-10-13 08:48:21,0,8877.76,59,92,2846,2846.72,100,ok,0,0,0,0.00,0,0,0,0,0,N/A
2025-10-13 08:48:25,0,8877.76,59,92,2846,2846.72,100,ok,0,0,0,0.00,0,0,0,0,0,N/A
2025-10-13 08:48:28,0,8877.76,62,92,2846,2846.72,100,ok,0,0,0,0.00,0,0,0,0,0,N/A
2025-10-13 08:48:32,0,8877.76,62,92,2846,2846.72,100,ok,0,0,0,0.00,0,0,0,0,0,N/A
2025-10-13 08:48:37,0,8877.76,66,92,2846,2846.72,100,ok,0,0,0,0.00,0,0,0,0,0,N/A
2025-10-13 08:48:40,0,8877.76,66,92,2846,2846.72,100,ok,0,0,0,0.00,0,0,0,0,0,N/A
2025-10-13 08:48:44,0,8877.76,66,92,2846,2846.72,100,ok,0,0,0,0.00,0,0,0,0,0,N/A
2025-10-13 08:48:48,0,8877.76,69,92,2846,2846.72,100,ok,0,0,0,0.00,0,0,0,0,0,N/A
2025-10-13 08:48:51,0,8877.76,69,92,2846,2846.72,100,ok,0,0,0,0.00,0,0,0,0,0,N/A
2025-10-13 08:48:54,0,8877.76,69,92,2846,2846.72,100,ok,0,0,0,0.00,0,0,0,0,0,N/A
2025-10-13 08:48:58,0,8877.76,43,92,2846,2846.72,100,ok,0,0,0,0.00,0,0,0,0,0,N/A
2025-10-13 08:49:01,0,8877.76,43,92,2846,2846.72,100,ok,0,0,0,0.00,0,0,0,0,0,N/A
2025-10-13 08:49:05,0,8877.76,43,92,2846,2846.72,100,ok,0,0,0,0.00,0,0,0,0,0,N/A
2025-10-13 08:49:08,0,8877.76,47,92,2846,2846.72,100,ok,0,0,0,0.00,0,0,0,0,0,N/A
2025-10-13 08:49:11,0,8877.76,47,92,2846,2846.72,100,ok,0,0,0,0.00,0,0,0,0,0,N/A
2025-10-13 08:49:15,0,8877.76,47,92,2846,2846.72,100,ok,0,0,0,0.00,0,0,0,0,0,N/A
2025-10-13 08:49:18,0,8877.76,50,92,2846,2846.72,100,ok,0,0,0,0.00,0,0,0,0,0,N/A
2025-10-13 08:49:21,0,8877.76,50,92,2846,2846.72,100,ok,0,0,0,0.00,0,0,0,0,0,N/A
2025-10-13 08:49:25,0,8877.76,50,92,2846,2846.72,100,ok,0,0,0,0.00,0,0,0,0,0,N/A
2025-10-13 08:49:28,0,8877.76,54,92,2846,2846.72,100,ok,0,0,0,0.00,0,0,0,0,0,N/A
2025-10-13 08:49:31,0,8877.76,54,92,2846,2846.72,100,ok,0,0,0,0.00,0,0,0,0,0,N/A
2025-10-13 08:49:35,0,8877.76,54,92,2846,2846.72,100,ok,0,0,0,0.00,0,0,0,0,0,N/A
2025-10-13 08:49:39,0,8877.76,57,92,2846,2846.72,100,ok,0,0,0,0.00,0,0,0,0,0,N/A
2025-10-13 08:49:42,0,8877.76,57,92,2846,2846.72,100,ok,0,0,0,0.00,0,0,0,0,0,N/A
2025-10-13 08:49:47,0,8877.76,60,92,2846,2846.72,100,ok,0,0,0,0.00,0,0,0,0,0,N/A
2025-10-13 08:49:51,0,8877.76,60,92,2846,2846.72,100,ok,0,0,0,0.00,0,0,0,0,0,N/A
2025-10-13 08:49:54,0,8877.76,60,92,2846,2846.72,100,ok,0,0,0,0.00,0,0,0,0,0,N/A
2025-10-13 08:49:59,0,8877.76,64,92,2846,2846.72,100,ok,0,0,0,0.00,0,0,0,0,0,N/A
2025-10-13 08:50:02,0,8877.76,64,92,2846,2846.72,100,ok,0,0,0,0.00,0,0,0,0,0,N/A
2025-10-13 08:50:07,0,8877.76,67,92,2846,2846.72,100,ok,0,0,0,0.00,0,0,0,0,0,N/A
2025-10-13 08:50:11,0,8877.76,67,92,2846,2846.72,100,ok,0,0,0,0.00,0,0,0,0,0,N/A
2025-10-13 08:50:14,0,8877.76,67,92,2846,2846.72,100,ok,0,0,0,0.00,0,0,0,0,0,N/A
2025-10-13 08:50:18,0,8877.76,43,92,2846,2846.72,100,ok,0,0,0,0.00,0,0,0,0,0,N/A
2025-10-13 08:50:22,0,8877.76,43,92,2846,2846.72,100,ok,0,0,0,0.00,0,0,0,0,0,N/A
2025-10-13 08:50:27,0,8877.76,47,92,2846,2846.72,100,ok,0,0,0,0.00,0,0,0,0,0,N/A
2025-10-13 08:50:31,0,8877.76,47,92,2846,2846.72,100,ok,0,0,0,0.00,0,0,0,0,0,N/A
2025-10-13 08:50:37,0,8877.76,47,92,2846,2846.72,100,ok,0,0,0,0.00,0,0,0,0,0,N/A
2025-10-13 08:50:40,0,8877.76,50,92,2846,2846.72,100,ok,0,0,0,0.00,0,0,0,0,0,N/A
2025-10-13 08:50:44,0,8877.76,50,92,2846,2846.72,100,ok,0,0,0,0.00,0,0,0,0,0,N/A
2025-10-13 08:50:48,0,8877.76,54,92,2846,2846.72,100,ok,0,0,0,0.00,0,0,0,0,0,N/A
2025-10-13 08:50:52,0,8877.76,54,92,2846,2846.72,100,ok,0,0,0,0.00,0,0,0,0,0,N/A
2025-10-13 08:50:55,0,8877.76,54,92,2846,2846.72,100,ok,0,0,0,0.00,0,0,0,0,0,N/A
2025-10-13 08:50:59,0,8877.76,57,92,2846,2846.72,100,ok,0,0,0,0.00,0,0,0,0,0,N/A
2025-10-13 08:51:03,0,8877.76,57,92,2846,2846.72,100,ok,0,0,0,0.00,0,0,0,0,0,N/A
2025-10-13 08:51:08,0,8877.76,57,92,2846,2846.72,100,ok,0,0,0,0.00,0,0,0,0,0,N/A
2025-10-13 08:51:11,0,8877.76,60,92,2846,2846.72,100,ok,0,0,0,0.00,0,0,0,0,0,N/A
2025-10-13 08:51:17,0,8877.76,60,92,2846,2846.72,100,ok,0,0,0,0.00,0,0,0,0,0,N/A
2025-10-13 08:51:20,0,8877.76,60,92,2846,2846.72,100,ok,0,0,0,0.00,0,0,0,0,0,N/A
2025-10-13 08:51:24,0,8877.76,64,92,2846,2846.72,100,ok,0,0,0,0.00,0,0,0,0,0,N/A
2025-10-13 08:51:38,0,8877.76,67,92,2846,2846.72,100,ok,0,0,0,0.00,0,0,0,0,0,N/A
2025-10-13 08:51:41,0,8877.76,67,92,2846,2846.72,100,ok,0,0,0,0.00,0,0,0,0,0,N/A
2025-10-13 08:51:45,0,8877.76,43,92,2846,2846.72,100,ok,0,0,0,0.00,0,0,0,0,0,N/A
2025-10-13 08:51:48,0,8877.76,43,92,2846,2846.72,100,ok,0,0,0,0.00,0,0,0,0,0,N/A
2025-10-13 08:51:52,0,8877.76,43,92,2846,2846.72,100,ok,0,0,0,0.00,0,0,0,0,0,N/A
2025-10-13 08:51:57,0,8877.76,47,92,2846,2846.72,100,ok,0,0,0,0.00,0,0,0,0,0,N/A
2025-10-13 08:52:00,0,8877.76,47,92,2846,2846.72,100,ok,0,0,0,0.00,0,0,0,0,0,N/A
2025-10-13 08:52:04,0,8877.76,52,92,2846,2846.72,100,ok,0,0,0,0.00,0,0,0,0,0,N/A
2025-10-13 08:52:08,0,8877.76,52,92,2846,2846.72,100,ok,0,0,0,0.00,0,0,0,0,0,N/A
2025-10-13 08:52:11,0,8877.76,52,92,2846,2846.72,100,ok,0,0,0,0.00,0,0,0,0,0,N/A
2025-10-13 08:52:15,0,8877.76,56,92,2846,2846.72,100,ok,0,0,0,0.00,0,0,0,0,0,N/A
2025-10-13 08:52:18,0,8877.76,56,92,2846,2846.72,100,ok,0,0,0,0.00,0,0,0,0,0,N/A
2025-10-13 08:52:21,0,8877.76,56,92,2846,2846.72,100,ok,0,0,0,0.00,0,0,0,0,0,N/A
2025-10-13 08:52:24,0,8877.76,56,92,2846,2846.72,100,ok,0,0,0,0.00,0,0,0,0,0,N/A
2025-10-13 08:52:28,0,8877.76,59,92,2846,2846.72,100,ok,0,0,0,0.00,0,0,0,0,0,N/A
2025-10-13 08:52:31,0,8877.76,59,92,2846,2846.72,100,ok,0,0,0,0.00,0,0,0,0,0,N/A
2025-10-13 08:52:35,0,8877.76,63,92,2846,2846.72,100,ok,0,0,0,0.00,0,0,0,0,0,N/A
2025-10-13 08:52:38,0,8877.76,63,92,2846,2846.72,100,ok,0,0,0,0.00,0,0,0,0,0,N/A
2025-10-13 08:52:42,0,8877.76,63,92,2846,2846.72,100,ok,0,0,0,0.00,0,0,0,0,0,N/A
2025-10-13 08:52:46,0,8877.76,63,92,2846,2846.72,100,ok,0,0,0,0.00,0,0,0,0,0,N/A
2025-10-13 08:52:50,0,8877.76,66,92,2846,2846.72,100,ok,0,0,0,0.00,0,0,0,0,0,N/A
2025-10-13 08:52:54,0,8877.76,66,92,2846,2846.72,100,ok,0,0,0,0.00,0,0,0,0,0,N/A
2025-10-13 08:52:58,0,8877.76,66,92,2846,2846.72,100,ok,0,0,0,0.00,0,0,0,0,0,N/A
2025-10-13 08:53:01,0,8877.76,69,92,2846,2846.72,100,ok,0,0,0,0.00,0,0,0,0,0,N/A
2025-10-13 08:53:05,0,8877.76,69,92,2846,2846.72,100,ok,0,0,0,0.00,0,0,0,0,0,N/A
2025-10-13 08:53:09,0,8877.76,44,92,2846,2846.72,100,ok,0,0,0,0.00,0,0,0,0,0,N/A
2025-10-13 08:53:12,0,8877.76,44,92,2846,2846.72,100,ok,0,0,0,0.00,0,0,0,0,0,N/A
2025-10-13 08:53:17,0,8877.76,44,92,2846,2846.72,100,ok,0,0,0,0.00,0,0,0,0,0,N/A
2025-10-13 08:53:21,0,8877.76,47,92,2846,2846.72,100,ok,0,0,0,0.00,0,0,0,0,0,N/A
2025-10-13 08:53:25,0,8877.76,47,92,2846,2846.72,100,ok,0,0,0,0.00,0,0,0,0,0,N/A
2025-10-13 08:53:29,0,8877.76,47,92,2846,2846.72,100,ok,0,0,0,0.00,0,0,0,0,0,N/A
2025-10-13 08:53:32,0,8877.76,50,92,2846,2846.72,100,ok,0,0,0,0.00,0,0,0,0,0,N/A
2025-10-13 08:53:37,0,8877.76,50,92,2846,2846.72,100,ok,0,0,0,0.00,0,0,0,0,0,N/A
2025-10-13 08:53:41,0,8877.76,50,92,2846,2846.72,100,ok,0,0,0,0.00,0,0,0,0,0,N/A
2025-10-13 08:53:45,0,8877.76,54,92,2846,2846.72,100,ok,0,0,0,0.00,0,0,0,0,0,N/A
2025-10-13 08:53:48,0,8877.76,54,92,2846,2846.72,100,ok,0,0,0,0.00,0,0,0,0,0,N/A
2025-10-13 08:53:51,0,8877.76,54,92,2846,2846.72,100,ok,0,0,0,0.00,0,0,0,0,0,N/A
2025-10-13 08:53:57,0,8877.76,57,92,2846,2846.72,100,ok,0,0,0,0.00,0,0,0,0,0,N/A
2025-10-13 08:54:01,0,8877.76,57,92,2846,2846.72,100,ok,0,0,0,0.00,0,0,0,0,0,N/A
2025-10-13 08:54:04,0,8877.76,63,92,2846,2846.72,100,ok,0,0,0,0.00,0,0,0,0,0,N/A
2025-10-13 08:54:08,0,8877.76,63,92,2846,2846.72,100,ok,0,0,0,0.00,0,0,0,0,0,N/A
2025-10-13 08:54:11,0,8877.76,63,92,2846,2846.72,100,ok,0,0,0,0.00,0,0,0,0,0,N/A
2025-10-13 08:54:16,0,8877.76,66,92,2846,2846.72,100,ok,0,0,0,0.00,0,0,0,0,0,N/A
2025-10-13 08:54:20,0,8877.76,66,92,2846,2846.72,100,ok,0,0,0,0.00,0,0,0,0,0,N/A
2025-10-13 08:54:24,0,8877.76,66,92,2846,2846.72,100,ok,0,0,0,0.00,0,0,0,0,0,N/A
2025-10-13 08:54:28,0,8877.76,70,92,2846,2846.72,100,ok,0,0,0,0.00,0,0,0,0,0,N/A
2025-10-13 08:54:32,0,8877.76,70,92,2846,2846.72,100,ok,0,0,0,0.00,0,0,0,0,0,N/A
2025-10-13 08:54:37,0,8877.76,70,92,2846,2846.72,100,ok,0,0,0,0.00,0,0,0,0,0,N/A
2025-10-13 08:54:40,0,8877.76,43,92,2846,2846.72,100,ok,0,0,0,0.00,0,0,0,0,0,N/A
2025-10-13 08:54:44,0,8877.76,43,92,2846,2846.72,100,ok,0,0,0,0.00,0,0,0,0,0,N/A
2025-10-13 08:54:48,0,8877.76,47,92,2846,2846.72,100,ok,0,0,0,0.00,0,0,0,0,0,N/A
2025-10-13 08:54:52,0,8877.76,47,92,2846,2846.72,100,ok,0,0,0,0.00,0,0,0,0,0,N/A
2025-10-13 08:54:57,0,8877.76,47,92,2846,2846.72,100,ok,0,0,0,0.00,0,0,0,0,0,N/A
2025-10-13 08:55:01,0,8877.76,50,92,2846,2846.72,100,ok,0,0,0,0.00,0,0,0,0,0,N/A
2025-10-13 08:55:05,0,8877.76,50,92,2846,2846.72,100,ok,0,0,0,0.00,0,0,0,0,0,N/A
2025-10-13 08:55:08,0,8877.76,54,92,2846,2846.72,100,ok,0,0,0,0.00,0,0,0,0,0,N/A
2025-10-13 08:55:12,0,8877.76,54,92,2846,2846.72,100,ok,0,0,0,0.00,0,0,0,0,0,N/A
2025-10-13 08:55:17,0,8877.76,54,92,2846,2846.72,100,ok,0,0,0,0.00,0,0,0,0,0,N/A
2025-10-13 08:55:21,0,8877.76,57,92,2846,2846.72,100,ok,0,0,0,0.00,0,0,0,0,0,N/A
2025-10-13 08:55:25,0,8877.76,57,92,2846,2846.72,100,ok,0,0,0,0.00,0,0,0,0,0,N/A
2025-10-13 08:55:29,0,8877.76,60,92,2846,2846.72,100,ok,0,0,0,0.00,0,0,0,0,0,N/A
2025-10-13 08:55:32,0,8877.76,60,92,2846,2846.72,100,ok,0,0,0,0.00,0,0,0,0,0,N/A
2025-10-13 08:55:36,0,8877.76,60,92,2846,2846.72,100,ok,0,0,0,0.00,0,0,0,0,0,N/A
2025-10-13 08:55:41,0,8877.76,64,92,2846,2846.72,100,ok,0,0,0,0.00,0,0,0,0,0,N/A
2025-10-13 08:55:44,0,8877.76,64,92,2846,2846.72,100,ok,0,0,0,0.00,0,0,0,0,0,N/A
2025-10-13 08:55:48,0,8877.76,64,92,2846,2846.72,100,ok,0,0,0,0.00,0,0,0,0,0,N/A
2025-10-13 08:55:52,0,8877.76,67,92,2846,2846.72,100,ok,0,0,0,0.00,0,0,0,0,0,N/A
2025-10-13 08:55:57,0,8877.76,67,92,2846,2846.72,100,ok,0,0,0,0.00,0,0,0,0,0,N/A
2025-10-13 08:56:01,0,8877.76,67,92,2846,2846.72,100,ok,0,0,0,0.00,0,0,0,0,0,N/A
2025-10-13 08:56:05,0,8877.76,43,92,2846,2846.72,100,ok,0,0,0,0.00,0,0,0,0,0,N/A
2025-10-13 08:56:09,0,8877.76,43,92,2846,2846.72,100,ok,0,0,0,0.00,0,0,0,0,0,N/A
2025-10-13 08:56:13,0,8877.76,47,92,2846,2846.72,100,ok,0,0,0,0.00,0,0,0,0,0,N/A
2025-10-13 08:56:18,0,8877.76,47,92,2846,2846.72,100,ok,0,0,0,0.00,0,0,0,0,0,N/A
2025-10-13 08:56:21,0,8877.76,47,92,2846,2846.72,100,ok,0,0,0,0.00,0,0,0,0,0,N/A
2025-10-13 08:56:25,0,8877.76,53,92,2846,2846.72,100,ok,0,0,0,0.00,0,0,0,0,0,N/A
2025-10-13 08:56:39,0,8877.76,56,92,2846,2846.72,100,ok,0,0,0,0.00,0,0,0,0,0,N/A
2025-10-13 08:56:42,0,8877.76,56,92,2846,2846.72,100,ok,0,0,0,0.00,0,0,0,0,0,N/A
2025-10-13 08:56:47,0,8877.76,56,92,2846,2846.72,100,ok,0,0,0,0.00,0,0,0,0,0,N/A
2025-10-13 08:56:51,0,8877.76,59,92,2846,2846.72,100,ok,0,0,0,0.00,0,0,0,0,0,N/A
2025-10-13 08:56:54,0,8877.76,59,92,2846,2846.72,100,ok,0,0,0,0.00,0,0,0,0,0,N/A
2025-10-13 08:56:58,0,8877.76,63,92,2846,2846.72,100,ok,0,0,0,0.00,0,0,0,0,0,N/A
2025-10-13 08:57:02,0,8877.76,63,92,2846,2846.72,100,ok,0,0,0,0.00,0,0,0,0,0,N/A
2025-10-13 08:57:07,0,8877.76,63,92,2846,2846.72,100,ok,0,0,0,0.00,0,0,0,0,0,N/A
2025-10-13 08:57:11,0,8877.76,66,92,2846,2846.72,100,ok,0,0,0,0.00,0,0,0,0,0,N/A
2025-10-13 08:57:15,0,8877.76,66,92,2846,2846.72,100,ok,0,0,0,0.00,0,0,0,0,0,N/A
2025-10-13 08:57:18,0,8877.76,70,92,2846,2846.72,100,ok,0,0,0,0.00,0,0,0,0,0,N/A
2025-10-13 08:57:21,0,8877.76,70,92,2846,2846.72,100,ok,0,0,0,0.00,0,0,0,0,0,N/A
2025-10-13 08:57:25,0,8877.76,70,92,2846,2846.72,100,ok,0,0,0,0.00,0,0,0,0,0,N/A
2025-10-13 08:57:29,0,8877.76,43,92,2846,2846.72,100,ok,0,0,0,0.00,0,0,0,0,0,N/A
2025-10-13 08:57:33,0,8877.76,43,92,2846,2846.72,100,ok,0,0,0,0.00,0,0,0,0,0,N/A
2025-10-13 08:57:38,0,8877.76,43,92,2846,2846.72,100,ok,0,0,0,0.00,0,0,0,0,0,N/A
2025-10-13 08:57:42,0,8877.76,47,92,2846,2846.72,100,ok,0,0,0,0.00,0,0,0,0,0,N/A
2025-10-13 08:57:47,0,8877.76,47,92,2846,2846.72,100,ok,0,0,0,0.00,0,0,0,0,0,N/A
2025-10-13 08:57:51,0,8877.76,50,92,2846,2846.72,100,ok,0,0,0,0.00,0,0,0,0,0,N/A
2025-10-13 08:57:55,0,8877.76,50,92,2846,2846.72,100,ok,0,0,0,0.00,0,0,0,0,0,N/A
2025-10-13 08:57:58,0,8877.76,50,92,2846,2846.72,100,ok,0,0,0,0.00,0,0,0,0,0,N/A
2025-10-13 08:58:02,0,8877.76,54,92,2846,2846.72,100,ok,0,0,0,0.00,0,0,0,0,0,N/A
2025-10-13 08:58:07,0,8877.76,54,92,2846,2846.72,100,ok,0,0,0,0.00,0,0,0,0,0,N/A
2025-10-13 08:58:10,0,8877.76,57,92,2846,2846.72,100,ok,0,0,0,0.00,0,0,0,0,0,N/A
2025-10-13 08:58:14,0,8877.76,57,92,2846,2846.72,100,ok,0,0,0,0.00,0,0,0,0,0,N/A
2025-10-13 08:58:18,0,8877.76,57,92,2846,2846.72,100,ok,0,0,0,0.00,0,0,0,0,0,N/A
2025-10-13 08:58:21,0,8877.76,61,92,2846,2846.72,100,ok,0,0,0,0.00,0,0,0,0,0,N/A
2025-10-13 08:58:25,0,8877.76,61,92,2846,2846.72,100,ok,0,0,0,0.00,0,0,0,0,0,N/A
2025-10-13 08:58:28,0,8877.76,61,92,2846,2846.72,100,ok,0,0,0,0.00,0,0,0,0,0,N/A
2025-10-13 08:58:32,0,8877.76,64,92,2846,2846.72,100,ok,0,0,0,0.00,0,0,0,0,0,N/A
2025-10-13 08:58:38,0,8877.76,64,92,2846,2846.72,100,ok,0,0,0,0.00,0,0,0,0,0,N/A
2025-10-13 08:58:42,0,8877.76,64,92,2846,2846.72,100,ok,0,0,0,0.00,0,0,0,0,0,N/A
2025-10-13 08:58:47,0,8877.76,67,92,2846,2846.72,100,ok,0,0,0,0.00,0,0,0,0,0,N/A
2025-10-13 08:58:51,0,8877.76,67,92,2846,2846.72,100,ok,0,0,0,0.00,0,0,0,0,0,N/A
2025-10-13 08:58:54,0,8877.76,45,92,2846,2846.72,100,ok,0,0,0,0.00,0,0,0,0,0,N/A
2025-10-13 08:58:58,0,8877.76,45,92,2846,2846.72,100,ok,0,0,0,0.00,0,0,0,0,0,N/A
2025-10-13 08:59:02,0,8877.76,45,92,2846,2846.72,100,ok,0,0,0,0.00,0,0,0,0,0,N/A
2025-10-13 08:59:07,0,8877.76,49,92,2846,2846.72,100,ok,0,0,0,0.00,0,0,0,0,0,N/A
2025-10-13 08:59:11,0,8877.76,49,92,2846,2846.72,100,ok,0,0,0,0.00,0,0,0,0,0,N/A
2025-10-13 08:59:14,0,8877.76,49,92,2846,2846.72,100,ok,0,0,0,0.00,0,0,0,0,0,N/A
2025-10-13 08:59:18,0,8877.76,53,92,2846,2846.72,100,ok,0,0,0,0.00,0,0,0,0,0,N/A
2025-10-13 08:59:22,0,8877.76,53,92,2846,2846.72,100,ok,0,0,0,0.00,0,0,0,0,0,N/A
2025-10-13 08:59:27,0,8877.76,56,92,2846,2846.72,100,ok,0,0,0,0.00,0,0,0,0,0,N/A
2025-10-13 08:59:31,0,8877.76,56,92,2846,2846.72,100,ok,0,0,0,0.00,0,0,0,0,0,N/A
2025-10-13 08:59:35,0,8877.76,59,92,2846,2846.72,100,ok,0,0,0,0.00,0,0,0,0,0,N/A
2025-10-13 08:59:38,0,8877.76,59,92,2846,2846.72,100,ok,0,0,0,0.00,0,0,0,0,0,N/A
2025-10-13 08:59:42,0,8877.76,59,92,2846,2846.72,100,ok,0,0,0,0.00,0,0,0,0,0,N/A
2025-10-13 08:59:47,0,8877.76,63,92,2846,2846.72,100,ok,0,0,0,0.00,0,0,0,0,0,N/A
2025-10-13 08:59:51,0,8877.76,63,92,2846,2846.72,100,ok,0,0,0,0.00,0,0,0,0,0,N/A
2025-10-13 08:59:54,0,8877.76,63,92,2846,2846.72,100,ok,0,0,0,0.00,0,0,0,0,0,N/A
2025-10-13 08:59:58,0,8877.76,66,92,2846,2846.72,100,ok,0,0,0,0.00,0,0,0,0,0,N/A
2025-10-13 09:00:02,0,8877.76,66,92,2846,2846.72,100,ok,0,0,0,0.00,0,0,0,0,0,N/A
2025-10-13 09:00:08,0,8877.76,69,92,2846,2846.72,100,ok,0,0,0,0.00,0,0,0,0,0,N/A
2025-10-13 09:00:12,0,8877.76,69,92,2846,2846.72,100,ok,0,0,0,0.00,0,0,0,0,0,N/A
2025-10-13 09:00:17,0,8877.76,43,92,2846,2846.72,100,ok,0,0,0,0.00,0,0,0,0,0,N/A
2025-10-13 09:00:21,0,8877.76,43,92,2846,2846.72,100,ok,0,0,0,0.00,0,0,0,0,0,N/A
2025-10-13 09:00:26,0,8877.76,47,92,2846,2846.72,100,ok,0,0,0,0.00,0,0,0,0,0,N/A
2025-10-13 09:00:31,0,8877.76,47,92,2846,2846.72,100,ok,0,0,0,0.00,0,0,0,0,0,N/A
2025-10-13 09:00:34,0,8877.76,47,92,2846,2846.72,100,ok,0,0,0,0.00,0,0,0,0,0,N/A
2025-10-13 09:00:38,0,8877.76,50,92,2846,2846.72,100,ok,0,0,0,0.00,0,0,0,0,0,N/A
2025-10-13 09:00:42,0,8877.76,50,92,2846,2846.72,100,ok,0,0,0,0.00,0,0,0,0,0,N/A
2025-10-13 09:00:47,0,8877.76,50,92,2846,2846.72,100,ok,0,0,0,0.00,0,0,0,0,0,N/A
2025-10-13 09:00:51,0,8877.76,54,92,2846,2846.72,100,ok,0,0,0,0.00,0,0,0,0,0,N/A
2025-10-13 09:00:56,0,8877.76,54,92,2846,2846.72,100,ok,0,0,0,0.00,0,0,0,0,0,N/A
2025-10-13 09:01:00,0,8877.76,57,92,2846,2846.72,100,ok,0,0,0,0.00,0,0,0,0,0,N/A
2025-10-13 09:01:04,0,8877.76,57,92,2846,2846.72,100,ok,0,0,0,0.00,0,0,0,0,0,N/A
2025-10-13 09:01:08,0,8877.76,60,92,2846,2846.72,100,ok,0,0,0,0.00,0,0,0,0,0,N/A
2025-10-13 09:01:12,0,8877.76,60,92,2846,2846.72,100,ok,0,0,0,0.00,0,0,0,0,0,N/A
2025-10-13 09:01:17,0,8877.76,60,92,2846,2846.72,100,ok,0,0,0,0.00,0,0,0,0,0,N/A
2025-10-13 09:01:21,0,8877.76,64,92,2846,2846.72,100,ok,0,0,0,0.00,0,0,0,0,0,N/A
2025-10-13 09:01:38,0,8877.76,44,92,2846,2846.72,100,ok,0,0,0,0.00,0,0,0,0,0,N/A
2025-10-13 09:01:42,0,8877.76,44,92,2846,2846.72,100,ok,0,0,0,0.00,0,0,0,0,0,N/A
2025-10-13 09:01:47,0,8877.76,44,92,2846,2846.72,100,ok,0,0,0,0.00,0,0,0,0,0,N/A
2025-10-13 09:01:50,0,8877.76,47,92,2846,2846.72,100,ok,0,0,0,0.00,0,0,0,0,0,N/A
2025-10-13 09:01:54,0,8877.76,47,92,2846,2846.72,100,ok,0,0,0,0.00,0,0,0,0,0,N/A
2025-10-13 09:01:58,0,8877.76,47,92,2846,2846.72,100,ok,0,0,0,0.00,0,0,0,0,0,N/A
2025-10-13 09:02:01,0,8877.76,50,92,2846,2846.72,100,ok,0,0,0,0.00,0,0,0,0,0,N/A
2025-10-13 09:02:05,0,8877.76,50,92,2846,2846.72,100,ok,0,0,0,0.00,0,0,0,0,0,N/A
2025-10-13 09:02:08,0,8877.76,50,92,2846,2846.72,100,ok,0,0,0,0.00,0,0,0,0,0,N/A
2025-10-13 09:02:12,0,8877.76,54,92,2846,2846.72,100,ok,0,0,0,0.00,0,0,0,0,0,N/A
2025-10-13 09:02:17,0,8877.76,54,92,2846,2846.72,100,ok,0,0,0,0.00,0,0,0,0,0,N/A
2025-10-13 09:02:21,0,8877.76,54,92,2846,2846.72,100,ok,0,0,0,0.00,0,0,0,0,0,N/A
2025-10-13 09:02:25,0,8877.76,57,92,2846,2846.72,100,ok,0,0,0,0.00,0,0,0,0,0,N/A
2025-10-13 09:02:28,0,8877.76,57,92,2846,2846.72,100,ok,0,0,0,0.00,0,0,0,0,0,N/A
2025-10-13 09:02:31,0,8877.76,57,92,2846,2846.72,100,ok,0,0,0,0.00,0,0,0,0,0,N/A
2025-10-13 09:02:35,0,8877.76,61,92,2846,2846.72,100,ok,0,0,0,0.00,0,0,0,0,0,N/A
2025-10-13 09:02:38,0,8877.76,61,92,2846,2846.72,100,ok,0,0,0,0.00,0,0,0,0,0,N/A
2025-10-13 09:02:42,0,8877.76,61,92,2846,2846.72,100,ok,0,0,0,0.00,0,0,0,0,0,N/A
2025-10-13 09:02:48,0,8877.76,64,92,2846,2846.72,100,ok,0,0,0,0.00,0,0,0,0,0,N/A
2025-10-13 09:02:51,0,8877.76,64,92,2846,2846.72,100,ok,0,0,0,0.00,0,0,0,0,0,N/A
2025-10-13 09:02:55,0,8877.76,67,92,2846,2846.72,100,ok,0,0,0,0.00,0,0,0,0,0,N/A
2025-10-13 09:02:59,0,8877.76,67,92,2846,2846.72,100,ok,0,0,0,0.00,0,0,0,0,0,N/A
2025-10-13 09:03:02,0,8877.76,67,92,2846,2846.72,100,ok,0,0,0,0.00,0,0,0,0,0,N/A
2025-10-13 09:03:07,0,8877.76,43,92,2846,2846.72,100,ok,0,0,0,0.00,0,0,0,0,0,N/A
2025-10-13 09:03:11,0,8877.76,43,92,2846,2846.72,100,ok,0,0,0,0.00,0,0,0,0,0,N/A
2025-10-13 09:03:15,0,8877.76,49,92,2846,2846.72,100,ok,0,0,0,0.00,0,0,0,0,0,N/A
2025-10-13 09:03:18,0,8877.76,49,92,2846,2846.72,100,ok,0,0,0,0.00,0,0,0,0,0,N/A
2025-10-13 09:03:21,0,8877.76,49,92,2846,2846.72,100,ok,0,0,0,0.00,0,0,0,0,0,N/A
2025-10-13 09:03:25,0,8877.76,52,92,2846,2846.72,100,ok,0,0,0,0.00,0,0,0,0,0,N/A
2025-10-13 09:03:28,0,8877.76,52,92,2846,2846.72,100,ok,0,0,0,0.00,0,0,0,0,0,N/A
2025-10-13 09:03:32,0,8877.76,52,92,2846,2846.72,100,ok,0,0,0,0.00,0,0,0,0,0,N/A
2025-10-13 09:03:36,0,8877.76,56,92,2846,2846.72,100,ok,0,0,0,0.00,0,0,0,0,0,N/A
2025-10-13 09:03:39,0,8877.76,56,92,2846,2846.72,100,ok,0,0,0,0.00,0,0,0,0,0,N/A
2025-10-13 09:03:42,0,8877.76,56,92,2846,2846.72,100,ok,0,0,0,0.00,0,0,0,0,0,N/A
2025-10-13 09:03:47,0,8877.76,59,92,2846,2846.72,100,ok,0,0,0,0.00,0,0,0,0,0,N/A
2025-10-13 09:03:51,0,8877.76,59,92,2846,2846.72,100,ok,0,0,0,0.00,0,0,0,0,0,N/A
2025-10-13 09:03:55,0,8877.76,59,92,2846,2846.72,100,ok,0,0,0,0.00,0,0,0,0,0,N/A
2025-10-13 09:03:58,0,8877.76,63,92,2846,2846.72,100,ok,0,0,0,0.00,0,0,0,0,0,N/A
2025-10-13 09:04:02,0,8877.76,63,92,2846,2846.72,100,ok,0,0,0,0.00,0,0,0,0,0,N/A
2025-10-13 09:04:07,0,8877.76,63,92,2846,2846.72,100,ok,0,0,0,0.00,0,0,0,0,0,N/A
2025-10-13 09:04:10,0,8877.76,66,92,2846,2846.72,100,ok,0,0,0,0.00,0,0,0,0,0,N/A
2025-10-13 09:04:18,0,8877.76,66,92,2846,2846.72,100,ok,0,0,0,0.00,0,0,0,0,0,N/A
2025-10-13 09:04:22,0,8877.76,66,92,2846,2846.72,100,ok,0,0,0,0.00,0,0,0,0,0,N/A
2025-10-13 09:04:28,0,8877.76,70,92,2846,2846.72,100,ok,0,0,0,0.00,0,0,0,0,0,N/A
2025-10-13 09:04:32,0,8877.76,70,92,2846,2846.72,100,ok,0,0,0,0.00,0,0,0,0,0,N/A
2025-10-13 09:04:37,0,8877.76,44,93,2846,2846.72,100,ok,0,0,0,0.00,0,0,0,0,0,N/A
2025-10-13 09:04:41,0,8877.76,44,93,2846,2846.72,100,ok,0,0,0,0.00,0,0,0,0,0,N/A
2025-10-13 09:04:44,0,8877.76,49,93,2846,2846.72,100,ok,0,0,0,0.00,0,0,0,0,0,N/A
2025-10-13 09:04:48,0,8877.76,49,93,2846,2846.72,100,ok,0,0,0,0.00,0,0,0,0,0,N/A
2025-10-13 09:04:52,0,8877.76,49,93,2846,2846.72,100,ok,0,0,0,0.00,0,0,0,0,0,N/A
2025-10-13 09:04:57,0,8877.76,49,93,2846,2846.72,100,ok,0,0,0,0.00,0,0,0,0,0,N/A
2025-10-13 09:05:00,0,8877.76,53,93,2846,2846.72,100,ok,0,0,0,0.00,0,0,0,0,0,N/A
2025-10-13 09:05:03,0,8877.76,53,93,2846,2846.72,100,ok,0,0,0,0.00,0,0,0,0,0,N/A
2025-10-13 09:05:08,0,8877.76,56,93,2846,2846.72,100,ok,0,0,0,0.00,0,0,0,0,0,N/A
2025-10-13 09:05:12,0,8877.76,56,93,2846,2846.72,100,ok,0,0,0,0.00,0,0,0,0,0,N/A
2025-10-13 09:05:17,0,8877.76,56,93,2846,2846.72,100,ok,0,0,0,0.00,0,0,0,0,0,N/A
2025-10-13 09:05:21,0,8877.76,59,93,2846,2846.72,100,ok,0,0,0,0.00,0,0,0,0,0,N/A
2025-10-13 09:05:25,0,8877.76,59,93,2846,2846.72,100,ok,0,0,0,0.00,0,0,0,0,0,N/A
2025-10-13 09:05:29,0,8877.76,63,93,2846,2846.72,100,ok,0,0,0,0.00,0,0,0,0,0,N/A
2025-10-13 09:05:33,0,8877.76,63,93,2846,2846.72,100,ok,0,0,0,0.00,0,0,0,0,0,N/A
2025-10-13 09:05:38,0,8877.76,63,93,2846,2846.72,100,ok,0,0,0,0.00,0,0,0,0,0,N/A
2025-10-13 09:05:43,0,8877.76,66,93,2846,2846.72,100,ok,0,0,0,0.00,0,0,0,0,0,N/A
2025-10-13 09:05:48,0,8877.76,66,93,2846,2846.72,100,ok,0,0,0,0.00,0,0,0,0,0,N/A
2025-10-13 09:05:51,0,8877.76,66,93,2846,2846.72,100,ok,0,0,0,0.00,0,0,0,0,0,N/A
2025-10-13 09:05:55,0,8877.76,70,93,2846,2846.72,100,ok,0,0,0,0.00,0,0,0,0,0,N/A
2025-10-13 09:05:58,0,8877.76,70,93,2846,2846.72,100,ok,0,0,0,0.00,0,0,0,0,0,N/A
2025-10-13 09:06:02,0,8877.76,43,93,2846,2846.72,100,ok,0,0,0,0.00,0,0,0,0,0,N/A
2025-10-13 09:06:08,0,8877.76,43,93,2846,2846.72,100,ok,0,0,0,0.00,0,0,0,0,0,N/A
2025-10-13 09:06:12,0,8877.76,43,93,2846,2846.72,100,ok,0,0,0,0.00,0,0,0,0,0,N/A
2025-10-13 09:06:17,0,8877.76,47,93,2846,2846.72,100,ok,0,0,0,0.00,0,0,0,0,0,N/A
2025-10-13 09:06:21,0,8877.76,47,93,2846,2846.72,100,ok,0,0,0,0.00,0,0,0,0,0,N/A
2025-10-13 09:06:31,0,8877.76,54,93,2846,2846.72,100,ok,0,0,0,0.00,0,0,0,0,0,N/A
2025-10-13 09:06:44,0,8877.76,54,93,2846,2846.72,100,ok,0,0,0,0.00,0,0,0,0,0,N/A
2025-10-13 09:06:49,0,8877.76,59,93,2846,2846.72,100,ok,0,0,0,0.00,0,0,0,0,0,N/A
2025-10-13 09:06:52,0,8877.76,59,93,2846,2846.72,100,ok,0,0,0,0.00,0,0,0,0,0,N/A
2025-10-13 09:06:58,0,8877.76,62,93,2846,2846.72,100,ok,0,0,0,0.00,0,0,0,0,0,N/A
2025-10-13 09:07:02,0,8877.76,62,93,2846,2846.72,100,ok,0,0,0,0.00,0,0,0,0,0,N/A
2025-10-13 09:07:07,0,8877.76,66,93,2846,2846.72,100,ok,0,0,0,0.00,0,0,0,0,0,N/A
2025-10-13 09:07:11,0,8877.76,66,93,2846,2846.72,100,ok,0,0,0,0.00,0,0,0,0,0,N/A
2025-10-13 09:07:14,0,8877.76,66,93,2846,2846.72,100,ok,0,0,0,0.00,0,0,0,0,0,N/A
2025-10-13 09:07:18,0,8877.76,69,93,2846,2846.72,100,ok,0,0,0,0.00,0,0,0,0,0,N/A
2025-10-13 09:07:22,0,8877.76,69,93,2846,2846.72,100,ok,0,0,0,0.00,0,0,0,0,0,N/A
2025-10-13 09:07:27,0,8877.76,44,93,2846,2846.72,100,ok,0,0,0,0.00,0,0,0,0,0,N/A
2025-10-13 09:07:31,0,8877.76,44,93,2846,2846.72,100,ok,0,0,0,0.00,0,0,0,0,0,N/A
2025-10-13 09:07:35,0,8877.76,44,93,2846,2846.72,100,ok,0,0,0,0.00,0,0,0,0,0,N/A
2025-10-13 09:07:38,0,8877.76,47,93,2846,2846.72,100,ok,0,0,0,0.00,0,0,0,0,0,N/A
2025-10-13 09:07:42,0,8877.76,47,93,2846,2846.72,100,ok,0,0,0,0.00,0,0,0,0,0,N/A
2025-10-13 09:07:47,0,8877.76,50,93,2846,2846.72,100,ok,0,0,0,0.00,0,0,0,0,0,N/A
2025-10-13 09:07:51,0,8877.76,50,93,2846,2846.72,100,ok,0,0,0,0.00,0,0,0,0,0,N/A
2025-10-13 09:07:54,0,8877.76,50,93,2846,2846.72,100,ok,0,0,0,0.00,0,0,0,0,0,N/A
2025-10-13 09:07:58,0,8877.76,50,93,2846,2846.72,100,ok,0,0,0,0.00,0,0,0,0,0,N/A
2025-10-13 09:08:02,0,8877.76,54,93,2846,2846.72,100,ok,0,0,0,0.00,0,0,0,0,0,N/A
2025-10-13 09:08:07,0,8877.76,54,93,2846,2846.72,100,ok,0,0,0,0.00,0,0,0,0,0,N/A
2025-10-13 09:08:11,0,8877.76,57,93,2846,2846.72,100,ok,0,0,0,0.00,0,0,0,0,0,N/A
2025-10-13 09:08:14,0,8877.76,57,93,2846,2846.72,100,ok,0,0,0,0.00,0,0,0,0,0,N/A
2025-10-13 09:08:18,0,8877.76,60,93,2846,2846.72,100,ok,0,0,0,0.00,0,0,0,0,0,N/A
2025-10-13 09:08:22,0,8877.76,60,93,2846,2846.72,100,ok,0,0,0,0.00,0,0,0,0,0,N/A
2025-10-13 09:08:27,0,8877.76,60,93,2846,2846.72,100,ok,0,0,0,0.00,0,0,0,0,0,N/A
2025-10-13 09:08:31,0,8877.76,64,93,2846,2846.72,100,ok,0,0,0,0.00,0,0,0,0,0,N/A
2025-10-13 09:08:35,0,8877.76,64,93,2846,2846.72,100,ok,0,0,0,0.00,0,0,0,0,0,N/A
2025-10-13 09:08:39,0,8877.76,43,93,2846,2846.72,100,ok,0,0,0,0.00,0,0,0,0,0,N/A
2025-10-13 09:08:43,0,8877.76,43,93,2846,2846.72,100,ok,0,0,0,0.00,0,0,0,0,0,N/A
2025-10-13 09:08:48,0,8877.76,43,93,2846,2846.72,100,ok,0,0,0,0.00,0,0,0,0,0,N/A
2025-10-13 09:08:52,0,8877.76,46,93,2846,2846.72,100,ok,0,0,0,0.00,0,0,0,0,0,N/A
2025-10-13 09:08:58,0,8877.76,46,93,2846,2846.72,100,ok,0,0,0,0.00,0,0,0,0,0,N/A
2025-10-13 09:09:02,0,8877.76,50,93,2846,2846.72,100,ok,0,0,0,0.00,0,0,0,0,0,N/A
2025-10-13 09:09:05,0,8877.76,50,93,2846,2846.72,100,ok,0,0,0,0.00,0,0,0,0,0,N/A
2025-10-13 09:09:08,0,8877.76,50,93,2846,2846.72,100,ok,0,0,0,0.00,0,0,0,0,0,N/A
2025-10-13 09:09:12,0,8877.76,53,93,2846,2846.72,100,ok,0,0,0,0.00,0,0,0,0,0,N/A
2025-10-13 09:09:17,0,8877.76,53,93,2846,2846.72,100,ok,0,0,0,0.00,0,0,0,0,0,N/A
2025-10-13 09:09:20,0,8877.76,57,93,2846,2846.72,100,ok,0,0,0,0.00,0,0,0,0,0,N/A
2025-10-13 09:09:24,0,8877.76,57,93,2846,2846.72,100,ok,0,0,0,0.00,0,0,0,0,0,N/A
2025-10-13 09:09:28,0,8877.76,57,93,2846,2846.72,100,ok,0,0,0,0.00,0,0,0,0,0,N/A
2025-10-13 09:09:32,0,8877.76,57,93,2846,2846.72,100,ok,0,0,0,0.00,0,0,0,0,0,N/A
2025-10-13 09:09:35,0,8877.76,60,93,2846,2846.72,100,ok,0,0,0,0.00,0,0,0,0,0,N/A
2025-10-13 09:09:38,0,8877.76,60,93,2846,2846.72,100,ok,0,0,0,0.00,0,0,0,0,0,N/A
2025-10-13 09:09:42,0,8877.76,63,93,2846,2846.72,100,ok,0,0,0,0.00,0,0,0,0,0,N/A
2025-10-13 09:09:47,0,8877.76,63,93,2846,2846.72,100,ok,0,0,0,0.00,0,0,0,0,0,N/A
2025-10-13 09:09:51,0,8877.76,63,93,2846,2846.72,100,ok,0,0,0,0.00,0,0,0,0,0,N/A
2025-10-13 09:09:55,0,8877.76,67,93,2846,2846.72,100,ok,0,0,0,0.00,0,0,0,0,0,N/A
2025-10-13 09:09:58,0,8877.76,67,93,2846,2846.72,100,ok,0,0,0,0.00,0,0,0,0,0,N/A
2025-10-13 09:10:02,0,8877.76,67,93,2846,2846.72,100,ok,0,0,0,0.00,0,0,0,0,0,N/A
2025-10-13 09:10:07,0,8877.76,43,93,2846,2846.72,100,ok,0,0,0,0.00,0,0,0,0,0,N/A
2025-10-13 09:10:10,0,8877.76,43,93,2846,2846.72,100,ok,0,0,0,0.00,0,0,0,0,0,N/A
2025-10-13 09:10:14,0,8877.76,48,93,2846,2846.72,100,ok,0,0,0,0.00,0,0,0,0,0,N/A
2025-10-13 09:10:18,0,8877.76,48,93,2846,2846.72,100,ok,0,0,0,0.00,0,0,0,0,0,N/A
2025-10-13 09:10:22,0,8877.76,48,93,2846,2846.72,100,ok,0,0,0,0.00,0,0,0,0,0,N/A
2025-10-13 09:10:27,0,8877.76,52,93,2846,2846.72,100,ok,0,0,0,0.00,0,0,0,0,0,N/A
2025-10-13 09:10:31,0,8877.76,52,93,2846,2846.72,100,ok,0,0,0,0.00,0,0,0,0,0,N/A
2025-10-13 09:10:34,0,8877.76,55,93,2846,2846.72,100,ok,0,0,0,0.00,0,0,0,0,0,N/A
2025-10-13 09:10:38,0,8877.76,55,93,2846,2846.72,100,ok,0,0,0,0.00,0,0,0,0,0,N/A
2025-10-13 09:10:41,0,8877.76,55,93,2846,2846.72,100,ok,0,0,0,0.00,0,0,0,0,0,N/A
2025-10-13 09:10:45,0,8877.76,59,93,2846,2846.72,100,ok,0,0,0,0.00,0,0,0,0,0,N/A
2025-10-13 09:10:49,0,8877.76,59,93,2846,2846.72,100,ok,0,0,0,0.00,0,0,0,0,0,N/A
2025-10-13 09:10:53,0,8877.76,59,93,2846,2846.72,100,ok,0,0,0,0.00,0,0,0,0,0,N/A
2025-10-13 09:10:58,0,8877.76,62,93,2846,2846.72,100,ok,0,0,0,0.00,0,0,0,0,0,N/A
2025-10-13 09:11:02,0,8877.76,62,93,2846,2846.72,100,ok,0,0,0,0.00,0,0,0,0,0,N/A
2025-10-13 09:11:07,0,8877.76,66,93,2846,2846.72,100,ok,0,0,0,0.00,0,0,0,0,0,N/A
2025-10-13 09:11:11,0,8877.76,66,93,2846,2846.72,100,ok,0,0,0,0.00,0,0,0,0,0,N/A
2025-10-13 09:11:15,0,8877.76,66,93,2846,2846.72,100,ok,0,0,0,0.00,0,0,0,0,0,N/A
2025-10-13 09:11:19,0,8877.76,69,93,2846,2846.72,100,ok,0,0,0,0.00,0,0,0,0,0,N/A
2025-10-13 09:11:22,0,8877.76,69,93,2846,2846.72,100,ok,0,0,0,0.00,0,0,0,0,0,N/A
2025-10-13 09:11:44,0,8877.76,47,93,2846,2846.72,100,ok,0,0,0,0.00,0,0,0,0,0,N/A
2025-10-13 09:11:48,0,8877.76,47,93,2846,2846.72,100,ok,0,0,0,0.00,0,0,0,0,0,N/A
2025-10-13 09:11:52,0,8877.76,50,93,2846,2846.72,100,ok,0,0,0,0.00,0,0,0,0,0,N/A
2025-10-13 09:11:57,0,8877.76,50,93,2846,2846.72,100,ok,0,0,0,0.00,0,0,0,0,0,N/A
2025-10-13 09:12:00,0,8877.76,50,93,2846,2846.72,100,ok,0,0,0,0.00,0,0,0,0,0,N/A
2025-10-13 09:12:04,0,8877.76,50,93,2846,2846.72,100,ok,0,0,0,0.00,0,0,0,0,0,N/A
2025-10-13 09:12:08,0,8877.76,55,93,2846,2846.72,100,ok,0,0,0,0.00,0,0,0,0,0,N/A
2025-10-13 09:12:12,0,8877.76,55,93,2846,2846.72,100,ok,0,0,0,0.00,0,0,0,0,0,N/A
2025-10-13 09:12:17,0,8877.76,59,93,2846,2846.72,100,ok,0,0,0,0.00,0,0,0,0,0,N/A
2025-10-13 09:12:21,0,8877.76,59,93,2846,2846.72,100,ok,0,0,0,0.00,0,0,0,0,0,N/A
2025-10-13 09:12:24,0,8877.76,59,93,2846,2846.72,100,ok,0,0,0,0.00,0,0,0,0,0,N/A
2025-10-13 09:12:28,0,8877.76,62,93,2846,2846.72,100,ok,0,0,0,0.00,0,0,0,0,0,N/A
2025-10-13 09:12:32,0,8877.76,62,93,2846,2846.72,100,ok,0,0,0,0.00,0,0,0,0,0,N/A
2025-10-13 09:12:38,0,8877.76,66,93,2846,2846.72,100,ok,0,0,0,0.00,0,0,0,0,0,N/A
2025-10-13 09:12:41,0,8877.76,66,93,2846,2846.72,100,ok,0,0,0,0.00,0,0,0,0,0,N/A
2025-10-13 09:12:47,0,8877.76,70,93,2846,2846.72,100,ok,0,0,0,0.00,0,0,0,0,0,N/A
2025-10-13 09:12:51,0,8877.76,70,93,2846,2846.72,100,ok,0,0,0,0.00,0,0,0,0,0,N/A
2025-10-13 09:12:54,0,8877.76,70,93,2846,2846.72,100,ok,0,0,0,0.00,0,0,0,0,0,N/A
2025-10-13 09:12:58,0,8877.76,43,93,2846,2846.72,100,ok,0,0,0,0.00,0,0,0,0,0,N/A
2025-10-13 09:13:02,0,8877.76,43,93,2846,2846.72,100,ok,0,0,0,0.00,0,0,0,0,0,N/A
2025-10-13 09:13:07,0,8877.76,43,93,2846,2846.72,100,ok,0,0,0,0.00,0,0,0,0,0,N/A
2025-10-13 09:13:11,0,8877.76,47,93,2846,2846.72,100,ok,0,0,0,0.00,0,0,0,0,0,N/A
2025-10-13 09:13:17,0,8877.76,47,93,2846,2846.72,100,ok,0,0,0,0.00,0,0,0,0,0,N/A
2025-10-13 09:13:21,0,8877.76,50,93,2846,2846.72,100,ok,0,0,0,0.00,0,0,0,0,0,N/A
2025-10-13 09:13:25,0,8877.76,50,93,2846,2846.72,100,ok,0,0,0,0.00,0,0,0,0,0,N/A
2025-10-13 09:13:28,0,8877.76,50,93,2846,2846.72,100,ok,0,0,0,0.00,0,0,0,0,0,N/A
2025-10-13 09:13:31,0,8877.76,54,93,2846,2846.72,100,ok,0,0,0,0.00,0,0,0,0,0,N/A
2025-10-13 09:13:35,0,8877.76,54,93,2846,2846.72,100,ok,0,0,0,0.00,0,0,0,0,0,N/A
2025-10-13 09:13:39,0,8877.76,57,93,2846,2846.72,100,ok,0,0,0,0.00,0,0,0,0,0,N/A
2025-10-13 09:13:43,0,8877.76,57,93,2846,2846.72,100,ok,0,0,0,0.00,0,0,0,0,0,N/A
2025-10-13 09:13:48,0,8877.76,57,93,2846,2846.72,100,ok,0,0,0,0.00,0,0,0,0,0,N/A
2025-10-13 09:13:52,0,8877.76,60,93,2846,2846.72,100,ok,0,0,0,0.00,0,0,0,0,0,N/A
2025-10-13 09:13:57,0,8877.76,60,93,2846,2846.72,100,ok,0,0,0,0.00,0,0,0,0,0,N/A
2025-10-13 09:14:01,0,8877.76,64,93,2846,2846.72,100,ok,0,0,0,0.00,0,0,0,0,0,N/A
2025-10-13 09:14:05,0,8877.76,64,93,2846,2846.72,100,ok,0,0,0,0.00,0,0,0,0,0,N/A
2025-10-13 09:14:08,0,8877.76,64,93,2846,2846.72,100,ok,0,0,0,0.00,0,0,0,0,0,N/A
2025-10-13 09:14:12,0,8877.76,43,93,2846,2846.72,100,ok,0,0,0,0.00,0,0,0,0,0,N/A
2025-10-13 09:14:17,0,8877.76,43,93,2846,2846.72,100,ok,0,0,0,0.00,0,0,0,0,0,N/A
2025-10-13 09:14:21,0,8877.76,47,93,2846,2846.72,100,ok,0,0,0,0.00,0,0,0,0,0,N/A
2025-10-13 09:14:24,0,8877.76,47,93,2846,2846.72,100,ok,0,0,0,0.00,0,0,0,0,0,N/A
2025-10-13 09:14:28,0,8877.76,47,93,2846,2846.72,100,ok,0,0,0,0.00,0,0,0,0,0,N/A
2025-10-13 09:14:32,0,8877.76,50,93,2846,2846.72,100,ok,0,0,0,0.00,0,0,0,0,0,N/A
2025-10-13 09:14:38,0,8877.76,50,93,2846,2846.72,100,ok,0,0,0,0.00,0,0,0,0,0,N/A
2025-10-13 09:14:41,0,8877.76,50,93,2846,2846.72,100,ok,0,0,0,0.00,0,0,0,0,0,N/A
2025-10-13 09:14:45,0,8877.76,53,93,2846,2846.72,100,ok,0,0,0,0.00,0,0,0,0,0,N/A
2025-10-13 09:14:49,0,8877.76,53,93,2846,2846.72,100,ok,0,0,0,0.00,0,0,0,0,0,N/A
2025-10-13 09:14:53,0,8877.76,53,93,2846,2846.72,100,ok,0,0,0,0.00,0,0,0,0,0,N/A
2025-10-13 09:14:58,0,8877.76,57,93,2846,2846.72,100,ok,0,0,0,0.00,0,0,0,0,0,N/A
2025-10-13 09:15:02,0,8877.76,57,93,2846,2846.72,100,ok,0,0,0,0.00,0,0,0,0,0,N/A
2025-10-13 09:15:07,0,8877.76,60,93,2846,2846.72,100,ok,0,0,0,0.00,0,0,0,0,0,N/A
2025-10-13 09:15:11,0,8877.76,60,93,2846,2846.72,100,ok,0,0,0,0.00,0,0,0,0,0,N/A
2025-10-13 09:15:14,0,8877.76,66,93,2846,2846.72,100,ok,0,0,0,0.00,0,0,0,0,0,N/A
2025-10-13 09:15:18,0,8877.76,66,93,2846,2846.72,100,ok,0,0,0,0.00,0,0,0,0,0,N/A
2025-10-13 09:15:22,0,8877.76,66,93,2846,2846.72,100,ok,0,0,0,0.00,0,0,0,0,0,N/A
2025-10-13 09:15:27,0,8877.76,69,93,2846,2846.72,100,ok,0,0,0,0.00,0,0,0,0,0,N/A
2025-10-13 09:15:31,0,8877.76,69,93,2846,2846.72,100,ok,0,0,0,0.00,0,0,0,0,0,N/A
2025-10-13 09:15:36,0,8877.76,43,93,2846,2846.72,100,ok,0,0,0,0.00,0,0,0,0,0,N/A
2025-10-13 09:15:39,0,8877.76,43,93,2846,2846.72,100,ok,0,0,0,0.00,0,0,0,0,0,N/A
2025-10-13 09:15:43,0,8877.76,43,93,2846,2846.72,100,ok,0,0,0,0.00,0,0,0,0,0,N/A
2025-10-13 09:15:48,0,8877.76,47,93,2846,2846.72,100,ok,0,0,0,0.00,0,0,0,0,0,N/A
2025-10-13 09:15:52,0,8877.76,47,93,2846,2846.72,100,ok,0,0,0,0.00,0,0,0,0,0,N/A
2025-10-13 09:15:57,0,8877.76,50,93,2846,2846.72,100,ok,0,0,0,0.00,0,0,0,0,0,N/A
2025-10-13 09:16:01,0,8877.76,50,93,2846,2846.72,100,ok,0,0,0,0.00,0,0,0,0,0,N/A
2025-10-13 09:16:05,0,8877.76,50,93,2846,2846.72,100,ok,0,0,0,0.00,0,0,0,0,0,N/A
2025-10-13 09:16:08,0,8877.76,53,93,2846,2846.72,100,ok,0,0,0,0.00,0,0,0,0,0,N/A
2025-10-13 09:16:13,0,8877.76,53,93,2846,2846.72,100,ok,0,0,0,0.00,0,0,0,0,0,N/A
2025-10-13 09:16:18,0,8877.76,57,93,2846,2846.72,100,ok,0,0,0,0.00,0,0,0,0,0,N/A
2025-10-13 09:16:23,0,8877.76,57,93,2846,2846.72,100,ok,0,0,0,0.00,0,0,0,0,0,N/A
2025-10-13 09:16:40,0,8877.76,60,93,2846,2846.72,100,ok,0,0,0,0.00,0,0,0,0,0,N/A
2025-10-13 09:16:44,0,8877.76,64,93,2846,2846.72,100,ok,0,0,0,0.00,0,0,0,0,0,N/A
2025-10-13 09:16:48,0,8877.76,64,93,2846,2846.72,100,ok,0,0,0,0.00,0,0,0,0,0,N/A
2025-10-13 09:16:52,0,8877.76,67,93,2846,2846.72,100,ok,0,0,0,0.00,0,0,0,0,0,N/A
2025-10-13 09:16:58,0,8877.76,67,93,2846,2846.72,100,ok,0,0,0,0.00,0,0,0,0,0,N/A
2025-10-13 09:17:01,0,8877.76,67,93,2846,2846.72,100,ok,0,0,0,0.00,0,0,0,0,0,N/A
2025-10-13 09:17:04,0,8877.76,43,93,2846,2846.72,100,ok,0,0,0,0.00,0,0,0,0,0,N/A
2025-10-13 09:17:08,0,8877.76,43,93,2846,2846.72,100,ok,0,0,0,0.00,0,0,0,0,0,N/A
2025-10-13 09:17:12,0,8877.76,43,93,2846,2846.72,100,ok,0,0,0,0.00,0,0,0,0,0,N/A
2025-10-13 09:17:17,0,8877.76,47,93,2846,2846.72,100,ok,0,0,0,0.00,0,0,0,0,0,N/A
2025-10-13 09:17:22,0,8877.76,47,93,2846,2846.72,100,ok,0,0,0,0.00,0,0,0,0,0,N/A
2025-10-13 09:17:27,0,8877.76,50,93,2846,2846.72,100,ok,0,0,0,0.00,0,0,0,0,0,N/A
2025-10-13 09:17:31,0,8877.76,50,93,2846,2846.72,100,ok,0,0,0,0.00,0,0,0,0,0,N/A
2025-10-13 09:17:35,0,8877.76,54,93,2846,2846.72,100,ok,0,0,0,0.00,0,0,0,0,0,N/A
2025-10-13 09:17:38,0,8877.76,54,93,2846,2846.72,100,ok,0,0,0,0.00,0,0,0,0,0,N/A
2025-10-13 09:17:42,0,8877.76,54,93,2846,2846.72,100,ok,0,0,0,0.00,0,0,0,0,0,N/A
2025-10-13 09:17:47,0,8877.76,57,93,2846,2846.72,100,ok,0,0,0,0.00,0,0,0,0,0,N/A
2025-10-13 09:17:51,0,8877.76,57,93,2846,2846.72,100,ok,0,0,0,0.00,0,0,0,0,0,N/A
2025-10-13 09:17:54,0,8877.76,62,93,2846,2846.72,100,ok,0,0,0,0.00,0,0,0,0,0,N/A
2025-10-13 09:17:58,0,8877.76,62,93,2846,2846.72,100,ok,0,0,0,0.00,0,0,0,0,0,N/A
2025-10-13 09:18:02,0,8877.76,62,93,2846,2846.72,100,ok,0,0,0,0.00,0,0,0,0,0,N/A
2025-10-13 09:18:07,0,8877.76,66,93,2846,2846.72,100,ok,0,0,0,0.00,0,0,0,0,0,N/A
2025-10-13 09:18:10,0,8877.76,66,93,2846,2846.72,100,ok,0,0,0,0.00,0,0,0,0,0,N/A
2025-10-13 09:18:14,0,8877.76,66,93,2846,2846.72,100,ok,0,0,0,0.00,0,0,0,0,0,N/A
2025-10-13 09:18:18,0,8877.76,69,93,2846,2846.72,100,ok,0,0,0,0.00,0,0,0,0,0,N/A
2025-10-13 09:18:22,0,8877.76,69,93,2846,2846.72,100,ok,0,0,0,0.00,0,0,0,0,0,N/A
2025-10-13 09:18:27,0,8877.76,43,93,2846,2846.72,100,ok,0,0,0,0.00,0,0,0,0,0,N/A
2025-10-13 09:18:31,0,8877.76,43,93,2846,2846.72,100,ok,0,0,0,0.00,0,0,0,0,0,N/A
2025-10-13 09:18:35,0,8877.76,47,93,2846,2846.72,100,ok,0,0,0,0.00,0,0,0,0,0,N/A
2025-10-13 09:18:39,0,8877.76,47,93,2846,2846.72,100,ok,0,0,0,0.00,0,0,0,0,0,N/A
2025-10-13 09:18:42,0,8877.76,47,93,2846,2846.72,100,ok,0,0,0,0.00,0,0,0,0,0,N/A
2025-10-13 09:18:47,0,8877.76,50,93,2846,2846.72,100,ok,0,0,0,0.00,0,0,0,0,0,N/A
2025-10-13 09:18:50,0,8877.76,50,93,2846,2846.72,100,ok,0,0,0,0.00,0,0,0,0,0,N/A
2025-10-13 09:18:54,0,8877.76,50,93,2846,2846.72,100,ok,0,0,0,0.00,0,0,0,0,0,N/A
2025-10-13 09:18:58,0,8877.76,54,93,2846,2846.72,100,ok,0,0,0,0.00,0,0,0,0,0,N/A
2025-10-13 09:19:02,0,8877.76,54,93,2846,2846.72,100,ok,0,0,0,0.00,0,0,0,0,0,N/A
2025-10-13 09:19:07,0,8877.76,54,93,2846,2846.72,100,ok,0,0,0,0.00,0,0,0,0,0,N/A
2025-10-13 09:19:11,0,8877.76,57,93,2846,2846.72,100,ok,0,0,0,0.00,0,0,0,0,0,N/A
2025-10-13 09:19:17,0,8877.76,57,93,2846,2846.72,100,ok,0,0,0,0.00,0,0,0,0,0,N/A
2025-10-13 09:19:21,0,8877.76,60,93,2846,2846.72,100,ok,0,0,0,0.00,0,0,0,0,0,N/A
2025-10-13 09:19:27,0,8877.76,60,93,2846,2846.72,100,ok,0,0,0,0.00,0,0,0,0,0,N/A
2025-10-13 09:19:30,0,8877.76,64,93,2846,2846.72,100,ok,0,0,0,0.00,0,0,0,0,0,N/A
2025-10-13 09:19:34,0,8877.76,64,93,2846,2846.72,100,ok,0,0,0,0.00,0,0,0,0,0,N/A
2025-10-13 09:19:37,0,8877.76,64,93,2846,2846.72,100,ok,0,0,0,0.00,0,0,0,0,0,N/A
2025-10-13 09:19:42,0,8877.76,43,93,2846,2846.72,100,ok,0,0,0,0.00,0,0,0,0,0,N/A
2025-10-13 09:19:46,0,8877.76,43,93,2846,2846.72,100,ok,0,0,0,0.00,0,0,0,0,0,N/A
2025-10-13 09:19:50,0,8877.76,43,93,2846,2846.72,100,ok,0,0,0,0.00,0,0,0,0,0,N/A
2025-10-13 09:19:53,0,8877.76,47,93,2846,2846.72,100,ok,0,0,0,0.00,0,0,0,0,0,N/A
2025-10-13 09:19:58,0,8877.76,47,93,2846,2846.72,100,ok,0,0,0,0.00,0,0,0,0,0,N/A
2025-10-13 09:20:01,0,8877.76,47,93,2846,2846.72,100,ok,0,0,0,0.00,0,0,0,0,0,N/A
2025-10-13 09:20:05,0,8877.76,47,93,2846,2846.72,100,ok,0,0,0,0.00,0,0,0,0,0,N/A
2025-10-13 09:20:09,0,8877.76,52,93,2846,2846.72,100,ok,0,0,0,0.00,0,0,0,0,0,N/A
2025-10-13 09:20:13,0,8877.76,52,93,2846,2846.72,100,ok,0,0,0,0.00,0,0,0,0,0,N/A
2025-10-13 09:20:18,0,8877.76,56,93,2846,2846.72,100,ok,0,0,0,0.00,0,0,0,0,0,N/A
2025-10-13 09:20:22,0,8877.76,56,93,2846,2846.72,100,ok,0,0,0,0.00,0,0,0,0,0,N/A
2025-10-13 09:20:27,0,8877.76,59,93,2846,2846.72,100,ok,0,0,0,0.00,0,0,0,0,0,N/A
2025-10-13 09:20:31,0,8877.76,59,93,2846,2846.72,100,ok,0,0,0,0.00,0,0,0,0,0,N/A
2025-10-13 09:20:34,0,8877.76,59,93,2846,2846.72,100,ok,0,0,0,0.00,0,0,0,0,0,N/A
2025-10-13 09:20:38,0,8877.76,62,93,2846,2846.72,100,ok,0,0,0,0.00,0,0,0,0,0,N/A
2025-10-13 09:20:41,0,8877.76,62,93,2846,2846.72,100,ok,0,0,0,0.00,0,0,0,0,0,N/A
2025-10-13 09:20:45,0,8877.76,66,93,2846,2846.72,100,ok,0,0,0,0.00,0,0,0,0,0,N/A
2025-10-13 09:20:49,0,8877.76,66,93,2846,2846.72,100,ok,0,0,0,0.00,0,0,0,0,0,N/A
2025-10-13 09:20:53,0,8877.76,66,93,2846,2846.72,100,ok,0,0,0,0.00,0,0,0,0,0,N/A
2025-10-13 09:20:58,0,8877.76,69,93,2846,2846.72,100,ok,0,0,0,0.00,0,0,0,0,0,N/A
2025-10-13 09:21:02,0,8877.76,69,93,2846,2846.72,100,ok,0,0,0,0.00,0,0,0,0,0,N/A
2025-10-13 09:21:07,0,8877.76,43,93,2846,2846.72,100,ok,0,0,0,0.00,0,0,0,0,0,N/A
2025-10-13 09:21:10,0,8877.76,43,93,2846,2846.72,100,ok,0,0,0,0.00,0,0,0,0,0,N/A
2025-10-13 09:21:14,0,8877.76,43,93,2846,2846.72,100,ok,0,0,0,0.00,0,0,0,0,0,N/A
2025-10-13 09:21:18,0,8877.76,47,93,2846,2846.72,100,ok,0,0,0,0.00,0,0,0,0,0,N/A
2025-10-13 09:21:21,0,8877.76,47,93,2846,2846.72,100,ok,0,0,0,0.00,0,0,0,0,0,N/A
2025-10-13 09:21:36,0,8877.76,50,93,2846,2846.72,100,ok,0,0,0,0.00,0,0,0,0,0,N/A
2025-10-13 09:21:40,0,8877.76,53,93,2846,2846.72,100,ok,0,0,0,0.00,0,0,0,0,0,N/A
2025-10-13 09:21:44,0,8877.76,53,93,2846,2846.72,100,ok,0,0,0,0.00,0,0,0,0,0,N/A
2025-10-13 09:21:48,0,8877.76,57,93,2846,2846.72,100,ok,0,0,0,0.00,0,0,0,0,0,N/A
2025-10-13 09:21:52,0,8877.76,57,93,2846,2846.72,100,ok,0,0,0,0.00,0,0,0,0,0,N/A
2025-10-13 09:21:57,0,8877.76,57,93,2846,2846.72,100,ok,0,0,0,0.00,0,0,0,0,0,N/A
2025-10-13 09:22:00,0,8877.76,60,93,2846,2846.72,100,ok,0,0,0,0.00,0,0,0,0,0,N/A
2025-10-13 09:22:04,0,8877.76,60,93,2846,2846.72,100,ok,0,0,0,0.00,0,0,0,0,0,N/A
2025-10-13 09:22:08,0,8877.76,60,93,2846,2846.72,100,ok,0,0,0,0.00,0,0,0,0,0,N/A
2025-10-13 09:22:11,0,8877.76,64,93,2846,2846.72,100,ok,0,0,0,0.00,0,0,0,0,0,N/A
2025-10-13 09:22:15,0,8877.76,64,93,2846,2846.72,100,ok,0,0,0,0.00,0,0,0,0,0,N/A
2025-10-13 09:22:18,0,8877.76,64,93,2846,2846.72,100,ok,0,0,0,0.00,0,0,0,0,0,N/A
2025-10-13 09:22:21,0,8877.76,64,93,2846,2846.72,100,ok,0,0,0,0.00,0,0,0,0,0,N/A
2025-10-13 09:22:27,0,8877.76,67,93,2846,2846.72,100,ok,0,0,0,0.00,0,0,0,0,0,N/A
2025-10-13 09:22:30,0,8877.76,67,93,2846,2846.72,100,ok,0,0,0,0.00,0,0,0,0,0,N/A
2025-10-13 09:22:34,0,8877.76,45,93,2846,2846.72,100,ok,0,0,0,0.00,0,0,0,0,0,N/A
2025-10-13 09:22:38,0,8877.76,45,93,2846,2846.72,100,ok,0,0,0,0.00,0,0,0,0,0,N/A
2025-10-13 09:22:42,0,8877.76,45,93,2846,2846.72,100,ok,0,0,0,0.00,0,0,0,0,0,N/A
2025-10-13 09:22:46,0,8877.76,49,93,2846,2846.72,100,ok,0,0,0,0.00,0,0,0,0,0,N/A
2025-10-13 09:22:51,0,8877.76,49,93,2846,2846.72,100,ok,0,0,0,0.00,0,0,0,0,0,N/A
2025-10-13 09:22:55,0,8877.76,49,93,2846,2846.72,100,ok,0,0,0,0.00,0,0,0,0,0,N/A
2025-10-13 09:22:58,0,8877.76,53,93,2846,2846.72,100,ok,0,0,0,0.00,0,0,0,0,0,N/A
2025-10-13 09:23:02,0,8877.76,53,93,2846,2846.72,100,ok,0,0,0,0.00,0,0,0,0,0,N/A
2025-10-13 09:23:07,0,8877.76,53,93,2846,2846.72,100,ok,0,0,0,0.00,0,0,0,0,0,N/A
2025-10-13 09:23:11,0,8877.76,56,93,2846,2846.72,100,ok,0,0,0,0.00,0,0,0,0,0,N/A
2025-10-13 09:23:15,0,8877.76,56,93,2846,2846.72,100,ok,0,0,0,0.00,0,0,0,0,0,N/A
2025-10-13 09:23:18,0,8877.76,56,93,2846,2846.72,100,ok,0,0,0,0.00,0,0,0,0,0,N/A
2025-10-13 09:23:22,0,8877.76,59,93,2846,2846.72,100,ok,0,0,0,0.00,0,0,0,0,0,N/A
2025-10-13 09:23:27,0,8877.76,59,93,2846,2846.72,100,ok,0,0,0,0.00,0,0,0,0,0,N/A
2025-10-13 09:23:31,0,8877.76,63,93,2846,2846.72,100,ok,0,0,0,0.00,0,0,0,0,0,N/A
2025-10-13 09:23:37,0,8877.76,63,93,2846,2846.72,100,ok,0,0,0,0.00,0,0,0,0,0,N/A
2025-10-13 09:23:41,0,8877.76,66,93,2846,2846.72,100,ok,0,0,0,0.00,0,0,0,0,0,N/A
2025-10-13 09:23:45,0,8877.76,66,93,2846,2846.72,100,ok,0,0,0,0.00,0,0,0,0,0,N/A
2025-10-13 09:23:49,0,8877.76,66,93,2846,2846.72,100,ok,0,0,0,0.00,0,0,0,0,0,N/A
2025-10-13 09:23:52,0,8877.76,69,93,2846,2846.72,100,ok,0,0,0,0.00,0,0,0,0,0,N/A
2025-10-13 09:23:58,0,8877.76,69,93,2846,2846.72,100,ok,0,0,0,0.00,0,0,0,0,0,N/A
2025-10-13 09:24:02,0,8877.76,43,93,2846,2846.72,100,ok,0,0,0,0.00,0,0,0,0,0,N/A
2025-10-13 09:24:08,0,8877.76,43,93,2846,2846.72,100,ok,0,0,0,0.00,0,0,0,0,0,N/A
2025-10-13 09:24:11,0,8877.76,47,93,2846,2846.72,100,ok,0,0,0,0.00,0,0,0,0,0,N/A
2025-10-13 09:24:15,0,8877.76,47,93,2846,2846.72,100,ok,0,0,0,0.00,0,0,0,0,0,N/A
2025-10-13 09:24:19,0,8877.76,50,93,2846,2846.72,100,ok,0,0,0,0.00,0,0,0,0,0,N/A
2025-10-13 09:24:23,0,8877.76,50,93,2846,2846.72,100,ok,0,0,0,0.00,0,0,0,0,0,N/A
2025-10-13 09:24:28,0,8877.76,50,93,2846,2846.72,100,ok,0,0,0,0.00,0,0,0,0,0,N/A
2025-10-13 09:24:32,0,8877.76,54,93,2846,2846.72,100,ok,0,0,0,0.00,0,0,0,0,0,N/A
2025-10-13 09:24:37,0,8877.76,54,93,2846,2846.72,100,ok,0,0,0,0.00,0,0,0,0,0,N/A
2025-10-13 09:24:41,0,8877.76,57,93,2846,2846.72,100,ok,0,0,0,0.00,0,0,0,0,0,N/A
2025-10-13 09:24:47,0,8877.76,57,93,2846,2846.72,100,ok,0,0,0,0.00,0,0,0,0,0,N/A
2025-10-13 09:24:51,0,8877.76,57,93,2846,2846.72,100,ok,0,0,0,0.00,0,0,0,0,0,N/A
2025-10-13 09:24:57,0,8877.76,61,93,2846,2846.72,100,ok,0,0,0,0.00,0,0,0,0,0,N/A
2025-10-13 09:25:01,0,8877.76,61,93,2846,2846.72,100,ok,0,0,0,0.00,0,0,0,0,0,N/A
2025-10-13 09:25:04,0,8877.76,64,93,2846,2846.72,100,ok,0,0,0,0.00,0,0,0,0,0,N/A
2025-10-13 09:25:08,0,8877.76,64,93,2846,2846.72,100,ok,0,0,0,0.00,0,0,0,0,0,N/A
2025-10-13 09:25:12,0,8877.76,43,93,2846,2846.72,100,ok,0,0,0,0.00,0,0,0,0,0,N/A
2025-10-13 09:25:17,0,8877.76,43,93,2846,2846.72,100,ok,0,0,0,0.00,0,0,0,0,0,N/A
2025-10-13 09:25:21,0,8877.76,43,93,2846,2846.72,100,ok,0,0,0,0.00,0,0,0,0,0,N/A
2025-10-13 09:25:24,0,8877.76,46,93,2846,2846.72,100,ok,0,0,0,0.00,0,0,0,0,0,N/A
2025-10-13 09:25:28,0,8877.76,46,93,2846,2846.72,100,ok,0,0,0,0.00,0,0,0,0,0,N/A
2025-10-13 09:25:33,0,8877.76,51,93,2846,2846.72,100,ok,0,0,0,0.00,0,0,0,0,0,N/A
2025-10-13 09:25:38,0,8877.76,51,93,2846,2846.72,100,ok,0,0,0,0.00,0,0,0,0,0,N/A
2025-10-13 09:25:42,0,8877.76,51,93,2846,2846.72,100,ok,0,0,0,0.00,0,0,0,0,0,N/A
2025-10-13 09:25:47,0,8877.76,55,93,2846,2846.72,100,ok,0,0,0,0.00,0,0,0,0,0,N/A
2025-10-13 09:25:51,0,8877.76,55,93,2846,2846.72,100,ok,0,0,0,0.00,0,0,0,0,0,N/A
2025-10-13 09:25:54,0,8877.76,59,93,2846,2846.72,100,ok,0,0,0,0.00,0,0,0,0,0,N/A
2025-10-13 09:25:58,0,8877.76,59,93,2846,2846.72,100,ok,0,0,0,0.00,0,0,0,0,0,N/A
2025-10-13 09:26:01,0,8877.76,59,93,2846,2846.72,100,ok,0,0,0,0.00,0,0,0,0,0,N/A
2025-10-13 09:26:06,0,8877.76,62,93,2846,2846.72,100,ok,0,0,0,0.00,0,0,0,0,0,N/A
2025-10-13 09:26:10,0,8877.76,62,93,2846,2846.72,100,ok,0,0,0,0.00,0,0,0,0,0,N/A
2025-10-13 09:26:13,0,8877.76,62,93,2846,2846.72,100,ok,0,0,0,0.00,0,0,0,0,0,N/A
2025-10-13 09:26:18,0,8877.76,66,93,2846,2846.72,100,ok,0,0,0,0.00,0,0,0,0,0,N/A
2025-10-13 09:26:22,0,8877.76,66,93,2846,2846.72,100,ok,0,0,0,0.00,0,0,0,0,0,N/A
2025-10-13 09:26:42,0,8877.76,43,93,2846,2846.72,100,ok,0,0,0,0.00,0,0,0,0,0,N/A
2025-10-13 09:26:47,0,8877.76,43,93,2846,2846.72,100,ok,0,0,0,0.00,0,0,0,0,0,N/A
2025-10-13 09:26:51,0,8877.76,43,93,2846,2846.72,100,ok,0,0,0,0.00,0,0,0,0,0,N/A
2025-10-13 09:26:56,0,8877.76,47,93,2846,2846.72,100,ok,0,0,0,0.00,0,0,0,0,0,N/A
2025-10-13 09:27:00,0,8877.76,47,93,2846,2846.72,100,ok,0,0,0,0.00,0,0,0,0,0,N/A
2025-10-13 09:27:03,0,8877.76,52,93,2846,2846.72,100,ok,0,0,0,0.00,0,0,0,0,0,N/A
2025-10-13 09:27:08,0,8877.76,52,93,2846,2846.72,100,ok,0,0,0,0.00,0,0,0,0,0,N/A
2025-10-13 09:27:12,0,8877.76,52,93,2846,2846.72,100,ok,0,0,0,0.00,0,0,0,0,0,N/A
2025-10-13 09:27:17,0,8877.76,56,93,2846,2846.72,100,ok,0,0,0,0.00,0,0,0,0,0,N/A
2025-10-13 09:27:21,0,8877.76,56,93,2846,2846.72,100,ok,0,0,0,0.00,0,0,0,0,0,N/A
2025-10-13 09:27:25,0,8877.76,56,93,2846,2846.72,100,ok,0,0,0,0.00,0,0,0,0,0,N/A
2025-10-13 09:27:28,0,8877.76,59,93,2846,2846.72,100,ok,0,0,0,0.00,0,0,0,0,0,N/A
2025-10-13 09:27:32,0,8877.76,59,93,2846,2846.72,100,ok,0,0,0,0.00,0,0,0,0,0,N/A
2025-10-13 09:27:37,0,8877.76,63,93,2846,2846.72,100,ok,0,0,0,0.00,0,0,0,0,0,N/A
2025-10-13 09:27:41,0,8877.76,63,93,2846,2846.72,100,ok,0,0,0,0.00,0,0,0,0,0,N/A
2025-10-13 09:27:45,0,8877.76,63,93,2846,2846.72,100,ok,0,0,0,0.00,0,0,0,0,0,N/A
2025-10-13 09:27:48,0,8877.76,66,93,2846,2846.72,100,ok,0,0,0,0.00,0,0,0,0,0,N/A
2025-10-13 09:27:53,0,8877.76,66,93,2846,2846.72,100,ok,0,0,0,0.00,0,0,0,0,0,N/A
2025-10-13 09:27:58,0,8877.76,66,93,2846,2846.72,100,ok,0,0,0,0.00,0,0,0,0,0,N/A
2025-10-13 09:28:02,0,8877.76,69,93,2846,2846.72,100,ok,0,0,0,0.00,0,0,0,0,0,N/A
2025-10-13 09:28:08,0,8877.76,69,93,2846,2846.72,100,ok,0,0,0,0.00,0,0,0,0,0,N/A
2025-10-13 09:28:12,0,8877.76,43,93,2846,2846.72,100,ok,0,0,0,0.00,0,0,0,0,0,N/A
2025-10-13 09:28:17,0,8877.76,43,93,2846,2846.72,100,ok,0,0,0,0.00,0,0,0,0,0,N/A
2025-10-13 09:28:20,0,8877.76,47,93,2846,2846.72,100,ok,0,0,0,0.00,0,0,0,0,0,N/A
2025-10-13 09:28:24,0,8877.76,47,93,2846,2846.72,100,ok,0,0,0,0.00,0,0,0,0,0,N/A
2025-10-13 09:28:28,0,8877.76,47,93,2846,2846.72,100,ok,0,0,0,0.00,0,0,0,0,0,N/A
2025-10-13 09:28:32,0,8877.76,47,93,2846,2846.72,100,ok,0,0,0,0.00,0,0,0,0,0,N/A
2025-10-13 09:28:37,0,8877.76,50,93,2846,2846.72,100,ok,0,0,0,0.00,0,0,0,0,0,N/A
2025-10-13 09:28:40,0,8877.76,50,93,2846,2846.72,100,ok,0,0,0,0.00,0,0,0,0,0,N/A
2025-10-13 09:28:44,0,8877.76,56,93,2846,2846.72,100,ok,0,0,0,0.00,0,0,0,0,0,N/A
2025-10-13 09:28:48,0,8877.76,56,93,2846,2846.72,100,ok,0,0,0,0.00,0,0,0,0,0,N/A
2025-10-13 09:28:52,0,8877.76,56,93,2846,2846.72,100,ok,0,0,0,0.00,0,0,0,0,0,N/A
2025-10-13 09:28:57,0,8877.76,60,93,2846,2846.72,100,ok,0,0,0,0.00,0,0,0,0,0,N/A
2025-10-13 09:29:01,0,8877.76,60,93,2846,2846.72,100,ok,0,0,0,0.00,0,0,0,0,0,N/A
2025-10-13 09:29:05,0,8877.76,63,93,2846,2846.72,100,ok,0,0,0,0.00,0,0,0,0,0,N/A
2025-10-13 09:29:08,0,8877.76,63,93,2846,2846.72,100,ok,0,0,0,0.00,0,0,0,0,0,N/A
2025-10-13 09:29:12,0,8877.76,63,93,2846,2846.72,100,ok,0,0,0,0.00,0,0,0,0,0,N/A
2025-10-13 09:29:17,0,8877.76,66,93,2846,2846.72,100,ok,0,0,0,0.00,0,0,0,0,0,N/A
2025-10-13 09:29:21,0,8877.76,66,93,2846,2846.72,100,ok,0,0,0,0.00,0,0,0,0,0,N/A
2025-10-13 09:29:24,0,8877.76,66,93,2846,2846.72,100,ok,0,0,0,0.00,0,0,0,0,0,N/A
2025-10-13 09:29:28,0,8877.76,70,93,2846,2846.72,100,ok,0,0,0,0.00,0,0,0,0,0,N/A
2025-10-13 09:29:32,0,8877.76,70,93,2846,2846.72,100,ok,0,0,0,0.00,0,0,0,0,0,N/A
2025-10-13 09:29:37,0,8877.76,44,93,2846,2846.72,100,ok,0,0,0,0.00,0,0,0,0,0,N/A
2025-10-13 09:29:41,0,8877.76,44,93,2846,2846.72,100,ok,0,0,0,0.00,0,0,0,0,0,N/A
2025-10-13 09:29:45,0,8877.76,44,93,2846,2846.72,100,ok,0,0,0,0.00,0,0,0,0,0,N/A
2025-10-13 09:29:48,0,8877.76,47,93,2846,2846.72,100,ok,0,0,0,0.00,0,0,0,0,0,N/A
2025-10-13 09:29:51,0,8877.76,47,93,2846,2846.72,100,ok,0,0,0,0.00,0,0,0,0,0,N/A
2025-10-13 09:29:57,0,8877.76,47,93,2846,2846.72,100,ok,0,0,0,0.00,0,0,0,0,0,N/A
2025-10-13 09:30:00,0,8877.76,50,93,2846,2846.72,100,ok,0,0,0,0.00,0,0,0,0,0,N/A
2025-10-13 09:30:04,0,8877.76,50,93,2846,2846.72,100,ok,0,0,0,0.00,0,0,0,0,0,N/A
2025-10-13 09:30:08,0,8877.76,54,93,2846,2846.72,100,ok,0,0,0,0.00,0,0,0,0,0,N/A
2025-10-13 09:30:12,0,8877.76,54,93,2846,2846.72,100,ok,0,0,0,0.00,0,0,0,0,0,N/A
2025-10-13 09:30:17,0,8877.76,54,93,2846,2846.72,100,ok,0,0,0,0.00,0,0,0,0,0,N/A
2025-10-13 09:30:21,0,8877.76,57,93,2846,2846.72,100,ok,0,0,0,0.00,0,0,0,0,0,N/A
2025-10-13 09:30:25,0,8877.76,57,93,2846,2846.72,100,ok,0,0,0,0.00,0,0,0,0,0,N/A
2025-10-13 09:30:29,0,8877.76,60,93,2846,2846.72,100,ok,0,0,0,0.00,0,0,0,0,0,N/A
2025-10-13 09:30:32,0,8877.76,60,93,2846,2846.72,100,ok,0,0,0,0.00,0,0,0,0,0,N/A
2025-10-13 09:30:37,0,8877.76,60,93,2846,2846.72,100,ok,0,0,0,0.00,0,0,0,0,0,N/A
2025-10-13 09:30:41,0,8877.76,60,93,2846,2846.72,100,ok,0,0,0,0.00,0,0,0,0,0,N/A
2025-10-13 09:30:45,0,8877.76,64,93,2846,2846.72,100,ok,0,0,0,0.00,0,0,0,0,0,N/A
2025-10-13 09:30:49,0,8877.76,64,93,2846,2846.72,100,ok,0,0,0,0.00,0,0,0,0,0,N/A
2025-10-13 09:30:52,0,8877.76,43,93,2846,2846.72,100,ok,0,0,0,0.00,0,0,0,0,0,N/A
2025-10-13 09:30:58,0,8877.76,43,93,2846,2846.72,100,ok,0,0,0,0.00,0,0,0,0,0,N/A
2025-10-13 09:31:01,0,8877.76,43,93,2846,2846.72,100,ok,0,0,0,0.00,0,0,0,0,0,N/A
2025-10-13 09:31:07,0,8877.76,46,93,2846,2846.72,100,ok,0,0,0,0.00,0,0,0,0,0,N/A
2025-10-13 09:31:11,0,8877.76,46,93,2846,2846.72,100,ok,0,0,0,0.00,0,0,0,0,0,N/A
2025-10-13 09:31:15,0,8877.76,46,93,2846,2846.72,100,ok,0,0,0,0.00,0,0,0,0,0,N/A
2025-10-13 09:31:18,0,8877.76,52,93,2846,2846.72,100,ok,0,0,0,0.00,0,0,0,0,0,N/A
2025-10-13 09:31:22,0,8877.76,52,93,2846,2846.72,100,ok,0,0,0,0.00,0,0,0,0,0,N/A
2025-10-13 09:31:43,0,8877.76,59,93,2846,2846.72,100,ok,0,0,0,0.00,0,0,0,0,0,N/A
2025-10-13 09:31:48,0,8877.76,59,93,2846,2846.72,100,ok,0,0,0,0.00,0,0,0,0,0,N/A
2025-10-13 09:31:52,0,8877.76,62,93,2846,2846.72,100,ok,0,0,0,0.00,0,0,0,0,0,N/A
2025-10-13 09:31:57,0,8877.76,62,93,2846,2846.72,100,ok,0,0,0,0.00,0,0,0,0,0,N/A
2025-10-13 09:32:01,0,8877.76,66,93,2846,2846.72,100,ok,0,0,0,0.00,0,0,0,0,0,N/A
2025-10-13 09:32:05,0,8877.76,66,93,2846,2846.72,100,ok,0,0,0,0.00,0,0,0,0,0,N/A
2025-10-13 09:32:09,0,8877.76,66,93,2846,2846.72,100,ok,0,0,0,0.00,0,0,0,0,0,N/A
2025-10-13 09:32:12,0,8877.76,69,93,2846,2846.72,100,ok,0,0,0,0.00,0,0,0,0,0,N/A
2025-10-13 09:32:17,0,8877.76,69,93,2846,2846.72,100,ok,0,0,0,0.00,0,0,0,0,0,N/A
2025-10-13 09:32:20,0,8877.76,43,94,2846,2846.72,100,ok,0,0,0,0.00,0,0,0,0,0,N/A
2025-10-13 09:32:23,0,8877.76,43,94,2846,2846.72,100,ok,0,0,0,0.00,0,0,0,0,0,N/A
2025-10-13 09:32:28,0,8877.76,43,94,2846,2846.72,100,ok,0,0,0,0.00,0,0,0,0,0,N/A
2025-10-13 09:32:32,0,8877.76,47,94,2846,2846.72,100,ok,0,0,0,0.00,0,0,0,0,0,N/A
2025-10-13 09:32:37,0,8877.76,47,94,2846,2846.72,100,ok,0,0,0,0.00,0,0,0,0,0,N/A
2025-10-13 09:32:40,0,8877.76,50,94,2846,2846.72,100,ok,0,0,0,0.00,0,0,0,0,0,N/A
2025-10-13 09:32:44,0,8877.76,50,94,2846,2846.72,100,ok,0,0,0,0.00,0,0,0,0,0,N/A
2025-10-13 09:32:48,0,8877.76,50,94,2846,2846.72,100,ok,0,0,0,0.00,0,0,0,0,0,N/A
2025-10-13 09:32:51,0,8877.76,54,94,2846,2846.72,100,ok,0,0,0,0.00,0,0,0,0,0,N/A
2025-10-13 09:32:55,0,8877.76,54,94,2846,2846.72,100,ok,0,0,0,0.00,0,0,0,0,0,N/A
2025-10-13 09:32:58,0,8877.76,54,94,2846,2846.72,100,ok,0,0,0,0.00,0,0,0,0,0,N/A
2025-10-13 09:33:02,0,8877.76,57,94,2846,2846.72,100,ok,0,0,0,0.00,0,0,0,0,0,N/A
2025-10-13 09:33:07,0,8877.76,57,94,2846,2846.72,100,ok,0,0,0,0.00,0,0,0,0,0,N/A
2025-10-13 09:33:10,0,8877.76,57,94,2846,2846.72,100,ok,0,0,0,0.00,0,0,0,0,0,N/A
2025-10-13 09:33:14,0,8877.76,57,94,2846,2846.72,100,ok,0,0,0,0.00,0,0,0,0,0,N/A
2025-10-13 09:33:18,0,8877.76,62,94,2846,2846.72,100,ok,0,0,0,0.00,0,0,0,0,0,N/A
2025-10-13 09:33:21,0,8877.76,62,94,2846,2846.72,100,ok,0,0,0,0.00,0,0,0,0,0,N/A
2025-10-13 09:33:27,0,8877.76,66,94,2846,2846.72,100,ok,0,0,0,0.00,0,0,0,0,0,N/A
2025-10-13 09:33:30,0,8877.76,66,94,2846,2846.72,100,ok,0,0,0,0.00,0,0,0,0,0,N/A
2025-10-13 09:33:34,0,8877.76,66,94,2846,2846.72,100,ok,0,0,0,0.00,0,0,0,0,0,N/A
2025-10-13 09:33:38,0,8877.76,69,94,2846,2846.72,100,ok,0,0,0,0.00,0,0,0,0,0,N/A
2025-10-13 09:33:42,0,8877.76,69,94,2846,2846.72,100,ok,0,0,0,0.00,0,0,0,0,0,N/A
2025-10-13 09:33:47,0,8877.76,44,94,2846,2846.72,100,ok,0,0,0,0.00,0,0,0,0,0,N/A
2025-10-13 09:33:51,0,8877.76,44,94,2846,2846.72,100,ok,0,0,0,0.00,0,0,0,0,0,N/A
2025-10-13 09:33:55,0,8877.76,47,94,2846,2846.72,100,ok,0,0,0,0.00,0,0,0,0,0,N/A
2025-10-13 09:33:59,0,8877.76,47,94,2846,2846.72,100,ok,0,0,0,0.00,0,0,0,0,0,N/A
2025-10-13 09:34:03,0,8877.76,47,94,2846,2846.72,100,ok,0,0,0,0.00,0,0,0,0,0,N/A
2025-10-13 09:34:08,0,8877.76,51,94,2846,2846.72,100,ok,0,0,0,0.00,0,0,0,0,0,N/A
2025-10-13 09:34:11,0,8877.76,51,94,2846,2846.72,100,ok,0,0,0,0.00,0,0,0,0,0,N/A
2025-10-13 09:34:18,0,8877.76,54,94,2846,2846.72,100,ok,0,0,0,0.00,0,0,0,0,0,N/A
2025-10-13 09:34:22,0,8877.76,54,94,2846,2846.72,100,ok,0,0,0,0.00,0,0,0,0,0,N/A
2025-10-13 09:34:27,0,8877.76,57,94,2846,2846.72,100,ok,0,0,0,0.00,0,0,0,0,0,N/A
2025-10-13 09:34:31,0,8877.76,57,94,2846,2846.72,100,ok,0,0,0,0.00,0,0,0,0,0,N/A
2025-10-13 09:34:34,0,8877.76,57,94,2846,2846.72,100,ok,0,0,0,0.00,0,0,0,0,0,N/A
2025-10-13 09:34:38,0,8877.76,61,94,2846,2846.72,100,ok,0,0,0,0.00,0,0,0,0,0,N/A
2025-10-13 09:34:41,0,8877.76,61,94,2846,2846.72,100,ok,0,0,0,0.00,0,0,0,0,0,N/A
2025-10-13 09:34:45,0,8877.76,61,94,2846,2846.72,100,ok,0,0,0,0.00,0,0,0,0,0,N/A
2025-10-13 09:34:48,0,8877.76,64,94,2846,2846.72,100,ok,0,0,0,0.00,0,0,0,0,0,N/A
2025-10-13 09:34:52,0,8877.76,64,94,2846,2846.72,100,ok,0,0,0,0.00,0,0,0,0,0,N/A
2025-10-13 09:34:57,0,8877.76,64,94,2846,2846.72,100,ok,0,0,0,0.00,0,0,0,0,0,N/A
2025-10-13 09:35:00,0,8877.76,68,94,2846,2846.72,100,ok,0,0,0,0.00,0,0,0,0,0,N/A
2025-10-13 09:35:04,0,8877.76,68,94,2846,2846.72,100,ok,0,0,0,0.00,0,0,0,0,0,N/A
2025-10-13 09:35:08,0,8877.76,44,94,2846,2846.72,100,ok,0,0,0,0.00,0,0,0,0,0,N/A
2025-10-13 09:35:11,0,8877.76,44,94,2846,2846.72,100,ok,0,0,0,0.00,0,0,0,0,0,N/A
2025-10-13 09:35:14,0,8877.76,44,94,2846,2846.72,100,ok,0,0,0,0.00,0,0,0,0,0,N/A
2025-10-13 09:35:18,0,8877.76,47,94,2846,2846.72,100,ok,0,0,0,0.00,0,0,0,0,0,N/A
2025-10-13 09:35:21,0,8877.76,47,94,2846,2846.72,100,ok,0,0,0,0.00,0,0,0,0,0,N/A
2025-10-13 09:35:24,0,8877.76,47,94,2846,2846.72,100,ok,0,0,0,0.00,0,0,0,0,0,N/A
2025-10-13 09:35:27,0,8877.76,47,94,2846,2846.72,100,ok,0,0,0,0.00,0,0,0,0,0,N/A
2025-10-13 09:35:31,0,8877.76,50,94,2846,2846.72,100,ok,0,0,0,0.00,0,0,0,0,0,N/A
2025-10-13 09:35:34,0,8877.76,50,94,2846,2846.72,100,ok,0,0,0,0.00,0,0,0,0,0,N/A
2025-10-13 09:35:38,0,8877.76,50,94,2846,2846.72,100,ok,0,0,0,0.00,0,0,0,0,0,N/A
2025-10-13 09:35:41,0,8877.76,54,94,2846,2846.72,100,ok,0,0,0,0.00,0,0,0,0,0,N/A
2025-10-13 09:35:47,0,8877.76,54,94,2846,2846.72,100,ok,0,0,0,0.00,0,0,0,0,0,N/A
2025-10-13 09:35:50,0,8877.76,57,94,2846,2846.72,100,ok,0,0,0,0.00,0,0,0,0,0,N/A
2025-10-13 09:35:54,0,8877.76,57,94,2846,2846.72,100,ok,0,0,0,0.00,0,0,0,0,0,N/A
2025-10-13 09:35:58,0,8877.76,57,94,2846,2846.72,100,ok,0,0,0,0.00,0,0,0,0,0,N/A
2025-10-13 09:36:01,0,8877.76,61,94,2846,2846.72,100,ok,0,0,0,0.00,0,0,0,0,0,N/A
2025-10-13 09:36:05,0,8877.76,61,94,2846,2846.72,100,ok,0,0,0,0.00,0,0,0,0,0,N/A
2025-10-13 09:36:08,0,8877.76,61,94,2846,2846.72,100,ok,0,0,0,0.00,0,0,0,0,0,N/A
2025-10-13 09:36:12,0,8877.76,61,94,2846,2846.72,100,ok,0,0,0,0.00,0,0,0,0,0,N/A
2025-10-13 09:36:17,0,8877.76,64,94,2846,2846.72,100,ok,0,0,0,0.00,0,0,0,0,0,N/A
2025-10-13 09:36:21,0,8877.76,64,94,2846,2846.72,100,ok,0,0,0,0.00,0,0,0,0,0,N/A
2025-10-13 09:36:30,0,8877.76,43,94,2846,2846.72,100,ok,0,0,0,0.00,0,0,0,0,0,N/A
2025-10-13 09:36:41,0,8877.76,46,94,2846,2846.72,100,ok,0,0,0,0.00,0,0,0,0,0,N/A
2025-10-13 09:36:45,0,8877.76,46,94,2846,2846.72,100,ok,0,0,0,0.00,0,0,0,0,0,N/A
2025-10-13 09:36:48,0,8877.76,52,94,2846,2846.72,100,ok,0,0,0,0.00,0,0,0,0,0,N/A
2025-10-13 09:36:51,0,8877.76,52,94,2846,2846.72,100,ok,0,0,0,0.00,0,0,0,0,0,N/A
2025-10-13 09:36:54,0,8877.76,52,94,2846,2846.72,100,ok,0,0,0,0.00,0,0,0,0,0,N/A
2025-10-13 09:36:58,0,8877.76,55,94,2846,2846.72,100,ok,0,0,0,0.00,0,0,0,0,0,N/A
2025-10-13 09:37:01,0,8877.76,55,94,2846,2846.72,100,ok,0,0,0,0.00,0,0,0,0,0,N/A
2025-10-13 09:37:04,0,8877.76,55,94,2846,2846.72,100,ok,0,0,0,0.00,0,0,0,0,0,N/A
2025-10-13 09:37:08,0,8877.76,59,94,2846,2846.72,100,ok,0,0,0,0.00,0,0,0,0,0,N/A
2025-10-13 09:37:11,0,8877.76,59,94,2846,2846.72,100,ok,0,0,0,0.00,0,0,0,0,0,N/A
2025-10-13 09:37:14,0,8877.76,59,94,2846,2846.72,100,ok,0,0,0,0.00,0,0,0,0,0,N/A
2025-10-13 09:37:18,0,8877.76,62,94,2846,2846.72,100,ok,0,0,0,0.00,0,0,0,0,0,N/A
2025-10-13 09:37:21,0,8877.76,62,94,2846,2846.72,100,ok,0,0,0,0.00,0,0,0,0,0,N/A
2025-10-13 09:37:24,0,8877.76,62,94,2846,2846.72,100,ok,0,0,0,0.00,0,0,0,0,0,N/A
2025-10-13 09:37:27,0,8877.76,66,94,2846,2846.72,100,ok,0,0,0,0.00,0,0,0,0,0,N/A
2025-10-13 09:37:31,0,8877.76,66,94,2846,2846.72,100,ok,0,0,0,0.00,0,0,0,0,0,N/A
2025-10-13 09:37:34,0,8877.76,66,94,2846,2846.72,100,ok,0,0,0,0.00,0,0,0,0,0,N/A
2025-10-13 09:37:38,0,8877.76,69,94,2846,2846.72,100,ok,0,0,0,0.00,0,0,0,0,0,N/A
2025-10-13 09:37:42,0,8877.76,69,94,2846,2846.72,100,ok,0,0,0,0.00,0,0,0,0,0,N/A
2025-10-13 09:37:47,0,8877.76,43,94,2846,2846.72,100,ok,0,0,0,0.00,0,0,0,0,0,N/A
2025-10-13 09:37:50,0,8877.76,43,94,2846,2846.72,100,ok,0,0,0,0.00,0,0,0,0,0,N/A
2025-10-13 09:37:54,0,8877.76,43,94,2846,2846.72,100,ok,0,0,0,0.00,0,0,0,0,0,N/A
2025-10-13 09:37:58,0,8877.76,47,94,2846,2846.72,100,ok,0,0,0,0.00,0,0,0,0,0,N/A
2025-10-13 09:38:02,0,8877.76,47,94,2846,2846.72,100,ok,0,0,0,0.00,0,0,0,0,0,N/A
2025-10-13 09:38:07,0,8877.76,50,94,2846,2846.72,100,ok,0,0,0,0.00,0,0,0,0,0,N/A
2025-10-13 09:38:11,0,8877.76,50,94,2846,2846.72,100,ok,0,0,0,0.00,0,0,0,0,0,N/A
2025-10-13 09:38:15,0,8877.76,50,94,2846,2846.72,100,ok,0,0,0,0.00,0,0,0,0,0,N/A
2025-10-13 09:38:18,0,8877.76,53,94,2846,2846.72,100,ok,0,0,0,0.00,0,0,0,0,0,N/A
2025-10-13 09:38:21,0,8877.76,53,94,2846,2846.72,100,ok,0,0,0,0.00,0,0,0,0,0,N/A
2025-10-13 09:38:24,0,8877.76,53,94,2846,2846.72,100,ok,0,0,0,0.00,0,0,0,0,0,N/A
2025-10-13 09:38:28,0,8877.76,57,94,2846,2846.72,100,ok,0,0,0,0.00,0,0,0,0,0,N/A
2025-10-13 09:38:31,0,8877.76,57,94,2846,2846.72,100,ok,0,0,0,0.00,0,0,0,0,0,N/A
2025-10-13 09:38:34,0,8877.76,57,94,2846,2846.72,100,ok,0,0,0,0.00,0,0,0,0,0,N/A
2025-10-13 09:38:38,0,8877.76,60,94,2846,2846.72,100,ok,0,0,0,0.00,0,0,0,0,0,N/A
2025-10-13 09:38:41,0,8877.76,60,94,2846,2846.72,100,ok,0,0,0,0.00,0,0,0,0,0,N/A
2025-10-13 09:38:44,0,8877.76,60,94,2846,2846.72,100,ok,0,0,0,0.00,0,0,0,0,0,N/A
2025-10-13 09:38:48,0,8877.76,64,94,2846,2846.72,100,ok,0,0,0,0.00,0,0,0,0,0,N/A
2025-10-13 09:38:51,0,8877.76,64,94,2846,2846.72,100,ok,0,0,0,0.00,0,0,0,0,0,N/A
2025-10-13 09:38:56,0,8877.76,64,94,2846,2846.72,100,ok,0,0,0,0.00,0,0,0,0,0,N/A
2025-10-13 09:39:00,0,8877.76,67,94,2846,2846.72,100,ok,0,0,0,0.00,0,0,0,0,0,N/A
2025-10-13 09:39:04,0,8877.76,67,94,2846,2846.72,100,ok,0,0,0,0.00,0,0,0,0,0,N/A
2025-10-13 09:39:08,0,8877.76,67,94,2846,2846.72,100,ok,0,0,0,0.00,0,0,0,0,0,N/A
2025-10-13 09:39:11,0,8877.76,44,94,2846,2846.72,100,ok,0,0,0,0.00,0,0,0,0,0,N/A
2025-10-13 09:39:15,0,8877.76,44,94,2846,2846.72,100,ok,0,0,0,0.00,0,0,0,0,0,N/A
2025-10-13 09:39:18,0,8877.76,44,94,2846,2846.72,100,ok,0,0,0,0.00,0,0,0,0,0,N/A
2025-10-13 09:39:21,0,8877.76,47,94,2846,2846.72,100,ok,0,0,0,0.00,0,0,0,0,0,N/A
2025-10-13 09:39:25,0,8877.76,47,94,2846,2846.72,100,ok,0,0,0,0.00,0,0,0,0,0,N/A
2025-10-13 09:39:28,0,8877.76,47,94,2846,2846.72,100,ok,0,0,0,0.00,0,0,0,0,0,N/A
2025-10-13 09:39:31,0,8877.76,50,94,2846,2846.72,100,ok,0,0,0,0.00,0,0,0,0,0,N/A
2025-10-13 09:39:34,0,8877.76,50,94,2846,2846.72,100,ok,0,0,0,0.00,0,0,0,0,0,N/A
2025-10-13 09:39:38,0,8877.76,50,94,2846,2846.72,100,ok,0,0,0,0.00,0,0,0,0,0,N/A
2025-10-13 09:39:42,0,8877.76,54,94,2846,2846.72,100,ok,0,0,0,0.00,0,0,0,0,0,N/A
2025-10-13 09:39:47,0,8877.76,54,94,2846,2846.72,100,ok,0,0,0,0.00,0,0,0,0,0,N/A
2025-10-13 09:39:51,0,8877.76,57,94,2846,2846.72,100,ok,0,0,0,0.00,0,0,0,0,0,N/A
2025-10-13 09:39:54,0,8877.76,57,94,2846,2846.72,100,ok,0,0,0,0.00,0,0,0,0,0,N/A
2025-10-13 09:39:58,0,8877.76,57,94,2846,2846.72,100,ok,0,0,0,0.00,0,0,0,0,0,N/A
2025-10-13 09:40:02,0,8877.76,60,94,2846,2846.72,100,ok,0,0,0,0.00,0,0,0,0,0,N/A
2025-10-13 09:40:05,0,8877.76,60,94,2846,2846.72,100,ok,0,0,0,0.00,0,0,0,0,0,N/A
2025-10-13 09:40:08,0,8877.76,60,94,2846,2846.72,100,ok,0,0,0,0.00,0,0,0,0,0,N/A
2025-10-13 09:40:11,0,8877.76,64,94,2846,2846.72,100,ok,0,0,0,0.00,0,0,0,0,0,N/A
2025-10-13 09:40:15,0,8877.76,64,94,2846,2846.72,100,ok,0,0,0,0.00,0,0,0,0,0,N/A
2025-10-13 09:40:18,0,8877.76,64,94,2846,2846.72,100,ok,0,0,0,0.00,0,0,0,0,0,N/A
2025-10-13 09:40:21,0,8877.76,43,94,2846,2846.72,100,ok,0,0,0,0.00,0,0,0,0,0,N/A
2025-10-13 09:40:25,0,8877.76,43,94,2846,2846.72,100,ok,0,0,0,0.00,0,0,0,0,0,N/A
2025-10-13 09:40:28,0,8877.76,43,94,2846,2846.72,100,ok,0,0,0,0.00,0,0,0,0,0,N/A
2025-10-13 09:40:31,0,8877.76,46,94,2846,2846.72,100,ok,0,0,0,0.00,0,0,0,0,0,N/A
2025-10-13 09:40:35,0,8877.76,46,94,2846,2846.72,100,ok,0,0,0,0.00,0,0,0,0,0,N/A
2025-10-13 09:40:38,0,8877.76,46,94,2846,2846.72,100,ok,0,0,0,0.00,0,0,0,0,0,N/A
2025-10-13 09:40:41,0,8877.76,50,94,2846,2846.72,100,ok,0,0,0,0.00,0,0,0,0,0,N/A
2025-10-13 09:40:44,0,8877.76,50,94,2846,2846.72,100,ok,0,0,0,0.00,0,0,0,0,0,N/A
2025-10-13 09:40:48,0,8877.76,50,94,2846,2846.72,100,ok,0,0,0,0.00,0,0,0,0,0,N/A
2025-10-13 09:40:51,0,8877.76,53,94,2846,2846.72,100,ok,0,0,0,0.00,0,0,0,0,0,N/A
2025-10-13 09:40:55,0,8877.76,53,94,2846,2846.72,100,ok,0,0,0,0.00,0,0,0,0,0,N/A
2025-10-13 09:40:58,0,8877.76,53,94,2846,2846.72,100,ok,0,0,0,0.00,0,0,0,0,0,N/A
2025-10-13 09:41:01,0,8877.76,57,94,2846,2846.72,100,ok,0,0,0,0.00,0,0,0,0,0,N/A
2025-10-13 09:41:04,0,8877.76,57,94,2846,2846.72,100,ok,0,0,0,0.00,0,0,0,0,0,N/A
2025-10-13 09:41:09,0,8877.76,60,94,2846,2846.72,100,ok,0,0,0,0.00,0,0,0,0,0,N/A
2025-10-13 09:41:12,0,8877.76,60,94,2846,2846.72,100,ok,0,0,0,0.00,0,0,0,0,0,N/A
2025-10-13 09:41:17,0,8877.76,60,94,2846,2846.72,100,ok,0,0,0,0.00,0,0,0,0,0,N/A
2025-10-13 09:41:21,0,8877.76,64,94,2846,2846.72,100,ok,0,0,0,0.00,0,0,0,0,0,N/A
2025-10-13 09:41:24,0,8877.76,64,94,2846,2846.72,100,ok,0,0,0,0.00,0,0,0,0,0,N/A
2025-10-13 09:41:44,0,8877.76,67,94,2846,2846.72,100,ok,0,0,0,0.00,0,0,0,0,0,N/A
2025-10-13 09:41:48,0,8877.76,45,94,2846,2846.72,100,ok,0,0,0,0.00,0,0,0,0,0,N/A
2025-10-13 09:41:52,0,8877.76,45,94,2846,2846.72,100,ok,0,0,0,0.00,0,0,0,0,0,N/A
2025-10-13 09:41:57,0,8877.76,49,94,2846,2846.72,100,ok,0,0,0,0.00,0,0,0,0,0,N/A
2025-10-13 09:42:00,0,8877.76,49,94,2846,2846.72,100,ok,0,0,0,0.00,0,0,0,0,0,N/A
2025-10-13 09:42:04,0,8877.76,49,94,2846,2846.72,100,ok,0,0,0,0.00,0,0,0,0,0,N/A
2025-10-13 09:42:08,0,8877.76,52,94,2846,2846.72,100,ok,0,0,0,0.00,0,0,0,0,0,N/A
2025-10-13 09:42:11,0,8877.76,52,94,2846,2846.72,100,ok,0,0,0,0.00,0,0,0,0,0,N/A
2025-10-13 09:42:15,0,8877.76,52,94,2846,2846.72,100,ok,0,0,0,0.00,0,0,0,0,0,N/A
2025-10-13 09:42:19,0,8877.76,55,94,2846,2846.72,100,ok,0,0,0,0.00,0,0,0,0,0,N/A
2025-10-13 09:42:22,0,8877.76,55,94,2846,2846.72,100,ok,0,0,0,0.00,0,0,0,0,0,N/A
2025-10-13 09:42:27,0,8877.76,59,94,2846,2846.72,100,ok,0,0,0,0.00,0,0,0,0,0,N/A
2025-10-13 09:42:30,0,8877.76,59,94,2846,2846.72,100,ok,0,0,0,0.00,0,0,0,0,0,N/A
2025-10-13 09:42:34,0,8877.76,59,94,2846,2846.72,100,ok,0,0,0,0.00,0,0,0,0,0,N/A
2025-10-13 09:42:38,0,8877.76,62,94,2846,2846.72,100,ok,0,0,0,0.00,0,0,0,0,0,N/A
2025-10-13 09:42:41,0,8877.76,62,94,2846,2846.72,100,ok,0,0,0,0.00,0,0,0,0,0,N/A
2025-10-13 09:42:44,0,8877.76,62,94,2846,2846.72,100,ok,0,0,0,0.00,0,0,0,0,0,N/A
2025-10-13 09:42:48,0,8877.76,66,94,2846,2846.72,100,ok,0,0,0,0.00,0,0,0,0,0,N/A
2025-10-13 09:42:52,0,8877.76,66,94,2846,2846.72,100,ok,0,0,0,0.00,0,0,0,0,0,N/A
2025-10-13 09:42:57,0,8877.76,69,94,2846,2846.72,100,ok,0,0,0,0.00,0,0,0,0,0,N/A
2025-10-13 09:43:00,0,8877.76,69,94,2846,2846.72,100,ok,0,0,0,0.00,0,0,0,0,0,N/A
2025-10-13 09:43:04,0,8877.76,69,94,2846,2846.72,100,ok,0,0,0,0.00,0,0,0,0,0,N/A
2025-10-13 09:43:08,0,8877.76,44,94,2846,2846.72,100,ok,0,0,0,0.00,0,0,0,0,0,N/A
2025-10-13 09:43:11,0,8877.76,44,94,2846,2846.72,100,ok,0,0,0,0.00,0,0,0,0,0,N/A
2025-10-13 09:43:15,0,8877.76,44,94,2846,2846.72,100,ok,0,0,0,0.00,0,0,0,0,0,N/A
2025-10-13 09:43:18,0,8877.76,47,94,2846,2846.72,100,ok,0,0,0,0.00,0,0,0,0,0,N/A
2025-10-13 09:43:21,0,8877.76,47,94,2846,2846.72,100,ok,0,0,0,0.00,0,0,0,0,0,N/A
2025-10-13 09:43:26,0,8877.76,47,94,2846,2846.72,100,ok,0,0,0,0.00,0,0,0,0,0,N/A
2025-10-13 09:43:30,0,8877.76,50,94,2846,2846.72,100,ok,0,0,0,0.00,0,0,0,0,0,N/A
2025-10-13 09:43:33,0,8877.76,50,94,2846,2846.72,100,ok,0,0,0,0.00,0,0,0,0,0,N/A
2025-10-13 09:43:38,0,8877.76,54,94,2846,2846.72,100,ok,0,0,0,0.00,0,0,0,0,0,N/A
2025-10-13 09:43:42,0,8877.76,54,94,2846,2846.72,100,ok,0,0,0,0.00,0,0,0,0,0,N/A
2025-10-13 09:43:47,0,8877.76,54,94,2846,2846.72,100,ok,0,0,0,0.00,0,0,0,0,0,N/A
2025-10-13 09:43:51,0,8877.76,57,94,2846,2846.72,100,ok,0,0,0,0.00,0,0,0,0,0,N/A
2025-10-13 09:43:54,0,8877.76,57,94,2846,2846.72,100,ok,0,0,0,0.00,0,0,0,0,0,N/A
2025-10-13 09:43:58,0,8877.76,57,94,2846,2846.72,100,ok,0,0,0,0.00,0,0,0,0,0,N/A
2025-10-13 09:44:02,0,8877.76,60,94,2846,2846.72,100,ok,0,0,0,0.00,0,0,0,0,0,N/A
2025-10-13 09:44:06,0,8877.76,60,94,2846,2846.72,100,ok,0,0,0,0.00,0,0,0,0,0,N/A
2025-10-13 09:44:09,0,8877.76,60,94,2846,2846.72,100,ok,0,0,0,0.00,0,0,0,0,0,N/A
2025-10-13 09:44:13,0,8877.76,64,94,2846,2846.72,100,ok,0,0,0,0.00,0,0,0,0,0,N/A
2025-10-13 09:44:18,0,8877.76,64,94,2846,2846.72,100,ok,0,0,0,0.00,0,0,0,0,0,N/A
2025-10-13 09:44:21,0,8877.76,43,94,2846,2846.72,100,ok,0,0,0,0.00,0,0,0,0,0,N/A
2025-10-13 09:44:24,0,8877.76,43,94,2846,2846.72,100,ok,0,0,0,0.00,0,0,0,0,0,N/A
2025-10-13 09:44:28,0,8877.76,43,94,2846,2846.72,100,ok,0,0,0,0.00,0,0,0,0,0,N/A
2025-10-13 09:44:31,0,8877.76,43,94,2846,2846.72,100,ok,0,0,0,0.00,0,0,0,0,0,N/A
2025-10-13 09:44:34,0,8877.76,47,94,2846,2846.72,100,ok,0,0,0,0.00,0,0,0,0,0,N/A
2025-10-13 09:44:38,0,8877.76,47,94,2846,2846.72,100,ok,0,0,0,0.00,0,0,0,0,0,N/A
2025-10-13 09:44:41,0,8877.76,47,94,2846,2846.72,100,ok,0,0,0,0.00,0,0,0,0,0,N/A
2025-10-13 09:44:44,0,8877.76,50,94,2846,2846.72,100,ok,0,0,0,0.00,0,0,0,0,0,N/A
2025-10-13 09:44:48,0,8877.76,50,94,2846,2846.72,100,ok,0,0,0,0.00,0,0,0,0,0,N/A
2025-10-13 09:44:51,0,8877.76,50,94,2846,2846.72,100,ok,0,0,0,0.00,0,0,0,0,0,N/A
2025-10-13 09:44:57,0,8877.76,53,94,2846,2846.72,100,ok,0,0,0,0.00,0,0,0,0,0,N/A
2025-10-13 09:45:00,0,8877.76,53,94,2846,2846.72,100,ok,0,0,0,0.00,0,0,0,0,0,N/A
2025-10-13 09:45:03,0,8877.76,58,94,2846,2846.72,100,ok,0,0,0,0.00,0,0,0,0,0,N/A
2025-10-13 09:45:08,0,8877.76,58,94,2846,2846.72,100,ok,0,0,0,0.00,0,0,0,0,0,N/A
2025-10-13 09:45:11,0,8877.76,58,94,2846,2846.72,100,ok,0,0,0,0.00,0,0,0,0,0,N/A
2025-10-13 09:45:14,0,8877.76,62,94,2846,2846.72,100,ok,0,0,0,0.00,0,0,0,0,0,N/A
2025-10-13 09:45:18,0,8877.76,62,94,2846,2846.72,100,ok,0,0,0,0.00,0,0,0,0,0,N/A
2025-10-13 09:45:21,0,8877.76,62,94,2846,2846.72,100,ok,0,0,0,0.00,0,0,0,0,0,N/A
2025-10-13 09:45:24,0,8877.76,62,94,2846,2846.72,100,ok,0,0,0,0.00,0,0,0,0,0,N/A
2025-10-13 09:45:29,0,8877.76,65,94,2846,2846.72,100,ok,0,0,0,0.00,0,0,0,0,0,N/A
2025-10-13 09:45:32,0,8877.76,65,94,2846,2846.72,100,ok,0,0,0,0.00,0,0,0,0,0,N/A
2025-10-13 09:45:37,0,8877.76,69,94,2846,2846.72,100,ok,0,0,0,0.00,0,0,0,0,0,N/A
2025-10-13 09:45:40,0,8877.76,69,94,2846,2846.72,100,ok,0,0,0,0.00,0,0,0,0,0,N/A
2025-10-13 09:45:43,0,8877.76,69,94,2846,2846.72,100,ok,0,0,0,0.00,0,0,0,0,0,N/A
2025-10-13 09:45:48,0,8877.76,43,94,2846,2846.72,100,ok,0,0,0,0.00,0,0,0,0,0,N/A
2025-10-13 09:45:52,0,8877.76,43,94,2846,2846.72,100,ok,0,0,0,0.00,0,0,0,0,0,N/A
2025-10-13 09:45:55,0,8877.76,47,94,2846,2846.72,100,ok,0,0,0,0.00,0,0,0,0,0,N/A
2025-10-13 09:45:58,0,8877.76,47,94,2846,2846.72,100,ok,0,0,0,0.00,0,0,0,0,0,N/A
2025-10-13 09:46:01,0,8877.76,47,94,2846,2846.72,100,ok,0,0,0,0.00,0,0,0,0,0,N/A
2025-10-13 09:46:07,0,8877.76,50,94,2846,2846.72,100,ok,0,0,0,0.00,0,0,0,0,0,N/A
2025-10-13 09:46:10,0,8877.76,50,94,2846,2846.72,100,ok,0,0,0,0.00,0,0,0,0,0,N/A
2025-10-13 09:46:13,0,8877.76,50,94,2846,2846.72,100,ok,0,0,0,0.00,0,0,0,0,0,N/A
2025-10-13 09:46:18,0,8877.76,50,94,2846,2846.72,100,ok,0,0,0,0.00,0,0,0,0,0,N/A
2025-10-13 09:46:22,0,8877.76,54,94,2846,2846.72,100,ok,0,0,0,0.00,0,0,0,0,0,N/A
2025-10-13 09:46:44,0,8877.76,60,94,2846,2846.72,100,ok,0,0,0,0.00,0,0,0,0,0,N/A
2025-10-13 09:46:48,0,8877.76,60,94,2846,2846.72,100,ok,0,0,0,0.00,0,0,0,0,0,N/A
2025-10-13 09:46:51,0,8877.76,60,94,2846,2846.72,100,ok,0,0,0,0.00,0,0,0,0,0,N/A
2025-10-13 09:46:56,0,8877.76,64,94,2846,2846.72,100,ok,0,0,0,0.00,0,0,0,0,0,N/A
2025-10-13 09:47:00,0,8877.76,64,94,2846,2846.72,100,ok,0,0,0,0.00,0,0,0,0,0,N/A
2025-10-13 09:47:04,0,8877.76,67,94,2846,2846.72,100,ok,0,0,0,0.00,0,0,0,0,0,N/A
2025-10-13 09:47:08,0,8877.76,67,94,2846,2846.72,100,ok,0,0,0,0.00,0,0,0,0,0,N/A
2025-10-13 09:47:12,0,8877.76,44,94,2846,2846.72,100,ok,0,0,0,0.00,0,0,0,0,0,N/A
2025-10-13 09:47:17,0,8877.76,44,94,2846,2846.72,100,ok,0,0,0,0.00,0,0,0,0,0,N/A
2025-10-13 09:47:20,0,8877.76,44,94,2846,2846.72,100,ok,0,0,0,0.00,0,0,0,0,0,N/A
2025-10-13 09:47:23,0,8877.76,47,94,2846,2846.72,100,ok,0,0,0,0.00,0,0,0,0,0,N/A
2025-10-13 09:47:27,0,8877.76,47,94,2846,2846.72,100,ok,0,0,0,0.00,0,0,0,0,0,N/A
2025-10-13 09:47:31,0,8877.76,47,94,2846,2846.72,100,ok,0,0,0,0.00,0,0,0,0,0,N/A
2025-10-13 09:47:34,0,8877.76,52,94,2846,2846.72,100,ok,0,0,0,0.00,0,0,0,0,0,N/A
2025-10-13 09:47:38,0,8877.76,52,94,2846,2846.72,100,ok,0,0,0,0.00,0,0,0,0,0,N/A
2025-10-13 09:47:42,0,8877.76,52,94,2846,2846.72,100,ok,0,0,0,0.00,0,0,0,0,0,N/A
2025-10-13 09:47:47,0,8877.76,56,94,2846,2846.72,100,ok,0,0,0,0.00,0,0,0,0,0,N/A
2025-10-13 09:47:50,0,8877.76,56,94,2846,2846.72,100,ok,0,0,0,0.00,0,0,0,0,0,N/A
2025-10-13 09:47:54,0,8877.76,59,94,2846,2846.72,100,ok,0,0,0,0.00,0,0,0,0,0,N/A
2025-10-13 09:47:58,0,8877.76,59,94,2846,2846.72,100,ok,0,0,0,0.00,0,0,0,0,0,N/A
2025-10-13 09:48:01,0,8877.76,59,94,2846,2846.72,100,ok,0,0,0,0.00,0,0,0,0,0,N/A
2025-10-13 09:48:04,0,8877.76,59,94,2846,2846.72,100,ok,0,0,0,0.00,0,0,0,0,0,N/A
2025-10-13 09:48:08,0,8877.76,63,94,2846,2846.72,100,ok,0,0,0,0.00,0,0,0,0,0,N/A
2025-10-13 09:48:11,0,8877.76,63,94,2846,2846.72,100,ok,0,0,0,0.00,0,0,0,0,0,N/A
2025-10-13 09:48:14,0,8877.76,63,94,2846,2846.72,100,ok,0,0,0,0.00,0,0,0,0,0,N/A
2025-10-13 09:48:18,0,8877.76,66,94,2846,2846.72,100,ok,0,0,0,0.00,0,0,0,0,0,N/A
2025-10-13 09:48:21,0,8877.76,66,94,2846,2846.72,100,ok,0,0,0,0.00,0,0,0,0,0,N/A
2025-10-13 09:48:24,0,8877.76,66,94,2846,2846.72,100,ok,0,0,0,0.00,0,0,0,0,0,N/A
2025-10-13 09:48:28,0,8877.76,43,94,2846,2846.72,100,ok,0,0,0,0.00,0,0,0,0,0,N/A
2025-10-13 09:48:32,0,8877.76,43,94,2846,2846.72,100,ok,0,0,0,0.00,0,0,0,0,0,N/A
2025-10-13 09:48:37,0,8877.76,47,94,2846,2846.72,100,ok,0,0,0,0.00,0,0,0,0,0,N/A
2025-10-13 09:48:40,0,8877.76,47,94,2846,2846.72,100,ok,0,0,0,0.00,0,0,0,0,0,N/A
2025-10-13 09:48:43,0,8877.76,47,94,2846,2846.72,100,ok,0,0,0,0.00,0,0,0,0,0,N/A
2025-10-13 09:48:48,0,8877.76,50,94,2846,2846.72,100,ok,0,0,0,0.00,0,0,0,0,0,N/A
2025-10-13 09:48:51,0,8877.76,50,94,2846,2846.72,100,ok,0,0,0,0.00,0,0,0,0,0,N/A
2025-10-13 09:48:54,0,8877.76,50,94,2846,2846.72,100,ok,0,0,0,0.00,0,0,0,0,0,N/A
2025-10-13 09:48:58,0,8877.76,54,94,2846,2846.72,100,ok,0,0,0,0.00,0,0,0,0,0,N/A
2025-10-13 09:49:02,0,8877.76,54,94,2846,2846.72,100,ok,0,0,0,0.00,0,0,0,0,0,N/A
2025-10-13 09:49:07,0,8877.76,54,94,2846,2846.72,100,ok,0,0,0,0.00,0,0,0,0,0,N/A
2025-10-13 09:49:11,0,8877.76,57,94,2846,2846.72,100,ok,0,0,0,0.00,0,0,0,0,0,N/A
2025-10-13 09:49:14,0,8877.76,57,94,2846,2846.72,100,ok,0,0,0,0.00,0,0,0,0,0,N/A
2025-10-13 09:49:18,0,8877.76,57,94,2846,2846.72,100,ok,0,0,0,0.00,0,0,0,0,0,N/A
2025-10-13 09:49:22,0,8877.76,60,94,2846,2846.72,100,ok,0,0,0,0.00,0,0,0,0,0,N/A
2025-10-13 09:49:27,0,8877.76,60,94,2846,2846.72,100,ok,0,0,0,0.00,0,0,0,0,0,N/A
2025-10-13 09:49:31,0,8877.76,64,94,2846,2846.72,100,ok,0,0,0,0.00,0,0,0,0,0,N/A
2025-10-13 09:49:34,0,8877.76,64,94,2846,2846.72,100,ok,0,0,0,0.00,0,0,0,0,0,N/A
2025-10-13 09:49:38,0,8877.76,64,94,2846,2846.72,100,ok,0,0,0,0.00,0,0,0,0,0,N/A
2025-10-13 09:49:42,0,8877.76,67,94,2846,2846.72,100,ok,0,0,0,0.00,0,0,0,0,0,N/A
2025-10-13 09:49:47,0,8877.76,67,94,2846,2846.72,100,ok,0,0,0,0.00,0,0,0,0,0,N/A
2025-10-13 09:49:51,0,8877.76,67,94,2846,2846.72,100,ok,0,0,0,0.00,0,0,0,0,0,N/A
2025-10-13 09:49:54,0,8877.76,43,94,2846,2846.72,100,ok,0,0,0,0.00,0,0,0,0,0,N/A
2025-10-13 09:49:58,0,8877.76,43,94,2846,2846.72,100,ok,0,0,0,0.00,0,0,0,0,0,N/A
2025-10-13 09:50:02,0,8877.76,43,94,2846,2846.72,100,ok,0,0,0,0.00,0,0,0,0,0,N/A
2025-10-13 09:50:07,0,8877.76,47,94,2846,2846.72,100,ok,0,0,0,0.00,0,0,0,0,0,N/A
2025-10-13 09:50:11,0,8877.76,47,94,2846,2846.72,100,ok,0,0,0,0.00,0,0,0,0,0,N/A
2025-10-13 09:50:15,0,8877.76,50,94,2846,2846.72,100,ok,0,0,0,0.00,0,0,0,0,0,N/A
2025-10-13 09:50:18,0,8877.76,50,94,2846,2846.72,100,ok,0,0,0,0.00,0,0,0,0,0,N/A
2025-10-13 09:50:21,0,8877.76,50,94,2846,2846.72,100,ok,0,0,0,0.00,0,0,0,0,0,N/A
2025-10-13 09:50:25,0,8877.76,54,94,2846,2846.72,100,ok,0,0,0,0.00,0,0,0,0,0,N/A
2025-10-13 09:50:28,0,8877.76,54,94,2846,2846.72,100,ok,0,0,0,0.00,0,0,0,0,0,N/A
2025-10-13 09:50:31,0,8877.76,54,94,2846,2846.72,100,ok,0,0,0,0.00,0,0,0,0,0,N/A
2025-10-13 09:50:34,0,8877.76,59,94,2846,2846.72,100,ok,0,0,0,0.00,0,0,0,0,0,N/A
2025-10-13 09:50:38,0,8877.76,59,94,2846,2846.72,100,ok,0,0,0,0.00,0,0,0,0,0,N/A
2025-10-13 09:50:41,0,8877.76,59,94,2846,2846.72,100,ok,0,0,0,0.00,0,0,0,0,0,N/A
2025-10-13 09:50:45,0,8877.76,62,94,2846,2846.72,100,ok,0,0,0,0.00,0,0,0,0,0,N/A
2025-10-13 09:50:48,0,8877.76,62,94,2846,2846.72,100,ok,0,0,0,0.00,0,0,0,0,0,N/A
2025-10-13 09:50:51,0,8877.76,62,94,2846,2846.72,100,ok,0,0,0,0.00,0,0,0,0,0,N/A
2025-10-13 09:50:54,0,8877.76,62,94,2846,2846.72,100,ok,0,0,0,0.00,0,0,0,0,0,N/A
2025-10-13 09:50:58,0,8877.76,66,94,2846,2846.72,100,ok,0,0,0,0.00,0,0,0,0,0,N/A
2025-10-13 09:51:01,0,8877.76,66,94,2846,2846.72,100,ok,0,0,0,0.00,0,0,0,0,0,N/A
2025-10-13 09:51:05,0,8877.76,66,94,2846,2846.72,100,ok,0,0,0,0.00,0,0,0,0,0,N/A
2025-10-13 09:51:08,0,8877.76,69,94,2846,2846.72,100,ok,0,0,0,0.00,0,0,0,0,0,N/A
2025-10-13 09:51:11,0,8877.76,69,94,2846,2846.72,100,ok,0,0,0,0.00,0,0,0,0,0,N/A
2025-10-13 09:51:15,0,8877.76,44,94,2846,2846.72,100,ok,0,0,0,0.00,0,0,0,0,0,N/A
2025-10-13 09:51:18,0,8877.76,44,94,2846,2846.72,100,ok,0,0,0,0.00,0,0,0,0,0,N/A
2025-10-13 09:51:21,0,8877.76,44,94,2846,2846.72,100,ok,0,0,0,0.00,0,0,0,0,0,N/A
2025-10-13 09:51:25,0,8877.76,47,94,2846,2846.72,100,ok,0,0,0,0.00,0,0,0,0,0,N/A
2025-10-13 09:51:43,0,8877.76,50,94,2846,2846.72,100,ok,0,0,0,0.00,0,0,0,0,0,N/A
2025-10-13 09:51:50,0,8877.76,54,94,2846,2846.72,100,ok,0,0,0,0.00,0,0,0,0,0,N/A
2025-10-13 09:51:53,0,8877.76,54,94,2846,2846.72,100,ok,0,0,0,0.00,0,0,0,0,0,N/A
2025-10-13 09:51:58,0,8877.76,57,94,2846,2846.72,100,ok,0,0,0,0.00,0,0,0,0,0,N/A
2025-10-13 09:52:02,0,8877.76,57,94,2846,2846.72,100,ok,0,0,0,0.00,0,0,0,0,0,N/A
2025-10-13 09:52:07,0,8877.76,57,94,2846,2846.72,100,ok,0,0,0,0.00,0,0,0,0,0,N/A
2025-10-13 09:52:10,0,8877.76,61,94,2846,2846.72,100,ok,0,0,0,0.00,0,0,0,0,0,N/A
2025-10-13 09:52:14,0,8877.76,61,94,2846,2846.72,100,ok,0,0,0,0.00,0,0,0,0,0,N/A
2025-10-13 09:52:18,0,8877.76,61,94,2846,2846.72,100,ok,0,0,0,0.00,0,0,0,0,0,N/A
2025-10-13 09:52:21,0,8877.76,64,94,2846,2846.72,100,ok,0,0,0,0.00,0,0,0,0,0,N/A
2025-10-13 09:52:24,0,8877.76,64,94,2846,2846.72,100,ok,0,0,0,0.00,0,0,0,0,0,N/A
2025-10-13 09:52:28,0,8877.76,43,94,2846,2846.72,100,ok,0,0,0,0.00,0,0,0,0,0,N/A
2025-10-13 09:52:31,0,8877.76,43,94,2846,2846.72,100,ok,0,0,0,0.00,0,0,0,0,0,N/A
2025-10-13 09:52:35,0,8877.76,43,94,2846,2846.72,100,ok,0,0,0,0.00,0,0,0,0,0,N/A
2025-10-13 09:52:38,0,8877.76,43,94,2846,2846.72,100,ok,0,0,0,0.00,0,0,0,0,0,N/A
2025-10-13 09:52:42,0,8877.76,47,94,2846,2846.72,100,ok,0,0,0,0.00,0,0,0,0,0,N/A
2025-10-13 09:52:45,0,8877.76,47,94,2846,2846.72,100,ok,0,0,0,0.00,0,0,0,0,0,N/A
2025-10-13 09:52:48,0,8877.76,50,94,2846,2846.72,100,ok,0,0,0,0.00,0,0,0,0,0,N/A
2025-10-13 09:52:52,0,8877.76,50,94,2846,2846.72,100,ok,0,0,0,0.00,0,0,0,0,0,N/A
2025-10-13 09:52:57,0,8877.76,50,94,2846,2846.72,100,ok,0,0,0,0.00,0,0,0,0,0,N/A
2025-10-13 09:53:01,0,8877.76,53,94,2846,2846.72,100,ok,0,0,0,0.00,0,0,0,0,0,N/A
2025-10-13 09:53:04,0,8877.76,53,94,2846,2846.72,100,ok,0,0,0,0.00,0,0,0,0,0,N/A
2025-10-13 09:53:08,0,8877.76,53,94,2846,2846.72,100,ok,0,0,0,0.00,0,0,0,0,0,N/A
2025-10-13 09:53:11,0,8877.76,57,94,2846,2846.72,100,ok,0,0,0,0.00,0,0,0,0,0,N/A
2025-10-13 09:53:15,0,8877.76,57,94,2846,2846.72,100,ok,0,0,0,0.00,0,0,0,0,0,N/A
2025-10-13 09:53:18,0,8877.76,60,94,2846,2846.72,100,ok,0,0,0,0.00,0,0,0,0,0,N/A
2025-10-13 09:53:22,0,8877.76,60,94,2846,2846.72,100,ok,0,0,0,0.00,0,0,0,0,0,N/A
2025-10-13 09:53:25,0,8877.76,60,94,2846,2846.72,100,ok,0,0,0,0.00,0,0,0,0,0,N/A
2025-10-13 09:53:28,0,8877.76,60,94,2846,2846.72,100,ok,0,0,0,0.00,0,0,0,0,0,N/A
2025-10-13 09:53:31,0,8877.76,63,94,2846,2846.72,100,ok,0,0,0,0.00,0,0,0,0,0,N/A
2025-10-13 09:53:35,0,8877.76,63,94,2846,2846.72,100,ok,0,0,0,0.00,0,0,0,0,0,N/A
2025-10-13 09:53:38,0,8877.76,63,94,2846,2846.72,100,ok,0,0,0,0.00,0,0,0,0,0,N/A
2025-10-13 09:53:42,0,8877.76,67,94,2846,2846.72,100,ok,0,0,0,0.00,0,0,0,0,0,N/A
2025-10-13 09:53:45,0,8877.76,67,94,2846,2846.72,100,ok,0,0,0,0.00,0,0,0,0,0,N/A
2025-10-13 09:53:48,0,8877.76,67,94,2846,2846.72,100,ok,0,0,0,0.00,0,0,0,0,0,N/A
2025-10-13 09:53:52,0,8877.76,43,94,2846,2846.72,100,ok,0,0,0,0.00,0,0,0,0,0,N/A
2025-10-13 09:53:57,0,8877.76,43,94,2846,2846.72,100,ok,0,0,0,0.00,0,0,0,0,0,N/A
2025-10-13 09:54:01,0,8877.76,47,94,2846,2846.72,100,ok,0,0,0,0.00,0,0,0,0,0,N/A
2025-10-13 09:54:05,0,8877.76,47,94,2846,2846.72,100,ok,0,0,0,0.00,0,0,0,0,0,N/A
2025-10-13 09:54:09,0,8877.76,50,94,2846,2846.72,100,ok,0,0,0,0.00,0,0,0,0,0,N/A
2025-10-13 09:54:13,0,8877.76,50,94,2846,2846.72,100,ok,0,0,0,0.00,0,0,0,0,0,N/A
2025-10-13 09:54:18,0,8877.76,50,94,2846,2846.72,100,ok,0,0,0,0.00,0,0,0,0,0,N/A
2025-10-13 09:54:22,0,8877.76,53,94,2846,2846.72,100,ok,0,0,0,0.00,0,0,0,0,0,N/A
2025-10-13 09:54:27,0,8877.76,53,94,2846,2846.72,100,ok,0,0,0,0.00,0,0,0,0,0,N/A
2025-10-13 09:54:31,0,8877.76,57,94,2846,2846.72,100,ok,0,0,0,0.00,0,0,0,0,0,N/A
2025-10-13 09:54:34,0,8877.76,57,94,2846,2846.72,100,ok,0,0,0,0.00,0,0,0,0,0,N/A
2025-10-13 09:54:38,0,8877.76,57,94,2846,2846.72,100,ok,0,0,0,0.00,0,0,0,0,0,N/A
2025-10-13 09:54:41,0,8877.76,60,94,2846,2846.72,100,ok,0,0,0,0.00,0,0,0,0,0,N/A
2025-10-13 09:54:46,0,8877.76,60,94,2846,2846.72,100,ok,0,0,0,0.00,0,0,0,0,0,N/A
2025-10-13 09:54:49,0,8877.76,60,94,2846,2846.72,100,ok,0,0,0,0.00,0,0,0,0,0,N/A
2025-10-13 09:54:52,0,8877.76,64,94,2846,2846.72,100,ok,0,0,0,0.00,0,0,0,0,0,N/A
2025-10-13 09:54:58,0,8877.76,64,94,2846,2846.72,100,ok,0,0,0,0.00,0,0,0,0,0,N/A
2025-10-13 09:55:02,0,8877.76,64,94,2846,2846.72,100,ok,0,0,0,0.00,0,0,0,0,0,N/A
2025-10-13 09:55:07,0,8877.76,67,94,2846,2846.72,100,ok,0,0,0,0.00,0,0,0,0,0,N/A
2025-10-13 09:55:10,0,8877.76,67,94,2846,2846.72,100,ok,0,0,0,0.00,0,0,0,0,0,N/A
2025-10-13 09:55:14,0,8877.76,45,94,2846,2846.72,100,ok,0,0,0,0.00,0,0,0,0,0,N/A
2025-10-13 09:55:18,0,8877.76,45,94,2846,2846.72,100,ok,0,0,0,0.00,0,0,0,0,0,N/A
2025-10-13 09:55:22,0,8877.76,45,94,2846,2846.72,100,ok,0,0,0,0.00,0,0,0,0,0,N/A
2025-10-13 09:55:27,0,8877.76,49,94,2846,2846.72,100,ok,0,0,0,0.00,0,0,0,0,0,N/A
2025-10-13 09:55:30,0,8877.76,49,94,2846,2846.72,100,ok,0,0,0,0.00,0,0,0,0,0,N/A
2025-10-13 09:55:34,0,8877.76,49,94,2846,2846.72,100,ok,0,0,0,0.00,0,0,0,0,0,N/A
2025-10-13 09:55:38,0,8877.76,53,94,2846,2846.72,100,ok,0,0,0,0.00,0,0,0,0,0,N/A
2025-10-13 09:55:42,0,8877.76,53,94,2846,2846.72,100,ok,0,0,0,0.00,0,0,0,0,0,N/A
2025-10-13 09:55:45,0,8877.76,53,94,2846,2846.72,100,ok,0,0,0,0.00,0,0,0,0,0,N/A
2025-10-13 09:55:48,0,8877.76,56,94,2846,2846.72,100,ok,0,0,0,0.00,0,0,0,0,0,N/A
2025-10-13 09:55:51,0,8877.76,56,94,2846,2846.72,100,ok,0,0,0,0.00,0,0,0,0,0,N/A
2025-10-13 09:55:55,0,8877.76,56,94,2846,2846.72,100,ok,0,0,0,0.00,0,0,0,0,0,N/A
2025-10-13 09:55:58,0,8877.76,59,94,2846,2846.72,100,ok,0,0,0,0.00,0,0,0,0,0,N/A
2025-10-13 09:56:01,0,8877.76,59,94,2846,2846.72,100,ok,0,0,0,0.00,0,0,0,0,0,N/A
2025-10-13 09:56:05,0,8877.76,59,94,2846,2846.72,100,ok,0,0,0,0.00,0,0,0,0,0,N/A
2025-10-13 09:56:08,0,8877.76,63,94,2846,2846.72,100,ok,0,0,0,0.00,0,0,0,0,0,N/A
2025-10-13 09:56:12,0,8877.76,63,94,2846,2846.72,100,ok,0,0,0,0.00,0,0,0,0,0,N/A
2025-10-13 09:56:17,0,8877.76,66,94,2846,2846.72,100,ok,0,0,0,0.00,0,0,0,0,0,N/A
2025-10-13 09:56:21,0,8877.76,66,94,2846,2846.72,100,ok,0,0,0,0.00,0,0,0,0,0,N/A
2025-10-13 09:56:40,0,8877.76,47,94,2846,2846.72,100,ok,0,0,0,0.00,0,0,0,0,0,N/A
2025-10-13 09:57:12,0,8877.76,57,94,2846,2846.72,100,ok,0,0,0,0.00,0,0,0,0,0,N/A
2025-10-13 09:57:18,0,8877.76,57,94,2846,2846.72,100,ok,0,0,0,0.00,0,0,0,0,0,N/A
2025-10-13 09:57:22,0,8877.76,60,94,2846,2846.72,100,ok,0,0,0,0.00,0,0,0,0,0,N/A
2025-10-13 09:57:28,0,8877.76,60,94,2846,2846.72,100,ok,0,0,0,0.00,0,0,0,0,0,N/A
2025-10-13 09:57:32,0,8877.76,64,94,2846,2846.72,100,ok,0,0,0,0.00,0,0,0,0,0,N/A
2025-10-13 09:57:38,0,8877.76,64,94,2846,2846.72,100,ok,0,0,0,0.00,0,0,0,0,0,N/A
2025-10-13 09:57:41,0,8877.76,64,94,2846,2846.72,100,ok,0,0,0,0.00,0,0,0,0,0,N/A
2025-10-13 09:57:44,0,8877.76,68,94,2846,2846.72,100,ok,0,0,0,0.00,0,0,0,0,0,N/A
2025-10-13 09:57:48,0,8877.76,68,94,2846,2846.72,100,ok,0,0,0,0.00,0,0,0,0,0,N/A
2025-10-13 09:57:51,0,8877.76,68,94,2846,2846.72,100,ok,0,0,0,0.00,0,0,0,0,0,N/A
2025-10-13 09:57:54,0,8877.76,45,94,2846,2846.72,100,ok,0,0,0,0.00,0,0,0,0,0,N/A
2025-10-13 09:57:58,0,8877.76,45,94,2846,2846.72,100,ok,0,0,0,0.00,0,0,0,0,0,N/A
2025-10-13 09:58:02,0,8877.76,45,94,2846,2846.72,100,ok,0,0,0,0.00,0,0,0,0,0,N/A
2025-10-13 09:58:05,0,8877.76,48,94,2846,2846.72,100,ok,0,0,0,0.00,0,0,0,0,0,N/A
2025-10-13 09:58:08,0,8877.76,48,94,2846,2846.72,100,ok,0,0,0,0.00,0,0,0,0,0,N/A
2025-10-13 09:58:11,0,8877.76,48,94,2846,2846.72,100,ok,0,0,0,0.00,0,0,0,0,0,N/A
2025-10-13 09:58:15,0,8877.76,48,94,2846,2846.72,100,ok,0,0,0,0.00,0,0,0,0,0,N/A
2025-10-13 09:58:18,0,8877.76,52,94,2846,2846.72,100,ok,0,0,0,0.00,0,0,0,0,0,N/A
2025-10-13 09:58:21,0,8877.76,52,94,2846,2846.72,100,ok,0,0,0,0.00,0,0,0,0,0,N/A
2025-10-13 09:58:25,0,8877.76,52,94,2846,2846.72,100,ok,0,0,0,0.00,0,0,0,0,0,N/A
2025-10-13 09:58:28,0,8877.76,55,94,2846,2846.72,100,ok,0,0,0,0.00,0,0,0,0,0,N/A
2025-10-13 09:58:32,0,8877.76,55,94,2846,2846.72,100,ok,0,0,0,0.00,0,0,0,0,0,N/A
2025-10-13 09:58:37,0,8877.76,58,94,2846,2846.72,100,ok,0,0,0,0.00,0,0,0,0,0,N/A
2025-10-13 09:58:40,0,8877.76,58,94,2846,2846.72,100,ok,0,0,0,0.00,0,0,0,0,0,N/A
2025-10-13 09:58:44,0,8877.76,58,94,2846,2846.72,100,ok,0,0,0,0.00,0,0,0,0,0,N/A
2025-10-13 09:58:48,0,8877.76,62,94,2846,2846.72,100,ok,0,0,0,0.00,0,0,0,0,0,N/A
2025-10-13 09:58:52,0,8877.76,62,94,2846,2846.72,100,ok,0,0,0,0.00,0,0,0,0,0,N/A
2025-10-13 09:58:57,0,8877.76,62,94,2846,2846.72,100,ok,0,0,0,0.00,0,0,0,0,0,N/A
2025-10-13 09:59:00,0,8877.76,62,94,2846,2846.72,100,ok,0,0,0,0.00,0,0,0,0,0,N/A
2025-10-13 09:59:04,0,8877.76,65,94,2846,2846.72,100,ok,0,0,0,0.00,0,0,0,0,0,N/A
2025-10-13 09:59:08,0,8877.76,65,94,2846,2846.72,100,ok,0,0,0,0.00,0,0,0,0,0,N/A
2025-10-13 09:59:11,0,8877.76,69,94,2846,2846.72,100,ok,0,0,0,0.00,0,0,0,0,0,N/A
2025-10-13 09:59:14,0,8877.76,69,94,2846,2846.72,100,ok,0,0,0,0.00,0,0,0,0,0,N/A
2025-10-13 09:59:18,0,8877.76,69,94,2846,2846.72,100,ok,0,0,0,0.00,0,0,0,0,0,N/A
2025-10-13 09:59:22,0,8877.76,69,94,2846,2846.72,100,ok,0,0,0,0.00,0,0,0,0,0,N/A
2025-10-13 09:59:27,0,8877.76,44,94,2846,2846.72,100,ok,0,0,0,0.00,0,0,0,0,0,N/A
2025-10-13 09:59:30,0,8877.76,44,94,2846,2846.72,100,ok,0,0,0,0.00,0,0,0,0,0,N/A
2025-10-13 09:59:34,0,8877.76,48,94,2846,2846.72,100,ok,0,0,0,0.00,0,0,0,0,0,N/A
2025-10-13 09:59:38,0,8877.76,48,94,2846,2846.72,100,ok,0,0,0,0.00,0,0,0,0,0,N/A
2025-10-13 09:59:42,0,8877.76,48,94,2846,2846.72,100,ok,0,0,0,0.00,0,0,0,0,0,N/A
2025-10-13 09:59:45,0,8877.76,48,94,2846,2846.72,100,ok,0,0,0,0.00,0,0,0,0,0,N/A
2025-10-13 09:59:48,0,8877.76,53,94,2846,2846.72,100,ok,0,0,0,0.00,0,0,0,0,0,N/A
2025-10-13 09:59:52,0,8877.76,53,94,2846,2846.72,100,ok,0,0,0,0.00,0,0,0,0,0,N/A
2025-10-13 09:59:57,0,8877.76,53,94,2846,2846.72,100,ok,0,0,0,0.00,0,0,0,0,0,N/A
2025-10-13 10:00:01,0,8877.76,56,94,2846,2846.72,100,ok,0,0,0,0.00,0,0,0,0,0,N/A
2025-10-13 10:00:04,0,8877.76,56,94,2846,2846.72,100,ok,0,0,0,0.00,0,0,0,0,0,N/A
2025-10-13 10:00:08,0,8877.76,56,94,2846,2846.72,100,ok,0,0,0,0.00,0,0,0,0,0,N/A
2025-10-13 10:00:12,0,8877.76,59,94,2846,2846.72,100,ok,0,0,0,0.00,0,0,0,0,0,N/A
2025-10-13 10:00:17,0,8877.76,59,94,2846,2846.72,100,ok,0,0,0,0.00,0,0,0,0,0,N/A
2025-10-13 10:00:21,0,8877.76,63,94,2846,2846.72,100,ok,0,0,0,0.00,0,0,0,0,0,N/A
2025-10-13 10:00:24,0,8877.76,63,94,2846,2846.72,100,ok,0,0,0,0.00,0,0,0,0,0,N/A
2025-10-13 10:00:28,0,8877.76,63,94,2846,2846.72,100,ok,0,0,0,0.00,0,0,0,0,0,N/A
2025-10-13 10:00:32,0,8877.76,66,94,2846,2846.72,100,ok,0,0,0,0.00,0,0,0,0,0,N/A
2025-10-13 10:00:37,0,8877.76,66,94,2846,2846.72,100,ok,0,0,0,0.00,0,0,0,0,0,N/A
2025-10-13 10:00:40,0,8877.76,43,94,2846,2846.72,100,ok,0,0,0,0.00,0,0,0,0,0,N/A
2025-10-13 10:00:44,0,8877.76,43,94,2846,2846.72,100,ok,0,0,0,0.00,0,0,0,0,0,N/A
2025-10-13 10:00:48,0,8877.76,43,94,2846,2846.72,100,ok,0,0,0,0.00,0,0,0,0,0,N/A
2025-10-13 10:00:52,0,8877.76,47,94,2846,2846.72,100,ok,0,0,0,0.00,0,0,0,0,0,N/A
2025-10-13 10:00:57,0,8877.76,47,94,2846,2846.72,100,ok,0,0,0,0.00,0,0,0,0,0,N/A
2025-10-13 10:01:00,0,8877.76,47,94,2846,2846.72,100,ok,0,0,0,0.00,0,0,0,0,0,N/A
2025-10-13 10:01:04,0,8877.76,50,94,2846,2846.72,100,ok,0,0,0,0.00,0,0,0,0,0,N/A
2025-10-13 10:01:09,0,8877.76,50,94,2846,2846.72,100,ok,0,0,0,0.00,0,0,0,0,0,N/A
2025-10-13 10:01:12,0,8877.76,53,94,2846,2846.72,100,ok,0,0,0,0.00,0,0,0,0,0,N/A
2025-10-13 10:01:18,0,8877.76,53,94,2846,2846.72,100,ok,0,0,0,0.00,0,0,0,0,0,N/A
2025-10-13 10:01:21,0,8877.76,57,94,2846,2846.72,100,ok,0,0,0,0.00,0,0,0,0,0,N/A
2025-10-13 10:01:31,0,8877.76,60,94,2846,2846.72,100,ok,0,0,0,0.00,0,0,0,0,0,N/A
2025-10-13 10:01:50,0,8877.76,64,94,2846,2846.72,100,ok,0,0,0,0.00,0,0,0,0,0,N/A
2025-10-13 10:01:54,0,8877.76,68,94,2846,2846.72,100,ok,0,0,0,0.00,0,0,0,0,0,N/A
2025-10-13 10:01:59,0,8877.76,68,94,2846,2846.72,100,ok,0,0,0,0.00,0,0,0,0,0,N/A
2025-10-13 10:02:03,0,8877.76,68,94,2846,2846.72,100,ok,0,0,0,0.00,0,0,0,0,0,N/A
2025-10-13 10:02:08,0,8877.76,43,94,2846,2846.72,100,ok,0,0,0,0.00,0,0,0,0,0,N/A
2025-10-13 10:02:11,0,8877.76,43,94,2846,2846.72,100,ok,0,0,0,0.00,0,0,0,0,0,N/A
2025-10-13 10:02:15,0,8877.76,43,94,2846,2846.72,100,ok,0,0,0,0.00,0,0,0,0,0,N/A
2025-10-13 10:02:20,0,8877.76,48,94,2846,2846.72,100,ok,0,0,0,0.00,0,0,0,0,0,N/A
2025-10-13 10:02:23,0,8877.76,48,94,2846,2846.72,100,ok,0,0,0,0.00,0,0,0,0,0,N/A
2025-10-13 10:02:28,0,8877.76,51,94,2846,2846.72,100,ok,0,0,0,0.00,0,0,0,0,0,N/A
2025-10-13 10:02:31,0,8877.76,51,94,2846,2846.72,100,ok,0,0,0,0.00,0,0,0,0,0,N/A
2025-10-13 10:02:35,0,8877.76,51,94,2846,2846.72,100,ok,0,0,0,0.00,0,0,0,0,0,N/A
2025-10-13 10:02:38,0,8877.76,55,94,2846,2846.72,100,ok,0,0,0,0.00,0,0,0,0,0,N/A
2025-10-13 10:02:42,0,8877.76,55,94,2846,2846.72,100,ok,0,0,0,0.00,0,0,0,0,0,N/A
2025-10-13 10:02:48,0,8877.76,58,94,2846,2846.72,100,ok,0,0,0,0.00,0,0,0,0,0,N/A
2025-10-13 10:02:52,0,8877.76,58,94,2846,2846.72,100,ok,0,0,0,0.00,0,0,0,0,0,N/A
2025-10-13 10:02:57,0,8877.76,62,94,2846,2846.72,100,ok,0,0,0,0.00,0,0,0,0,0,N/A
2025-10-13 10:03:00,0,8877.76,62,94,2846,2846.72,100,ok,0,0,0,0.00,0,0,0,0,0,N/A
2025-10-13 10:03:03,0,8877.76,62,94,2846,2846.72,100,ok,0,0,0,0.00,0,0,0,0,0,N/A
2025-10-13 10:03:08,0,8877.76,65,94,2846,2846.72,100,ok,0,0,0,0.00,0,0,0,0,0,N/A
2025-10-13 10:03:12,0,8877.76,65,94,2846,2846.72,100,ok,0,0,0,0.00,0,0,0,0,0,N/A
2025-10-13 10:03:17,0,8877.76,65,94,2846,2846.72,100,ok,0,0,0,0.00,0,0,0,0,0,N/A
2025-10-13 10:03:21,0,8877.76,68,94,2846,2846.72,100,ok,0,0,0,0.00,0,0,0,0,0,N/A
2025-10-13 10:03:24,0,8877.76,68,94,2846,2846.72,100,ok,0,0,0,0.00,0,0,0,0,0,N/A
2025-10-13 10:03:29,0,8877.76,44,94,2846,2846.72,100,ok,0,0,0,0.00,0,0,0,0,0,N/A
2025-10-13 10:03:33,0,8877.76,44,94,2846,2846.72,100,ok,0,0,0,0.00,0,0,0,0,0,N/A
2025-10-13 10:03:38,0,8877.76,44,94,2846,2846.72,100,ok,0,0,0,0.00,0,0,0,0,0,N/A
2025-10-13 10:03:41,0,8877.76,47,94,2846,2846.72,100,ok,0,0,0,0.00,0,0,0,0,0,N/A
2025-10-13 10:03:47,0,8877.76,47,94,2846,2846.72,100,ok,0,0,0,0.00,0,0,0,0,0,N/A
2025-10-13 10:03:52,0,8877.76,50,94,2846,2846.72,100,ok,0,0,0,0.00,0,0,0,0,0,N/A
2025-10-13 10:03:56,0,8877.76,50,94,2846,2846.72,100,ok,0,0,0,0.00,0,0,0,0,0,N/A
2025-10-13 10:04:00,0,8877.76,54,94,2846,2846.72,100,ok,0,0,0,0.00,0,0,0,0,0,N/A
2025-10-13 10:04:04,0,8877.76,54,94,2846,2846.72,100,ok,0,0,0,0.00,0,0,0,0,0,N/A
2025-10-13 10:04:08,0,8877.76,54,94,2846,2846.72,100,ok,0,0,0,0.00,0,0,0,0,0,N/A
2025-10-13 10:04:12,0,8877.76,57,94,2846,2846.72,100,ok,0,0,0,0.00,0,0,0,0,0,N/A
2025-10-13 10:04:18,0,8877.76,57,94,2846,2846.72,100,ok,0,0,0,0.00,0,0,0,0,0,N/A
2025-10-13 10:04:24,0,8877.76,61,94,2846,2846.72,100,ok,0,0,0,0.00,0,0,0,0,0,N/A
2025-10-13 10:04:29,0,8877.76,61,94,2846,2846.72,100,ok,0,0,0,0.00,0,0,0,0,0,N/A
2025-10-13 10:04:33,0,8877.76,64,94,2846,2846.72,100,ok,0,0,0,0.00,0,0,0,0,0,N/A
2025-10-13 10:04:38,0,8877.76,64,94,2846,2846.72,100,ok,0,0,0,0.00,0,0,0,0,0,N/A
2025-10-13 10:04:41,0,8877.76,64,94,2846,2846.72,100,ok,0,0,0,0.00,0,0,0,0,0,N/A
2025-10-13 10:04:45,0,8877.76,43,94,2846,2846.72,100,ok,0,0,0,0.00,0,0,0,0,0,N/A
2025-10-13 10:04:48,0,8877.76,43,94,2846,2846.72,100,ok,0,0,0,0.00,0,0,0,0,0,N/A
2025-10-13 10:04:52,0,8877.76,43,94,2846,2846.72,100,ok,0,0,0,0.00,0,0,0,0,0,N/A
2025-10-13 10:04:57,0,8877.76,47,94,2846,2846.72,100,ok,0,0,0,0.00,0,0,0,0,0,N/A
2025-10-13 10:05:01,0,8877.76,47,94,2846,2846.72,100,ok,0,0,0,0.00,0,0,0,0,0,N/A
2025-10-13 10:05:04,0,8877.76,50,94,2846,2846.72,100,ok,0,0,0,0.00,0,0,0,0,0,N/A
2025-10-13 10:05:08,0,8877.76,50,94,2846,2846.72,100,ok,0,0,0,0.00,0,0,0,0,0,N/A
2025-10-13 10:05:12,0,8877.76,50,94,2846,2846.72,100,ok,0,0,0,0.00,0,0,0,0,0,N/A
2025-10-13 10:05:17,0,8877.76,53,94,2846,2846.72,100,ok,0,0,0,0.00,0,0,0,0,0,N/A
2025-10-13 10:05:21,0,8877.76,53,94,2846,2846.72,100,ok,0,0,0,0.00,0,0,0,0,0,N/A
2025-10-13 10:05:24,0,8877.76,57,94,2846,2846.72,100,ok,0,0,0,0.00,0,0,0,0,0,N/A
2025-10-13 10:05:28,0,8877.76,57,94,2846,2846.72,100,ok,0,0,0,0.00,0,0,0,0,0,N/A
2025-10-13 10:05:32,0,8877.76,57,94,2846,2846.72,100,ok,0,0,0,0.00,0,0,0,0,0,N/A
2025-10-13 10:05:37,0,8877.76,60,94,2846,2846.72,100,ok,0,0,0,0.00,0,0,0,0,0,N/A
2025-10-13 10:05:40,0,8877.76,60,94,2846,2846.72,100,ok,0,0,0,0.00,0,0,0,0,0,N/A
2025-10-13 10:05:44,0,8877.76,64,94,2846,2846.72,100,ok,0,0,0,0.00,0,0,0,0,0,N/A
2025-10-13 10:05:49,0,8877.76,64,94,2846,2846.72,100,ok,0,0,0,0.00,0,0,0,0,0,N/A
2025-10-13 10:05:52,0,8877.76,64,94,2846,2846.72,100,ok,0,0,0,0.00,0,0,0,0,0,N/A
2025-10-13 10:05:57,0,8877.76,68,94,2846,2846.72,100,ok,0,0,0,0.00,0,0,0,0,0,N/A
2025-10-13 10:06:01,0,8877.76,68,94,2846,2846.72,100,ok,0,0,0,0.00,0,0,0,0,0,N/A
2025-10-13 10:06:05,0,8877.76,45,94,2846,2846.72,100,ok,0,0,0,0.00,0,0,0,0,0,N/A
2025-10-13 10:06:09,0,8877.76,45,94,2846,2846.72,100,ok,0,0,0,0.00,0,0,0,0,0,N/A
2025-10-13 10:06:12,0,8877.76,45,94,2846,2846.72,100,ok,0,0,0,0.00,0,0,0,0,0,N/A
2025-10-13 10:06:17,0,8877.76,48,94,2846,2846.72,100,ok,0,0,0,0.00,0,0,0,0,0,N/A
2025-10-13 10:06:21,0,8877.76,48,94,2846,2846.72,100,ok,0,0,0,0.00,0,0,0,0,0,N/A
2025-10-13 10:06:34,0,8877.76,52,94,2846,2846.72,100,ok,0,0,0,0.00,0,0,0,0,0,N/A
2025-10-13 10:06:57,0,8877.76,58,94,2846,2846.72,100,ok,0,0,0,0.00,0,0,0,0,0,N/A
2025-10-13 10:07:01,0,8877.76,62,94,2846,2846.72,100,ok,0,0,0,0.00,0,0,0,0,0,N/A
2025-10-13 10:07:04,0,8877.76,62,94,2846,2846.72,100,ok,0,0,0,0.00,0,0,0,0,0,N/A
2025-10-13 10:07:08,0,8877.76,62,94,2846,2846.72,100,ok,0,0,0,0.00,0,0,0,0,0,N/A
2025-10-13 10:07:12,0,8877.76,65,94,2846,2846.72,100,ok,0,0,0,0.00,0,0,0,0,0,N/A
2025-10-13 10:07:18,0,8877.76,65,94,2846,2846.72,100,ok,0,0,0,0.00,0,0,0,0,0,N/A
2025-10-13 10:07:21,0,8877.76,68,94,2846,2846.72,100,ok,0,0,0,0.00,0,0,0,0,0,N/A
2025-10-13 10:07:27,0,8877.76,68,94,2846,2846.72,100,ok,0,0,0,0.00,0,0,0,0,0,N/A
2025-10-13 10:07:30,0,8877.76,44,95,2846,2846.72,100,ok,0,0,0,0.00,0,0,0,0,0,N/A
2025-10-13 10:07:34,0,8877.76,44,95,2846,2846.72,100,ok,0,0,0,0.00,0,0,0,0,0,N/A
2025-10-13 10:07:38,0,8877.76,44,95,2846,2846.72,100,ok,0,0,0,0.00,0,0,0,0,0,N/A
2025-10-13 10:07:41,0,8877.76,47,95,2846,2846.72,100,ok,0,0,0,0.00,0,0,0,0,0,N/A
2025-10-13 10:07:46,0,8877.76,47,95,2846,2846.72,100,ok,0,0,0,0.00,0,0,0,0,0,N/A
2025-10-13 10:07:50,0,8877.76,47,95,2846,2846.72,100,ok,0,0,0,0.00,0,0,0,0,0,N/A
2025-10-13 10:07:54,0,8877.76,51,95,2846,2846.72,100,ok,0,0,0,0.00,0,0,0,0,0,N/A
2025-10-13 10:07:58,0,8877.76,51,95,2846,2846.72,100,ok,0,0,0,0.00,0,0,0,0,0,N/A
2025-10-13 10:08:02,0,8877.76,51,95,2846,2846.72,100,ok,0,0,0,0.00,0,0,0,0,0,N/A
2025-10-13 10:08:07,0,8877.76,56,95,2846,2846.72,100,ok,0,0,0,0.00,0,0,0,0,0,N/A
2025-10-13 10:08:11,0,8877.76,56,95,2846,2846.72,100,ok,0,0,0,0.00,0,0,0,0,0,N/A
2025-10-13 10:08:14,0,8877.76,56,95,2846,2846.72,100,ok,0,0,0,0.00,0,0,0,0,0,N/A
2025-10-13 10:08:18,0,8877.76,60,95,2846,2846.72,100,ok,0,0,0,0.00,0,0,0,0,0,N/A
2025-10-13 10:08:21,0,8877.76,60,95,2846,2846.72,100,ok,0,0,0,0.00,0,0,0,0,0,N/A
2025-10-13 10:08:24,0,8877.76,63,95,2846,2846.72,100,ok,0,0,0,0.00,0,0,0,0,0,N/A
2025-10-13 10:08:28,0,8877.76,63,95,2846,2846.72,100,ok,0,0,0,0.00,0,0,0,0,0,N/A
2025-10-13 10:08:32,0,8877.76,63,95,2846,2846.72,100,ok,0,0,0,0.00,0,0,0,0,0,N/A
2025-10-13 10:08:38,0,8877.76,66,95,2846,2846.72,100,ok,0,0,0,0.00,0,0,0,0,0,N/A
2025-10-13 10:08:41,0,8877.76,66,95,2846,2846.72,100,ok,0,0,0,0.00,0,0,0,0,0,N/A
2025-10-13 10:08:45,0,8877.76,66,95,2846,2846.72,100,ok,0,0,0,0.00,0,0,0,0,0,N/A
2025-10-13 10:08:48,0,8877.76,43,95,2846,2846.72,100,ok,0,0,0,0.00,0,0,0,0,0,N/A
2025-10-13 10:08:51,0,8877.76,43,95,2846,2846.72,100,ok,0,0,0,0.00,0,0,0,0,0,N/A
2025-10-13 10:08:55,0,8877.76,47,95,2846,2846.72,100,ok,0,0,0,0.00,0,0,0,0,0,N/A
2025-10-13 10:08:58,0,8877.76,47,95,2846,2846.72,100,ok,0,0,0,0.00,0,0,0,0,0,N/A
2025-10-13 10:09:02,0,8877.76,47,95,2846,2846.72,100,ok,0,0,0,0.00,0,0,0,0,0,N/A
2025-10-13 10:09:07,0,8877.76,50,95,2846,2846.72,100,ok,0,0,0,0.00,0,0,0,0,0,N/A
2025-10-13 10:09:10,0,8877.76,50,95,2846,2846.72,100,ok,0,0,0,0.00,0,0,0,0,0,N/A
2025-10-13 10:09:14,0,8877.76,50,95,2846,2846.72,100,ok,0,0,0,0.00,0,0,0,0,0,N/A
2025-10-13 10:09:18,0,8877.76,50,95,2846,2846.72,100,ok,0,0,0,0.00,0,0,0,0,0,N/A
2025-10-13 10:09:22,0,8877.76,54,95,2846,2846.72,100,ok,0,0,0,0.00,0,0,0,0,0,N/A
2025-10-13 10:09:27,0,8877.76,54,95,2846,2846.72,100,ok,0,0,0,0.00,0,0,0,0,0,N/A
2025-10-13 10:09:30,0,8877.76,57,95,2846,2846.72,100,ok,0,0,0,0.00,0,0,0,0,0,N/A
2025-10-13 10:09:34,0,8877.76,57,95,2846,2846.72,100,ok,0,0,0,0.00,0,0,0,0,0,N/A
2025-10-13 10:09:39,0,8877.76,57,95,2846,2846.72,100,ok,0,0,0,0.00,0,0,0,0,0,N/A
2025-10-13 10:09:42,0,8877.76,61,95,2846,2846.72,100,ok,0,0,0,0.00,0,0,0,0,0,N/A
2025-10-13 10:09:47,0,8877.76,61,95,2846,2846.72,100,ok,0,0,0,0.00,0,0,0,0,0,N/A
2025-10-13 10:09:51,0,8877.76,61,95,2846,2846.72,100,ok,0,0,0,0.00,0,0,0,0,0,N/A
2025-10-13 10:09:54,0,8877.76,64,95,2846,2846.72,100,ok,0,0,0,0.00,0,0,0,0,0,N/A
2025-10-13 10:09:58,0,8877.76,64,95,2846,2846.72,100,ok,0,0,0,0.00,0,0,0,0,0,N/A
2025-10-13 10:10:01,0,8877.76,64,95,2846,2846.72,100,ok,0,0,0,0.00,0,0,0,0,0,N/A
2025-10-13 10:10:05,0,8877.76,67,95,2846,2846.72,100,ok,0,0,0,0.00,0,0,0,0,0,N/A
2025-10-13 10:10:08,0,8877.76,67,95,2846,2846.72,100,ok,0,0,0,0.00,0,0,0,0,0,N/A
2025-10-13 10:10:11,0,8877.76,67,95,2846,2846.72,100,ok,0,0,0,0.00,0,0,0,0,0,N/A
2025-10-13 10:10:14,0,8877.76,43,95,2846,2846.72,100,ok,0,0,0,0.00,0,0,0,0,0,N/A
2025-10-13 10:10:18,0,8877.76,43,95,2846,2846.72,100,ok,0,0,0,0.00,0,0,0,0,0,N/A
2025-10-13 10:10:22,0,8877.76,43,95,2846,2846.72,100,ok,0,0,0,0.00,0,0,0,0,0,N/A
2025-10-13 10:10:27,0,8877.76,47,95,2846,2846.72,100,ok,0,0,0,0.00,0,0,0,0,0,N/A
2025-10-13 10:10:31,0,8877.76,47,95,2846,2846.72,100,ok,0,0,0,0.00,0,0,0,0,0,N/A
2025-10-13 10:10:37,0,8877.76,50,95,2846,2846.72,100,ok,0,0,0,0.00,0,0,0,0,0,N/A
2025-10-13 10:10:41,0,8877.76,50,95,2846,2846.72,100,ok,0,0,0,0.00,0,0,0,0,0,N/A
2025-10-13 10:10:47,0,8877.76,54,95,2846,2846.72,100,ok,0,0,0,0.00,0,0,0,0,0,N/A
2025-10-13 10:10:51,0,8877.76,54,95,2846,2846.72,100,ok,0,0,0,0.00,0,0,0,0,0,N/A
2025-10-13 10:10:54,0,8877.76,54,95,2846,2846.72,100,ok,0,0,0,0.00,0,0,0,0,0,N/A
2025-10-13 10:10:58,0,8877.76,59,95,2846,2846.72,100,ok,0,0,0,0.00,0,0,0,0,0,N/A
2025-10-13 10:11:02,0,8877.76,59,95,2846,2846.72,100,ok,0,0,0,0.00,0,0,0,0,0,N/A
2025-10-13 10:11:07,0,8877.76,62,95,2846,2846.72,100,ok,0,0,0,0.00,0,0,0,0,0,N/A
2025-10-13 10:11:11,0,8877.76,62,95,2846,2846.72,100,ok,0,0,0,0.00,0,0,0,0,0,N/A
2025-10-13 10:11:14,0,8877.76,62,95,2846,2846.72,100,ok,0,0,0,0.00,0,0,0,0,0,N/A
2025-10-13 10:11:18,0,8877.76,66,95,2846,2846.72,100,ok,0,0,0,0.00,0,0,0,0,0,N/A
2025-10-13 10:11:22,0,8877.76,66,95,2846,2846.72,100,ok,0,0,0,0.00,0,0,0,0,0,N/A
2025-10-13 10:11:54,0,8877.76,46,95,2846,2846.72,100,ok,0,0,0,0.00,0,0,0,0,0,N/A
2025-10-13 10:12:02,0,8877.76,47,95,2846,0.00,0,ok,0,0,0,0.00,0,0,0,0,0,N/A
2025-10-13 10:12:06,0,8877.76,47,95,2846,0.00,0,ok,0,0,0,0.00,0,0,0,0,0,N/A
2025-10-13 10:12:09,0,8877.76,47,95,2846,0.00,0,ok,0,0,0,0.00,0,0,0,0,0,N/A
2025-10-13 10:12:13,0,8877.76,47,95,2846,0.00,0,ok,0,0,0,0.00,0,0,0,0,0,N/A
2025-10-13 10:12:16,0,8877.76,47,95,2846,0.00,0,ok,0,0,0,0.00,0,0,0,0,0,N/A
2025-10-13 10:12:19,0,8877.76,47,95,2846,0.00,0,ok,0,0,0,0.00,0,0,0,0,0,N/A
2025-10-13 10:12:22,0,8877.76,47,95,2846,0.00,0,ok,0,0,0,0.00,0,0,0,0,0,N/A
2025-10-13 10:12:26,0,8877.76,47,95,2846,0.00,0,ok,0,0,0,0.00,0,0,0,0,0,N/A
2025-10-13 10:12:29,0,8877.76,47,95,2846,0.00,0,ok,0,0,0,0.00,0,0,0,0,0,N/A
2025-10-13 10:12:33,0,8877.76,47,95,2846,0.00,0,ok,0,0,0,0.00,0,0,0,0,0,N/A
2025-10-13 10:12:36,0,8877.76,47,95,2846,0.00,0,ok,0,0,0,0.00,0,0,0,0,0,N/A
2025-10-13 10:12:40,0,8877.76,47,95,2846,0.00,0,ok,0,0,0,0.00,0,0,0,0,0,N/A
2025-10-13 10:12:43,0,8877.76,47,95,2846,0.00,0,ok,0,0,0,0.00,0,0,0,0,0,N/A
2025-10-13 10:12:46,0,8877.76,47,95,2846,0.00,0,ok,0,0,0,0.00,0,0,0,0,0,N/A
2025-10-13 10:12:50,0,8877.76,47,95,2846,0.00,0,ok,0,0,0,0.00,0,0,0,0,0,N/A
2025-10-13 10:12:53,0,8877.76,47,95,2846,0.00,0,ok,0,0,0,0.00,0,0,0,0,0,N/A
2025-10-13 10:12:56,0,8877.76,47,95,2846,0.00,0,ok,0,0,0,0.00,0,0,0,0,0,N/A
2025-10-13 10:13:00,0,8877.76,47,95,2846,0.00,0,ok,0,0,0,0.00,0,0,0,0,0,N/A
2025-10-13 10:13:03,0,8877.76,47,95,2846,0.00,0,ok,0,0,0,0.00,0,0,0,0,0,N/A
2025-10-13 10:13:07,0,8877.76,47,95,2846,0.00,0,ok,0,0,0,0.00,0,0,0,0,0,N/A
2025-10-13 10:13:10,0,8877.76,47,95,2846,0.00,0,ok,0,0,0,0.00,0,0,0,0,0,N/A
2025-10-13 10:13:13,0,8877.76,47,95,2846,0.00,0,ok,0,0,0,0.00,0,0,0,0,0,N/A
2025-10-13 10:13:17,0,8877.76,47,95,2846,0.00,0,ok,0,0,0,0.00,0,0,0,0,0,N/A
2025-10-13 10:13:21,0,8877.76,47,95,2846,0.00,0,ok,0,0,0,0.00,0,0,0,0,0,N/A
2025-10-13 10:13:25,0,8877.76,47,95,2846,0.00,0,ok,0,0,0,0.00,0,0,0,0,0,N/A
2025-10-13 10:13:28,0,8877.76,47,95,2846,0.00,0,ok,0,0,0,0.00,0,0,0,0,0,N/A
2025-10-13 10:13:31,0,8877.76,47,95,2846,0.00,0,ok,0,0,0,0.00,0,0,0,0,0,N/A
2025-10-13 10:13:35,0,8877.76,47,95,2846,0.00,0,ok,0,0,0,0.00,0,0,0,0,0,N/A
2025-10-13 10:13:39,0,8877.76,47,95,2846,0.00,0,ok,0,0,0,0.00,0,0,0,0,0,N/A
2025-10-13 10:13:42,0,8877.76,47,95,2846,0.00,0,ok,0,0,0,0.00,0,0,0,0,0,N/A
2025-10-13 10:13:46,0,8877.76,47,95,2846,0.00,0,ok,0,0,0,0.00,0,0,0,0,0,N/A
2025-10-13 10:13:49,0,8877.76,47,95,2846,0.00,0,ok,0,0,0,0.00,0,0,0,0,0,N/A
2025-10-13 10:13:53,0,8877.76,47,95,2846,0.00,0,ok,0,0,0,0.00,0,0,0,0,0,N/A
2025-10-13 10:13:56,0,8877.76,47,95,2846,0.00,0,ok,0,0,0,0.00,0,0,0,0,0,N/A
2025-10-13 10:13:59,0,8877.76,47,95,2846,0.00,0,ok,0,0,0,0.00,0,0,0,0,0,N/A
2025-10-13 10:14:03,0,8877.76,47,95,2846,0.00,0,ok,0,0,0,0.00,0,0,0,0,0,N/A
2025-10-13 10:14:07,0,8877.76,47,95,2846,0.00,0,ok,0,0,0,0.00,0,0,0,0,0,N/A
2025-10-13 10:14:10,0,8877.76,47,95,2846,0.00,0,ok,0,0,0,0.00,0,0,0,0,0,N/A
2025-10-13 10:14:14,0,8877.76,47,95,2846,0.00,0,ok,0,0,0,0.00,0,0,0,0,0,N/A
2025-10-13 10:14:17,0,8877.76,47,95,2846,0.00,0,ok,0,0,0,0.00,0,0,0,0,0,N/A
2025-10-13 10:14:21,0,8877.76,47,95,2846,0.00,0,ok,0,0,0,0.00,0,0,0,0,0,N/A
2025-10-13 10:14:25,0,8877.76,47,95,2846,0.00,0,ok,0,0,0,0.00,0,0,0,0,0,N/A
2025-10-13 10:14:28,0,8877.76,47,95,2846,0.00,0,ok,0,0,0,0.00,0,0,0,0,0,N/A
2025-10-13 10:14:31,0,8877.76,47,95,2846,0.00,0,ok,0,0,0,0.00,0,0,0,0,0,N/A
2025-10-13 10:14:35,0,8877.76,47,95,2846,0.00,0,ok,0,0,0,0.00,0,0,0,0,0,N/A
2025-10-13 10:14:39,0,8877.76,47,95,2846,0.00,0,ok,0,0,0,0.00,0,0,0,0,0,N/A
2025-10-13 10:14:42,0,8877.76,47,95,2846,0.00,0,ok,0,0,0,0.00,0,0,0,0,0,N/A
2025-10-13 10:14:45,0,8877.76,47,95,2846,0.00,0,ok,0,0,0,0.00,0,0,0,0,0,N/A
2025-10-13 10:14:49,0,8877.76,47,95,2846,0.00,0,ok,0,0,0,0.00,0,0,0,0,0,N/A
2025-10-13 10:14:52,0,8877.76,47,95,2846,0.00,0,ok,0,0,0,0.00,0,0,0,0,0,N/A
2025-10-13 10:14:55,0,8877.76,47,95,2846,0.00,0,ok,0,0,0,0.00,0,0,0,0,0,N/A
2025-10-13 10:14:59,0,8877.76,47,95,2846,0.00,0,ok,0,0,0,0.00,0,0,0,0,0,N/A
2025-10-13 10:15:02,0,8877.76,47,95,2846,0.00,0,ok,0,0,0,0.00,0,0,0,0,0,N/A
2025-10-13 10:15:06,0,8877.76,47,95,2846,0.00,0,ok,0,0,0,0.00,0,0,0,0,0,N/A
2025-10-13 10:15:10,0,8877.76,47,95,2846,0.00,0,ok,0,0,0,0.00,0,0,0,0,0,N/A
2025-10-13 10:15:13,0,8877.76,47,95,2846,0.00,0,ok,0,0,0,0.00,0,0,0,0,0,N/A
2025-10-13 10:15:16,0,8877.76,47,95,2846,0.00,0,ok,0,0,0,0.00,0,0,0,0,0,N/A
2025-10-13 10:15:20,0,8877.76,47,95,2846,0.00,0,ok,0,0,0,0.00,0,0,0,0,0,N/A
2025-10-13 10:15:23,0,8877.76,47,95,2846,0.00,0,ok,0,0,0,0.00,0,0,0,0,0,N/A
2025-10-13 10:15:26,0,8877.76,47,95,2846,0.00,0,ok,0,0,0,0.00,0,0,0,0,0,N/A
2025-10-13 10:15:29,0,8877.76,47,95,2846,0.00,0,ok,0,0,0,0.00,0,0,0,0,0,N/A
2025-10-13 10:15:33,0,8877.76,47,95,2846,0.00,0,ok,0,0,0,0.00,0,0,0,0,0,N/A
2025-10-13 10:15:36,0,8877.76,47,95,2846,0.00,0,ok,0,0,0,0.00,0,0,0,0,0,N/A
2025-10-13 10:15:40,0,8877.76,47,95,2846,0.00,0,ok,0,0,0,0.00,0,0,0,0,0,N/A
2025-10-13 10:15:43,0,8877.76,47,95,2846,0.00,0,ok,0,0,0,0.00,0,0,0,0,0,N/A
2025-10-13 10:15:47,0,8877.76,47,95,2846,0.00,0,ok,0,0,0,0.00,0,0,0,0,0,N/A
2025-10-13 10:15:50,0,8877.76,47,95,2846,0.00,0,ok,0,0,0,0.00,0,0,0,0,0,N/A
2025-10-13 10:15:53,0,8877.76,47,95,2846,0.00,0,ok,0,0,0,0.00,0,0,0,0,0,N/A
2025-10-13 10:15:57,0,8877.76,47,95,2846,0.00,0,ok,0,0,0,0.00,0,0,0,0,0,N/A
2025-10-13 10:16:01,0,8877.76,47,95,2846,0.00,0,ok,0,0,0,0.00,0,0,0,0,0,N/A
2025-10-13 10:16:04,0,8877.76,47,95,2846,0.00,0,ok,0,0,0,0.00,0,0,0,0,0,N/A
2025-10-13 10:16:08,0,8877.76,47,95,2846,0.00,0,ok,0,0,0,0.00,0,0,0,0,0,N/A
2025-10-13 10:16:12,0,8877.76,47,95,2846,0.00,0,ok,0,0,0,0.00,0,0,0,0,0,N/A
2025-10-13 10:16:15,0,8877.76,47,95,2846,0.00,0,ok,0,0,0,0.00,0,0,0,0,0,N/A
2025-10-13 10:16:19,0,8877.76,47,95,2846,0.00,0,ok,0,0,0,0.00,0,0,0,0,0,N/A
2025-10-13 10:16:23,0,8877.76,47,95,2846,0.00,0,ok,0,0,0,0.00,0,0,0,0,0,N/A
