timestamp,total_rec_per_sec,checkpoint_mb,heap_pct,gc_sec,managed_mb,managed_used_mb,managed_pct,backpressure,rocksdb_compactions,rocksdb_pending_comp_mb,rocksdb_mem_tables_mb,rocksdb_stall_ms,rocksdb_write_stopped,rocksdb_flushes,rocksdb_immutable_mems,rocksdb_flush_pending,rocksdb_live_data_mb,rocksdb_cache_hit_rate_pct
2025-10-12 15:56:58,0,0,17,0,2846,2846.72,100,ok,0,0,0,0.00,0,0,0,0,0,N/A
2025-10-12 15:57:02,0,0,17,0,2846,2846.72,100,ok,0,0,0,0.00,0,0,0,0,0,N/A
2025-10-12 15:57:08,2062,37.20,10,0,2846,2846.72,100,ok,0,0,0,0.00,0,0,0,0,0,N/A
2025-10-12 15:57:13,2062,37.20,10,0,2846,2846.72,100,ok,0,0,0,0.00,0,0,0,0,0,N/A
2025-10-12 15:57:18,4904,82.16,7,0,2846,2846.72,100,ok,0,0,0,0.00,0,0,0,0,0,N/A
2025-10-12 15:57:22,4904,82.16,7,0,2846,2846.72,100,ok,0,0,0,0.00,0,0,0,0,0,N/A
2025-10-12 15:57:30,8318,136.72,6,0,2846,2846.72,100,ok,0,0,0,0.00,0,0,0,0,0,N/A
2025-10-12 15:57:34,8318,136.72,7,0,2846,2846.72,100,ok,0,0,0,0.00,0,0,0,0,0,N/A
2025-10-12 15:57:43,12149,197.09,7,0,2846,2846.72,100,ok,0,0,0,0.00,0,0,0,0,0,N/A
2025-10-12 15:57:46,15330,197.09,61,0,2846,2846.72,100,ok,0,0,0,0.00,0,0,0,0,0,N/A
2025-10-12 15:57:53,15330,243.34,61,0,2846,2846.72,100,ok,0,0,0,0.00,0,0,0,0,0,N/A
2025-10-12 15:57:56,17386,243.34,44,0,2846,2846.72,100,ok,0,0,0,0.00,0,0,0,0,0,N/A
2025-10-12 15:58:04,17386,280.32,44,0,2846,2846.72,100,ok,0,0,0,0.00,0,0,0,0,0,N/A
2025-10-12 15:58:08,17855,280.32,32,0,2846,2846.72,100,ok,0,0,0,0.00,0,0,0,0,0,N/A
2025-10-12 15:58:17,16124,324.57,22,0,2846,2846.72,100,ok,0,0,0,0.00,0,0,0,0,0,N/A
2025-10-12 15:58:21,16124,324.57,22,0,2846,2846.72,100,ok,0,0,0,0.00,0,0,0,0,0,N/A
2025-10-12 15:58:31,15527,374.85,15,0,2846,2846.72,100,ok,0,0,0,0.00,0,0,0,0,0,N/A
2025-10-12 15:58:38,14787,413.88,15,0,2846,2846.72,100,ok,0,0,0,0.00,0,0,0,0,0,N/A
2025-10-12 15:58:42,14787,413.88,15,0,2846,2846.72,100,ok,0,0,0,0.00,0,0,0,0,0,N/A
2025-10-12 15:58:49,14787,454.68,12,0,2846,2846.72,100,ok,0,0,0,0.00,0,0,0,0,0,N/A
2025-10-12 15:58:53,16129,454.68,12,0,2846,2846.72,100,ok,0,0,0,0.00,0,0,0,0,0,N/A
2025-10-12 15:58:59,16129,500.93,12,0,2846,2846.72,100,ok,0,0,0,0.00,0,0,0,0,0,N/A
2025-10-12 15:59:02,16406,500.93,7,0,2846,2846.72,100,ok,0,0,0,0.00,0,0,0,0,0,N/A
2025-10-12 15:59:11,14924,545.44,10,0,2846,2846.72,100,ok,0,0,0,0.00,0,0,0,0,0,N/A
2025-10-12 15:59:16,14924,545.44,10,0,2846,2846.72,100,ok,0,0,0,0.00,0,0,0,0,0,N/A
2025-10-12 15:59:24,14258,575.85,47,0,2846,2846.72,100,ok,0,0,0,0.00,0,0,0,0,0,N/A
2025-10-12 15:59:27,14258,575.85,47,0,2846,2846.72,100,ok,0,0,0,0.00,0,0,0,0,0,N/A
2025-10-12 15:59:34,13956,610.32,29,0,2846,2846.72,100,ok,0,0,0,0.00,0,0,0,0,0,N/A
2025-10-12 15:59:38,13956,610.32,29,0,2846,2846.72,100,ok,0,0,0,0.00,0,0,0,0,0,N/A
2025-10-12 15:59:45,13964,652.14,20,0,2846,2846.72,100,ok,0,0,0,0.00,0,0,0,0,0,N/A
2025-10-12 15:59:49,13964,652.14,20,0,2846,2846.72,100,ok,0,0,0,0.00,0,0,0,0,0,N/A
2025-10-12 15:59:59,13771,691.65,16,0,2846,2846.72,100,ok,0,0,0,0.00,0,0,0,0,0,N/A
2025-10-12 16:00:03,13066,691.65,13,0,2846,2846.72,100,ok,0,0,0,0.00,0,0,0,0,0,N/A
2025-10-12 16:00:12,13066,733.87,13,0,2846,2846.72,100,ok,0,0,0,0.00,0,0,0,0,0,N/A
2025-10-12 16:00:15,13175,733.87,59,0,2846,2846.72,100,ok,0,0,0,0.00,0,0,0,0,0,N/A
2025-10-12 16:00:23,13175,767.83,47,0,2846,2846.72,100,ok,0,0,0,0.00,0,0,0,0,0,N/A
2025-10-12 16:00:26,12966,767.83,47,0,2846,2846.72,100,ok,0,0,0,0.00,0,0,0,0,0,N/A
2025-10-12 16:00:34,12966,810.73,47,1,2846,2846.72,100,ok,0,0,0,0.00,0,0,0,0,0,N/A
2025-10-12 16:00:38,13558,810.73,47,1,2846,2846.72,100,ok,0,0,0,0.00,0,0,0,0,0,N/A
2025-10-12 16:00:46,12157,845.89,32,1,2846,2846.72,100,ok,0,0,0,0.00,0,0,0,0,0,N/A
2025-10-12 16:00:50,12157,845.89,32,1,2846,2846.72,100,ok,0,0,0,0.00,0,0,0,0,0,N/A
2025-10-12 16:00:58,13085,877.03,16,1,2846,2846.72,100,ok,0,0,0,0.00,0,0,0,0,0,N/A
2025-10-12 16:01:02,13085,877.03,16,1,2846,2846.72,100,ok,0,0,0,0.00,0,0,0,0,0,N/A
2025-10-12 16:01:07,11880,877.03,55,1,2846,2846.72,100,ok,0,0,0,0.00,0,0,0,0,0,N/A
2025-10-12 16:01:12,11880,904.27,55,1,2846,2846.72,100,ok,0,0,0,0.00,0,0,0,0,0,N/A
2025-10-12 16:01:15,11880,904.27,43,1,2846,2846.72,100,ok,0,0,0,0.00,0,0,0,0,0,N/A
2025-10-12 16:01:24,11613,937.98,43,1,2846,2846.72,100,ok,0,0,0,0.00,0,0,0,0,0,N/A
2025-10-12 16:01:28,10875,937.98,35,1,2846,2846.72,100,ok,0,0,0,0.00,0,0,0,0,0,N/A
2025-10-12 16:01:35,10875,937.98,35,1,2846,2846.72,100,ok,0,0,0,0.00,0,0,0,0,0,N/A
2025-10-12 16:01:40,9946,976.94,15,1,2846,2846.72,100,ok,0,0,0,0.00,0,0,0,0,0,N/A
2025-10-12 16:01:43,9946,976.94,15,1,2846,2846.72,100,ok,0,0,0,0.00,0,0,0,0,0,N/A
2025-10-12 16:01:51,11494,1009.79,7,1,2846,2846.72,100,ok,0,0,0,0.00,0,0,0,0,0,N/A
2025-10-12 16:01:55,11494,1009.79,7,1,2846,2846.72,100,ok,0,0,0,0.00,0,0,0,0,0,N/A
2025-10-12 16:02:03,11769,1042.31,60,1,2846,2846.72,100,ok,0,0,0,0.00,0,0,0,0,0,N/A
2025-10-12 16:02:07,11769,1042.31,50,1,2846,2846.72,100,ok,0,0,0,0.00,0,0,0,0,0,N/A
2025-10-12 16:02:14,11490,1074.36,50,1,2846,2846.72,100,ok,0,0,0,0.00,0,0,0,0,0,N/A
2025-10-12 16:02:18,10848,1074.36,47,1,2846,2846.72,100,ok,0,0,0,0.00,0,0,0,0,0,N/A
2025-10-12 16:02:25,10848,1074.36,47,1,2846,2846.72,100,ok,0,0,0,0.00,0,0,0,0,0,N/A
2025-10-12 16:02:29,10848,1110.45,43,1,2846,2846.72,100,ok,0,0,0,0.00,0,0,0,0,0,N/A
2025-10-12 16:02:33,10902,1110.45,43,1,2846,2846.72,100,ok,0,0,0,0.00,0,0,0,0,0,N/A
2025-10-12 16:02:42,9653,1110.45,19,1,2846,2846.72,100,ok,0,0,0,0.00,0,0,0,0,0,N/A
2025-10-12 16:02:46,9653,1137.89,19,1,2846,2846.72,100,ok,0,0,0,0.00,0,0,0,0,0,N/A
2025-10-12 16:02:50,9653,1137.89,10,1,2846,2846.72,100,ok,0,0,0,0.00,0,0,0,0,0,N/A
2025-10-12 16:02:56,11648,1137.89,10,1,2846,2846.72,100,ok,0,0,0,0.00,0,0,0,0,0,N/A
2025-10-12 16:03:00,11648,1172.42,64,1,2846,2846.72,100,ok,0,0,0,0.00,0,0,0,0,0,N/A
2025-10-12 16:03:05,11051,1172.42,64,1,2846,2846.72,100,ok,0,0,0,0.00,0,0,0,0,0,N/A
2025-10-12 16:03:10,10582,1205.94,60,1,2846,2846.72,100,ok,0,0,0,0.00,0,0,0,0,0,N/A
2025-10-12 16:03:21,10582,1236.44,37,1,2846,2846.72,100,ok,0,0,0,0.00,0,0,0,0,0,N/A
2025-10-12 16:03:25,9436,1236.44,37,1,2846,2846.72,100,ok,0,0,0,0.00,0,0,0,0,0,N/A
2025-10-12 16:03:32,9436,1257.12,19,1,2846,2846.72,100,ok,0,0,0,0.00,0,0,0,0,0,N/A
2025-10-12 16:03:36,8660,1257.12,19,1,2846,2846.72,100,ok,0,0,0,0.00,0,0,0,0,0,N/A
2025-10-12 16:03:42,8660,1257.12,19,1,2846,2846.72,100,ok,0,0,0,0.00,0,0,0,0,0,N/A
2025-10-12 16:03:47,10638,1284.58,17,1,2846,2846.72,100,ok,0,0,0,0.00,0,0,0,0,0,N/A
2025-10-12 16:03:51,10638,1284.58,17,1,2846,2846.72,100,ok,0,0,0,0.00,0,0,0,0,0,N/A
2025-10-12 16:03:58,10114,1284.58,14,1,2846,2846.72,100,ok,0,0,0,0.00,0,0,0,0,0,N/A
2025-10-12 16:04:02,10114,1316.38,14,1,2846,2846.72,100,ok,0,0,0,0.00,0,0,0,0,0,N/A
2025-10-12 16:04:06,9711,1316.38,10,1,2846,2846.72,100,ok,0,0,0,0.00,0,0,0,0,0,N/A
2025-10-12 16:04:12,9711,1347.68,10,1,2846,2846.72,100,ok,0,0,0,0.00,0,0,0,0,0,N/A
2025-10-12 16:04:17,9326,1347.68,61,1,2846,2846.72,100,ok,0,0,0,0.00,0,0,0,0,0,N/A
2025-10-12 16:04:24,9326,1375.28,58,1,2846,2846.72,100,ok,0,0,0,0.00,0,0,0,0,0,N/A
2025-10-12 16:04:27,9638,1375.28,58,1,2846,2846.72,100,ok,0,0,0,0.00,0,0,0,0,0,N/A
2025-10-12 16:04:35,9638,1375.28,46,1,2846,2846.72,100,ok,0,0,0,0.00,0,0,0,0,0,N/A
2025-10-12 16:04:39,9014,1400.17,46,1,2846,2846.72,100,ok,0,0,0,0.00,0,0,0,0,0,N/A
2025-10-12 16:04:44,9014,1400.17,46,1,2846,2846.72,100,ok,0,0,0,0.00,0,0,0,0,0,N/A
2025-10-12 16:04:50,10224,1425.06,46,1,2846,2846.72,100,ok,0,0,0,0.00,0,0,0,0,0,N/A
2025-10-12 16:04:53,10224,1425.06,46,1,2846,2846.72,100,ok,0,0,0,0.00,0,0,0,0,0,N/A
2025-10-12 16:05:01,10177,1457.04,56,1,2846,2846.72,100,ok,0,0,0,0.00,0,0,0,0,0,N/A
2025-10-12 16:05:04,10177,1457.04,56,1,2846,2846.72,100,ok,0,0,0,0.00,0,0,0,0,0,N/A
2025-10-12 16:05:12,10297,1457.04,60,1,2846,2846.72,100,ok,0,0,0,0.00,0,0,0,0,0,N/A
2025-10-12 16:05:16,10297,1485.68,47,1,2846,2846.72,100,ok,0,0,0,0.00,0,0,0,0,0,N/A
2025-10-12 16:05:20,9351,1485.68,47,1,2846,2846.72,100,ok,0,0,0,0.00,0,0,0,0,0,N/A
2025-10-12 16:05:27,9351,1512.72,61,1,2846,2846.72,100,ok,0,0,0,0.00,0,0,0,0,0,N/A
2025-10-12 16:05:31,9021,1512.72,61,1,2846,2846.72,100,ok,0,0,0,0.00,0,0,0,0,0,N/A
2025-10-12 16:05:39,10270,1538.00,46,1,2846,2846.72,100,ok,0,0,0,0.00,0,0,0,0,0,N/A
2025-10-12 16:05:43,10270,1538.00,46,1,2846,2846.72,100,ok,0,0,0,0.00,0,0,0,0,0,N/A
2025-10-12 16:05:49,10798,1538.00,62,1,2846,2846.72,100,ok,0,0,0,0.00,0,0,0,0,0,N/A
2025-10-12 16:05:54,10798,1574.34,62,1,2846,2846.72,100,ok,0,0,0,0.00,0,0,0,0,0,N/A
2025-10-12 16:05:57,10798,1574.34,11,1,2846,2846.72,100,ok,0,0,0,0.00,0,0,0,0,0,N/A
2025-10-12 16:06:03,10637,1574.34,11,1,2846,2846.72,100,ok,0,0,0,0.00,0,0,0,0,0,N/A
2025-10-12 16:06:07,10637,1601.27,13,1,2846,2846.72,100,ok,0,0,0,0.00,0,0,0,0,0,N/A
2025-10-12 16:06:11,9529,1601.27,13,1,2846,2846.72,100,ok,0,0,0,0.00,0,0,0,0,0,N/A
2025-10-12 16:06:17,9529,1601.27,13,1,2846,2846.72,100,ok,0,0,0,0.00,0,0,0,0,0,N/A
2025-10-12 16:06:21,9600,1626.70,51,1,2846,2846.72,100,ok,0,0,0,0.00,0,0,0,0,0,N/A
2025-10-12 16:06:26,9600,1626.70,51,1,2846,2846.72,100,ok,0,0,0,0.00,0,0,0,0,0,N/A
2025-10-12 16:06:31,10328,1653.21,65,2,2846,2846.72,100,ok,0,0,0,0.00,0,0,0,0,0,N/A
2025-10-12 16:06:35,10328,1653.21,65,2,2846,2846.72,100,ok,0,0,0,0.00,0,0,0,0,0,N/A
2025-10-12 16:06:43,10800,1686.18,24,2,2846,2846.72,100,ok,0,0,0,0.00,0,0,0,0,0,N/A
2025-10-12 16:06:46,10800,1686.18,24,2,2846,2846.72,100,ok,0,0,0,0.00,0,0,0,0,0,N/A
2025-10-12 16:06:54,10490,1714.00,48,2,2846,2846.72,100,ok,0,0,0,0.00,0,0,0,0,0,N/A
2025-10-12 16:06:58,10490,1714.00,63,2,2846,2846.72,100,ok,0,0,0,0.00,0,0,0,0,0,N/A
2025-10-12 16:07:04,9758,1714.00,63,2,2846,2846.72,100,ok,0,0,0,0.00,0,0,0,0,0,N/A
2025-10-12 16:07:08,9758,1742.66,57,2,2846,2846.72,100,ok,0,0,0,0.00,0,0,0,0,0,N/A
2025-10-12 16:07:13,9578,1742.66,57,2,2846,2846.72,100,ok,0,0,0,0.00,0,0,0,0,0,N/A
2025-10-12 16:07:20,9578,1764.86,52,2,2846,2846.72,100,ok,0,0,0,0.00,0,0,0,0,0,N/A
2025-10-12 16:07:24,10464,1764.86,52,2,2846,2846.72,100,ok,0,0,0,0.00,0,0,0,0,0,N/A
2025-10-12 16:07:31,10257,1764.86,9,2,2846,2846.72,100,ok,0,0,0,0.00,0,0,0,0,0,N/A
2025-10-12 16:07:35,10257,1792.21,9,2,2846,2846.72,100,ok,0,0,0,0.00,0,0,0,0,0,N/A
2025-10-12 16:07:41,9552,1792.21,33,2,2846,2846.72,100,ok,0,0,0,0.00,0,0,0,0,0,N/A
2025-10-12 16:07:46,9552,1819.52,33,2,2846,2846.72,100,ok,0,0,0,0.00,0,0,0,0,0,N/A
2025-10-12 16:07:51,9552,1819.52,33,2,2846,2846.72,100,ok,0,0,0,0.00,0,0,0,0,0,N/A
2025-10-12 16:07:56,9700,1819.52,50,2,2846,2846.72,100,ok,0,0,0,0.00,0,0,0,0,0,N/A
2025-10-12 16:08:01,9700,1847.51,50,2,2846,2846.72,100,ok,0,0,0,0.00,0,0,0,0,0,N/A
2025-10-12 16:08:04,8800,1847.51,57,2,2846,2846.72,100,ok,0,0,0,0.00,0,0,0,0,0,N/A
2025-10-12 16:08:11,8147,1875.37,52,2,2846,2846.72,100,ok,0,0,0,0.00,0,0,0,0,0,N/A
2025-10-12 16:08:16,8147,1875.37,52,2,2846,2846.72,100,ok,0,0,0,0.00,0,0,0,0,0,N/A
2025-10-12 16:08:23,8147,1875.37,52,2,2846,2846.72,100,ok,0,0,0,0.00,0,0,0,0,0,N/A
2025-10-12 16:08:27,8716,1897.10,51,2,2846,2846.72,100,ok,0,0,0,0.00,0,0,0,0,0,N/A
2025-10-12 16:08:31,8716,1897.10,51,2,2846,2846.72,100,ok,0,0,0,0.00,0,0,0,0,0,N/A
2025-10-12 16:08:38,8799,1923.51,66,2,2846,2846.72,100,ok,0,0,0,0.00,0,0,0,0,0,N/A
2025-10-12 16:08:42,8799,1923.51,66,2,2846,2846.72,100,ok,0,0,0,0.00,0,0,0,0,0,N/A
2025-10-12 16:08:50,8958,1949.37,31,2,2846,2846.72,100,ok,0,0,0,0.00,0,0,0,0,0,N/A
2025-10-12 16:08:54,7642,1949.37,29,2,2846,2846.72,100,ok,0,0,0,0.00,0,0,0,0,0,N/A
2025-10-12 16:09:02,7642,1975.94,29,2,2846,2846.72,100,ok,0,0,0,0.00,0,0,0,0,0,N/A
2025-10-12 16:09:06,6984,1975.94,52,2,2846,2846.72,100,ok,0,0,0,0.00,0,0,0,0,0,N/A
2025-10-12 16:09:15,6984,2002.65,52,2,2846,2846.72,100,ok,0,0,0,0.00,0,0,0,0,0,N/A
2025-10-12 16:09:19,7434,2002.65,43,2,2846,2846.72,100,ok,0,0,0,0.00,0,0,0,0,0,N/A
2025-10-12 16:09:26,7434,2002.65,30,2,2846,2846.72,100,ok,0,0,0,0.00,0,0,0,0,0,N/A
2025-10-12 16:09:31,7570,2031.31,30,2,2846,2846.72,100,ok,0,0,0,0.00,0,0,0,0,0,N/A
2025-10-12 16:09:34,7570,2031.31,30,2,2846,2846.72,100,ok,0,0,0,0.00,0,0,0,0,0,N/A
2025-10-12 16:09:41,6996,2031.31,56,2,2846,2846.72,100,ok,0,0,0,0.00,0,0,0,0,0,N/A
2025-10-12 16:09:45,6996,2056.81,56,2,2846,2846.72,100,ok,0,0,0,0.00,0,0,0,0,0,N/A
2025-10-12 16:09:51,5880,2056.81,63,2,2846,2846.72,100,ok,0,0,0,0.00,0,0,0,0,0,N/A
2025-10-12 16:09:56,5880,2074.53,63,2,2846,2846.72,100,ok,0,0,0,0.00,0,0,0,0,0,N/A
2025-10-12 16:10:00,6700,2074.53,60,2,2846,2846.72,100,ok,0,0,0,0.00,0,0,0,0,0,N/A
2025-10-12 16:10:07,6700,2097.66,60,2,2846,2846.72,100,ok,0,0,0,0.00,0,0,0,0,0,N/A
2025-10-12 16:10:11,6394,2097.66,60,2,2846,2846.72,100,ok,0,0,0,0.00,0,0,0,0,0,N/A
2025-10-12 16:10:19,6295,2111.12,42,2,2846,2846.72,100,ok,0,0,0,0.00,0,0,0,0,0,N/A
2025-10-12 16:10:23,6295,2111.12,42,2,2846,2846.72,100,ok,0,0,0,0.00,0,0,0,0,0,N/A
2025-10-12 16:10:31,7515,2118.07,14,2,2846,2846.72,100,ok,0,0,0,0.00,0,0,0,0,0,N/A
2025-10-12 16:10:35,7515,2118.07,14,2,2846,2846.72,100,ok,0,0,0,0.00,0,0,0,0,0,N/A
2025-10-12 16:10:42,8033,2118.07,19,2,2846,2846.72,100,ok,0,0,0,0.00,0,0,0,0,0,N/A
2025-10-12 16:10:46,8033,2145.02,19,2,2846,2846.72,100,ok,0,0,0,0.00,0,0,0,0,0,N/A
2025-10-12 16:10:50,7580,2145.02,61,2,2846,2846.72,100,ok,0,0,0,0.00,0,0,0,0,0,N/A
2025-10-12 16:10:57,7580,2178.16,61,2,2846,2846.72,100,ok,0,0,0,0.00,0,0,0,0,0,N/A
2025-10-12 16:11:01,7580,2178.16,27,2,2846,2846.72,100,ok,0,0,0,0.00,0,0,0,0,0,N/A
2025-10-12 16:11:09,7649,2199.49,27,2,2846,2846.72,100,ok,0,0,0,0.00,0,0,0,0,0,N/A
2025-10-12 16:11:14,8094,2199.49,7,2,2846,2846.72,100,ok,0,0,0,0.00,0,0,0,0,0,N/A
2025-10-12 16:11:22,8111,2227.73,49,2,2846,2846.72,100,ok,0,0,0,0.00,0,0,0,0,0,N/A
2025-10-12 16:11:26,8111,2227.73,49,2,2846,2846.72,100,ok,0,0,0,0.00,0,0,0,0,0,N/A
2025-10-12 16:11:34,7547,2236.10,47,2,2846,2846.72,100,ok,0,0,0,0.00,0,0,0,0,0,N/A
2025-10-12 16:11:39,7547,2236.10,47,2,2846,2846.72,100,ok,0,0,0,0.00,0,0,0,0,0,N/A
2025-10-12 16:11:45,6875,2244.02,34,2,2846,2846.72,100,ok,0,0,0,0.00,0,0,0,0,0,N/A
2025-10-12 16:11:49,6875,2244.02,34,2,2846,2846.72,100,ok,0,0,0,0.00,0,0,0,0,0,N/A
2025-10-12 16:11:59,6379,2244.02,47,3,2846,2846.72,100,ok,0,0,0,0.00,0,0,0,0,0,N/A
2025-10-12 16:12:04,6379,2272.15,47,3,2846,2846.72,100,ok,0,0,0,0.00,0,0,0,0,0,N/A
2025-10-12 16:12:08,5164,2272.15,42,3,2846,2846.72,100,ok,0,0,0,0.00,0,0,0,0,0,N/A
2025-10-12 16:12:15,5164,2290.74,42,3,2846,2846.72,100,ok,0,0,0,0.00,0,0,0,0,0,N/A
2025-10-12 16:12:19,5709,2290.74,42,3,2846,2846.72,100,ok,0,0,0,0.00,0,0,0,0,0,N/A
2025-10-12 16:12:28,6380,2310.76,53,3,2846,2846.72,100,ok,0,0,0,0.00,0,0,0,0,0,N/A
2025-10-12 16:12:32,6380,2310.76,53,3,2846,2846.72,100,ok,0,0,0,0.00,0,0,0,0,0,N/A
2025-10-12 16:12:40,6594,2326.94,6,3,2846,2846.72,100,ok,0,0,0,0.00,0,0,0,0,0,N/A
2025-10-12 16:12:43,6594,2326.94,6,3,2846,2846.72,100,ok,0,0,0,0.00,0,0,0,0,0,N/A
2025-10-12 16:12:51,6276,2335.09,56,3,2846,2846.72,100,ok,0,0,0,0.00,0,0,0,0,0,N/A
2025-10-12 16:12:55,6276,2335.09,56,3,2846,2846.72,100,ok,0,0,0,0.00,0,0,0,0,0,N/A
2025-10-12 16:13:03,5955,2360.09,50,3,2846,2846.72,100,ok,0,0,0,0.00,0,0,0,0,0,N/A
2025-10-12 16:13:07,5955,2360.09,65,3,2846,2846.72,100,ok,0,0,0,0.00,0,0,0,0,0,N/A
2025-10-12 16:13:15,6808,2382.74,65,3,2846,2846.72,100,ok,0,0,0,0.00,0,0,0,0,0,N/A
2025-10-12 16:13:19,6865,2382.74,11,3,2846,2846.72,100,ok,0,0,0,0.00,0,0,0,0,0,N/A
2025-10-12 16:13:26,6865,2395.78,11,3,2846,2846.72,100,ok,0,0,0,0.00,0,0,0,0,0,N/A
2025-10-12 16:13:29,6865,2395.78,44,3,2846,2846.72,100,ok,0,0,0,0.00,0,0,0,0,0,N/A
2025-10-12 16:13:37,6935,2400.25,44,3,2846,2846.72,100,ok,0,0,0,0.00,0,0,0,0,0,N/A
2025-10-12 16:13:41,6924,2400.25,54,3,2846,2846.72,100,ok,0,0,0,0.00,0,0,0,0,0,N/A
2025-10-12 16:13:48,6924,2421.97,54,3,2846,2846.72,100,ok,0,0,0,0.00,0,0,0,0,0,N/A
2025-10-12 16:13:52,6924,2421.97,12,3,2846,2846.72,100,ok,0,0,0,0.00,0,0,0,0,0,N/A
2025-10-12 16:14:01,6888,2454.86,12,3,2846,2846.72,100,ok,0,0,0,0.00,0,0,0,0,0,N/A
2025-10-12 16:14:05,6081,2454.86,50,3,2846,2846.72,100,ok,0,0,0,0.00,0,0,0,0,0,N/A
2025-10-12 16:14:13,6081,2465.72,56,3,2846,2846.72,100,ok,0,0,0,0.00,0,0,0,0,0,N/A
2025-10-12 16:14:17,5901,2465.72,56,3,2846,2846.72,100,ok,0,0,0,0.00,0,0,0,0,0,N/A
2025-10-12 16:14:23,5901,2466.70,6,3,2846,2846.72,100,ok,0,0,0,0.00,0,0,0,0,0,N/A
2025-10-12 16:14:27,5986,2466.70,6,3,2846,2846.72,100,ok,0,0,0,0.00,0,0,0,0,0,N/A
2025-10-12 16:14:37,5697,2474.43,28,3,2846,2846.72,100,ok,0,0,0,0.00,0,0,0,0,0,N/A
2025-10-12 16:14:41,5697,2474.43,28,3,2846,2846.72,100,ok,0,0,0,0.00,0,0,0,0,0,N/A
2025-10-12 16:14:49,4497,2502.54,12,3,2846,2846.72,100,ok,0,0,0,0.00,0,0,0,0,0,N/A
2025-10-12 16:14:53,4497,2502.54,12,3,2846,2846.72,100,ok,0,0,0,0.00,0,0,0,0,0,N/A
2025-10-12 16:15:01,4627,2506.23,25,3,2846,2846.72,100,ok,0,0,0,0.00,0,0,0,0,0,N/A
2025-10-12 16:15:04,5047,2506.23,45,3,2846,2846.72,100,ok,0,0,0,0.00,0,0,0,0,0,N/A
2025-10-12 16:15:12,5047,2515.65,45,3,2846,2846.72,100,ok,0,0,0,0.00,0,0,0,0,0,N/A
2025-10-12 16:15:17,4867,2515.65,37,3,2846,2846.72,100,ok,0,0,0,0.00,0,0,0,0,0,N/A
2025-10-12 16:15:23,4867,2533.23,37,3,2846,2846.72,100,ok,0,0,0,0.00,0,0,0,0,0,N/A
2025-10-12 16:15:27,4270,2533.23,20,3,2846,2846.72,100,ok,0,0,0,0.00,0,0,0,0,0,N/A
2025-10-12 16:15:36,4270,2545.09,20,3,2846,2846.72,100,ok,0,0,0,0.00,0,0,0,0,0,N/A
2025-10-12 16:15:40,4403,2545.09,30,3,2846,2846.72,100,ok,0,0,0,0.00,0,0,0,0,0,N/A
2025-10-12 16:15:48,4403,2561.61,30,3,2846,2846.72,100,ok,0,0,0,0.00,0,0,0,0,0,N/A
2025-10-12 16:15:52,4180,2561.61,27,3,2846,2846.72,100,ok,0,0,0,0.00,0,0,0,0,0,N/A
2025-10-12 16:16:00,4180,2561.61,27,3,2846,2846.72,100,ok,0,0,0,0.00,0,0,0,0,0,N/A
2025-10-12 16:16:04,4180,2573.19,34,3,2846,2846.72,100,ok,0,0,0,0.00,0,0,0,0,0,N/A
2025-10-12 16:16:11,4059,2574.27,34,3,2846,2846.72,100,ok,0,0,0,0.00,0,0,0,0,0,N/A
2025-10-12 16:16:15,4059,2574.27,36,3,2846,2846.72,100,ok,0,0,0,0.00,0,0,0,0,0,N/A
2025-10-12 16:16:23,4047,2576.30,36,3,2846,2846.72,100,ok,0,0,0,0.00,0,0,0,0,0,N/A
2025-10-12 16:16:27,3550,2576.30,38,3,2846,2846.72,100,ok,0,0,0,0.00,0,0,0,0,0,N/A
2025-10-12 16:16:34,3550,2584.64,38,3,2846,2846.72,100,ok,0,0,0,0.00,0,0,0,0,0,N/A
2025-10-12 16:16:38,3632,2584.64,34,3,2846,2846.72,100,ok,0,0,0,0.00,0,0,0,0,0,N/A
2025-10-12 16:16:46,3632,2603.06,34,3,2846,2846.72,100,ok,0,0,0,0.00,0,0,0,0,0,N/A
2025-10-12 16:16:50,3529,2603.06,17,3,2846,2846.72,100,ok,0,0,0,0.00,0,0,0,0,0,N/A
2025-10-12 16:16:58,3529,2612.99,6,3,2846,2846.72,100,ok,0,0,0,0.00,0,0,0,0,0,N/A
2025-10-12 16:17:02,3454,2612.99,6,3,2846,2846.72,100,ok,0,0,0,0.00,0,0,0,0,0,N/A
2025-10-12 16:17:09,3454,2622.88,6,3,2846,2846.72,100,ok,0,0,0,0.00,0,0,0,0,0,N/A
2025-10-12 16:17:13,3377,2622.88,6,3,2846,2846.72,100,ok,0,0,0,0.00,0,0,0,0,0,N/A
2025-10-12 16:17:21,3376,2628.36,11,3,2846,2846.72,100,ok,0,0,0,0.00,0,0,0,0,0,N/A
2025-10-12 16:17:25,3376,2628.36,11,3,2846,2846.72,100,ok,0,0,0,0.00,0,0,0,0,0,N/A
2025-10-12 16:17:33,3304,2636.22,59,3,2846,2846.72,100,ok,0,0,0,0.00,0,0,0,0,0,N/A
2025-10-12 16:17:37,3304,2636.22,59,3,2846,2846.72,100,ok,0,0,0,0.00,0,0,0,0,0,N/A
2025-10-12 16:17:45,3513,2644.40,8,3,2846,2846.72,100,ok,0,0,0,0.00,0,0,0,0,0,N/A
2025-10-12 16:17:50,3648,2644.40,8,3,2846,2846.72,100,ok,0,0,0,0.00,0,0,0,0,0,N/A
2025-10-12 16:17:57,3648,2654.80,8,3,2846,2846.72,100,ok,0,0,0,0.00,0,0,0,0,0,N/A
2025-10-12 16:18:01,3777,2654.80,12,4,2846,2846.72,100,ok,0,0,0,0.00,0,0,0,0,0,N/A
2025-10-12 16:18:08,3777,2661.34,12,4,2846,2846.72,100,ok,0,0,0,0.00,0,0,0,0,0,N/A
2025-10-12 16:18:15,3538,2661.34,66,4,2846,2846.72,100,ok,0,0,0,0.00,0,0,0,0,0,N/A
2025-10-12 16:18:20,3538,2669.10,66,4,2846,2846.72,100,ok,0,0,0,0.00,0,0,0,0,0,N/A
2025-10-12 16:18:24,3538,2669.10,26,4,2846,2846.72,100,ok,0,0,0,0.00,0,0,0,0,0,N/A
2025-10-12 16:18:30,3665,2677.41,26,4,2846,2846.72,100,ok,0,0,0,0.00,0,0,0,0,0,N/A
2025-10-12 16:18:35,3925,2677.41,28,4,2846,2846.72,100,ok,0,0,0,0.00,0,0,0,0,0,N/A
2025-10-12 16:18:43,3925,2694.15,28,4,2846,2846.72,100,ok,0,0,0,0.00,0,0,0,0,0,N/A
2025-10-12 16:18:47,4265,2694.15,64,4,2846,2846.72,100,ok,0,0,0,0.00,0,0,0,0,0,N/A
2025-10-12 16:18:54,4265,2715.11,64,4,2846,2846.72,100,ok,0,0,0,0.00,0,0,0,0,0,N/A
2025-10-12 16:18:58,4410,2715.11,9,4,2846,2846.72,100,ok,0,0,0,0.00,0,0,0,0,0,N/A
2025-10-12 16:19:12,3953,2727.41,17,4,2846,2846.72,100,ok,0,0,0,0.00,0,0,0,0,0,N/A
2025-10-12 16:19:16,3953,2727.41,17,4,2846,2846.72,100,ok,0,0,0,0.00,0,0,0,0,0,N/A
2025-10-12 16:19:23,4159,2732.21,18,4,2846,2846.72,100,ok,0,0,0,0.00,0,0,0,0,0,N/A
2025-10-12 16:19:28,4159,2732.21,18,4,2846,2846.72,100,ok,0,0,0,0.00,0,0,0,0,0,N/A
2025-10-12 16:19:34,4417,2737.97,55,4,2846,2846.72,100,ok,0,0,0,0.00,0,0,0,0,0,N/A
2025-10-12 16:19:43,4442,2748.58,13,4,2846,2846.72,100,ok,0,0,0,0.00,0,0,0,0,0,N/A
2025-10-12 16:19:47,4442,2748.58,13,4,2846,2846.72,100,ok,0,0,0,0.00,0,0,0,0,0,N/A
2025-10-12 16:19:56,4109,2771.00,23,4,2846,2846.72,100,ok,0,0,0,0.00,0,0,0,0,0,N/A
2025-10-12 16:20:00,4109,2771.00,23,4,2846,2846.72,100,ok,0,0,0,0.00,0,0,0,0,0,N/A
2025-10-12 16:20:08,4051,2777.25,38,4,2846,2846.72,100,ok,0,0,0,0.00,0,0,0,0,0,N/A
2025-10-12 16:20:12,4051,2777.25,38,4,2846,2846.72,100,ok,0,0,0,0.00,0,0,0,0,0,N/A
2025-10-12 16:20:20,5183,2787.70,38,4,2846,2846.72,100,ok,0,0,0,0.00,0,0,0,0,0,N/A
2025-10-12 16:20:24,4978,2787.70,30,4,2846,2846.72,100,ok,0,0,0,0.00,0,0,0,0,0,N/A
2025-10-12 16:20:32,4978,2817.14,30,4,2846,2846.72,100,ok,0,0,0,0.00,0,0,0,0,0,N/A
2025-10-12 16:20:36,4805,2817.14,46,4,2846,2846.72,100,ok,0,0,0,0.00,0,0,0,0,0,N/A
2025-10-12 16:20:43,4805,2820.23,46,4,2846,2846.72,100,ok,0,0,0,0.00,0,0,0,0,0,N/A
2025-10-12 16:20:47,4805,2820.23,42,4,2846,2846.72,100,ok,0,0,0,0.00,0,0,0,0,0,N/A
2025-10-12 16:20:54,4149,2825.05,42,4,2846,2846.72,100,ok,0,0,0,0.00,0,0,0,0,0,N/A
2025-10-12 16:20:58,4443,2825.05,18,4,2846,2846.72,100,ok,0,0,0,0.00,0,0,0,0,0,N/A
2025-10-12 16:21:05,4443,2830.25,18,4,2846,2846.72,100,ok,0,0,0,0.00,0,0,0,0,0,N/A
2025-10-12 16:21:08,4458,2830.25,44,4,2846,2846.72,100,ok,0,0,0,0.00,0,0,0,0,0,N/A
2025-10-12 16:21:14,4458,2840.23,44,4,2846,2846.72,100,ok,0,0,0,0.00,0,0,0,0,0,N/A
2025-10-12 16:21:18,4458,2840.23,44,4,2846,2846.72,100,ok,0,0,0,0.00,0,0,0,0,0,N/A
2025-10-12 16:21:24,4022,2840.23,34,4,2846,2846.72,100,ok,0,0,0,0.00,0,0,0,0,0,N/A
2025-10-12 16:21:28,4022,2850.90,34,4,2846,2846.72,100,ok,0,0,0,0.00,0,0,0,0,0,N/A
2025-10-12 16:21:32,3600,2850.90,28,4,2846,2846.72,100,ok,0,0,0,0.00,0,0,0,0,0,N/A
2025-10-12 16:21:39,3600,2855.24,17,4,2846,2846.72,100,ok,0,0,0,0.00,0,0,0,0,0,N/A
2025-10-12 16:21:43,3285,2855.24,17,4,2846,2846.72,100,ok,0,0,0,0.00,0,0,0,0,0,N/A
2025-10-12 16:21:50,3285,2860.95,59,4,2846,2846.72,100,ok,0,0,0,0.00,0,0,0,0,0,N/A
2025-10-12 16:21:54,3096,2860.95,59,4,2846,2846.72,100,ok,0,0,0,0.00,0,0,0,0,0,N/A
2025-10-12 16:22:01,3096,2866.06,53,4,2846,2846.72,100,ok,0,0,0,0.00,0,0,0,0,0,N/A
2025-10-12 16:22:06,2584,2866.06,53,4,2846,2846.72,100,ok,0,0,0,0.00,0,0,0,0,0,N/A
2025-10-12 16:22:11,2584,2866.67,53,4,2846,2846.72,100,ok,0,0,0,0.00,0,0,0,0,0,N/A
2025-10-12 16:22:15,2257,2866.67,38,4,2846,2846.72,100,ok,0,0,0,0.00,0,0,0,0,0,N/A
2025-10-12 16:22:22,2257,2871.93,38,4,2846,2846.72,100,ok,0,0,0,0.00,0,0,0,0,0,N/A
2025-10-12 16:22:27,2441,2871.93,25,4,2846,2846.72,100,ok,0,0,0,0.00,0,0,0,0,0,N/A
2025-10-12 16:22:34,2441,2875.34,25,4,2846,2846.72,100,ok,0,0,0,0.00,0,0,0,0,0,N/A
2025-10-12 16:22:38,2125,2875.34,9,4,2846,2846.72,100,ok,0,0,0,0.00,0,0,0,0,0,N/A
2025-10-12 16:22:46,2125,2886.46,9,4,2846,2846.72,100,ok,0,0,0,0.00,0,0,0,0,0,N/A
2025-10-12 16:22:50,1952,2886.46,18,4,2846,2846.72,100,ok,0,0,0,0.00,0,0,0,0,0,N/A
2025-10-12 16:22:58,1952,2892.27,37,5,2846,2846.72,100,ok,0,0,0,0.00,0,0,0,0,0,N/A
2025-10-12 16:23:02,2505,2892.27,37,5,2846,2846.72,100,ok,0,0,0,0.00,0,0,0,0,0,N/A
2025-10-12 16:23:11,2681,2900.43,54,5,2846,2846.72,100,ok,0,0,0,0.00,0,0,0,0,0,N/A
2025-10-12 16:23:24,2611,2912.50,43,5,2846,2846.72,100,ok,0,0,0,0.00,0,0,0,0,0,N/A
2025-10-12 16:23:28,2611,2912.50,43,5,2846,2846.72,100,ok,0,0,0,0.00,0,0,0,0,0,N/A
2025-10-12 16:23:35,2658,2911.46,19,5,2846,2846.72,100,ok,0,0,0,0.00,0,0,0,0,0,N/A
2025-10-12 16:23:38,2658,2911.46,19,5,2846,2846.72,100,ok,0,0,0,0.00,0,0,0,0,0,N/A
2025-10-12 16:23:44,2626,2916.54,9,5,2846,2846.72,100,ok,0,0,0,0.00,0,0,0,0,0,N/A
2025-10-12 16:23:48,2626,2916.54,9,5,2846,2846.72,100,ok,0,0,0,0.00,0,0,0,0,0,N/A
2025-10-12 16:23:55,2509,2917.94,52,5,2846,2846.72,100,ok,0,0,0,0.00,0,0,0,0,0,N/A
2025-10-12 16:23:59,2509,2917.94,43,5,2846,2846.72,100,ok,0,0,0,0.00,0,0,0,0,0,N/A
2025-10-12 16:24:06,2398,2924.90,43,5,2846,2846.72,100,ok,0,0,0,0.00,0,0,0,0,0,N/A
2025-10-12 16:24:10,2398,2924.90,28,5,2846,2846.72,100,ok,0,0,0,0.00,0,0,0,0,0,N/A
2025-10-12 16:24:17,2128,2931.27,28,5,2846,2846.72,100,ok,0,0,0,0.00,0,0,0,0,0,N/A
2025-10-12 16:24:20,2128,2931.27,29,5,2846,2846.72,100,ok,0,0,0,0.00,0,0,0,0,0,N/A
2025-10-12 16:24:26,2111,2937.32,29,5,2846,2846.72,100,ok,0,0,0,0.00,0,0,0,0,0,N/A
2025-10-12 16:24:30,2111,2937.32,29,5,2846,2846.72,100,ok,0,0,0,0.00,0,0,0,0,0,N/A
2025-10-12 16:24:38,2151,2943.85,22,5,2846,2846.72,100,ok,0,0,0,0.00,0,0,0,0,0,N/A
2025-10-12 16:24:42,2151,2943.85,22,5,2846,2846.72,100,ok,0,0,0,0.00,0,0,0,0,0,N/A
2025-10-12 16:24:49,2032,2955.92,11,5,2846,2846.72,100,ok,0,0,0,0.00,0,0,0,0,0,N/A
2025-10-12 16:24:53,2262,2955.92,65,5,2846,2846.72,100,ok,0,0,0,0.00,0,0,0,0,0,N/A
2025-10-12 16:25:05,2262,2955.84,65,5,2846,2846.72,100,ok,0,0,0,0.00,0,0,0,0,0,N/A
2025-10-12 16:25:12,1994,2961.44,22,5,2846,2846.72,100,ok,0,0,0,0.00,0,0,0,0,0,N/A
2025-10-12 16:25:15,2046,2961.44,32,5,2846,2846.72,100,ok,0,0,0,0.00,0,0,0,0,0,N/A
2025-10-12 16:25:22,2046,2961.44,32,5,2846,2846.72,100,ok,0,0,0,0.00,0,0,0,0,0,N/A
2025-10-12 16:25:27,2046,2966.06,48,5,2846,2846.72,100,ok,0,0,0,0.00,0,0,0,0,0,N/A
2025-10-12 16:25:34,1919,2966.06,48,5,2846,2846.72,100,ok,0,0,0,0.00,0,0,0,0,0,N/A
2025-10-12 16:25:39,2075,2976.77,32,5,2846,2846.72,100,ok,0,0,0,0.00,0,0,0,0,0,N/A
2025-10-12 16:25:46,2075,2980.30,32,5,2846,2846.72,100,ok,0,0,0,0.00,0,0,0,0,0,N/A
2025-10-12 16:25:50,2052,2980.30,6,5,2846,2846.72,100,ok,0,0,0,0.00,0,0,0,0,0,N/A
2025-10-12 16:25:56,2052,2987.32,6,5,2846,2846.72,100,ok,0,0,0,0.00,0,0,0,0,0,N/A
2025-10-12 16:26:00,2052,2987.32,6,5,2846,2846.72,100,ok,0,0,0,0.00,0,0,0,0,0,N/A
2025-10-12 16:26:08,1990,2987.32,54,5,2846,2846.72,100,ok,0,0,0,0.00,0,0,0,0,0,N/A
2025-10-12 16:26:18,1896,2988.07,24,6,2846,2846.72,100,ok,0,0,0,0.00,0,0,0,0,0,N/A
2025-10-12 16:26:22,1896,2987.44,24,6,2846,2846.72,100,ok,0,0,0,0.00,0,0,0,0,0,N/A
2025-10-12 16:26:26,1573,2987.44,53,6,2846,2846.72,100,ok,0,0,0,0.00,0,0,0,0,0,N/A
2025-10-12 16:26:32,1573,2987.93,53,6,2846,2846.72,100,ok,0,0,0,0.00,0,0,0,0,0,N/A
2025-10-12 16:26:39,1442,2987.93,43,6,2846,2846.72,100,ok,0,0,0,0.00,0,0,0,0,0,N/A
2025-10-12 16:26:43,1442,2991.68,17,6,2846,2846.72,100,ok,0,0,0,0.00,0,0,0,0,0,N/A
2025-10-12 16:26:48,1394,2991.68,17,6,2846,2846.72,100,ok,0,0,0,0.00,0,0,0,0,0,N/A
2025-10-12 16:26:55,1394,2996.49,8,6,2846,2846.72,100,ok,0,0,0,0.00,0,0,0,0,0,N/A
2025-10-12 16:26:59,1477,2996.49,8,6,2846,2846.72,100,ok,0,0,0,0.00,0,0,0,0,0,N/A
2025-10-12 16:27:10,1688,3002.24,13,6,2846,2846.72,100,ok,0,0,0,0.00,0,0,0,0,0,N/A
2025-10-12 16:27:19,1758,3002.71,52,6,2846,2846.72,100,ok,0,0,0,0.00,0,0,0,0,0,N/A
2025-10-12 16:27:36,1687,3019.86,46,6,2846,2846.72,100,ok,0,0,0,0.00,0,0,0,0,0,N/A
2025-10-12 16:27:41,1703,3019.86,31,6,2846,2846.72,100,ok,0,0,0,0.00,0,0,0,0,0,N/A
2025-10-12 16:27:47,1703,3022.39,31,6,2846,2846.72,100,ok,0,0,0,0.00,0,0,0,0,0,N/A
2025-10-12 16:27:52,1892,3022.39,31,6,2846,2846.72,100,ok,0,0,0,0.00,0,0,0,0,0,N/A
2025-10-12 16:27:59,1892,3028.44,62,6,2846,2846.72,100,ok,0,0,0,0.00,0,0,0,0,0,N/A
2025-10-12 16:28:03,2246,3028.44,62,6,2846,2846.72,100,ok,0,0,0,0.00,0,0,0,0,0,N/A
2025-10-12 16:28:09,2246,3034.80,62,6,2846,2846.72,100,ok,0,0,0,0.00,0,0,0,0,0,N/A
2025-10-12 16:28:19,2110,3034.80,38,6,2846,2846.72,100,ok,0,0,0,0.00,0,0,0,0,0,N/A
2025-10-12 16:28:23,2105,3036.02,17,6,2846,2846.72,100,ok,0,0,0,0.00,0,0,0,0,0,N/A
2025-10-12 16:28:29,2105,3036.02,19,6,2846,2846.72,100,ok,0,0,0,0.00,0,0,0,0,0,N/A
2025-10-12 16:28:33,2266,3038.77,19,6,2846,2846.72,100,ok,0,0,0,0.00,0,0,0,0,0,N/A
2025-10-12 16:28:38,2266,3038.77,19,6,2846,2846.72,100,ok,0,0,0,0.00,0,0,0,0,0,N/A
2025-10-12 16:28:43,2650,3047.37,19,6,2846,2846.72,100,ok,0,0,0,0.00,0,0,0,0,0,N/A
2025-10-12 16:28:47,2650,3047.37,19,6,2846,2846.72,100,ok,0,0,0,0.00,0,0,0,0,0,N/A
2025-10-12 16:28:54,2808,3070.13,54,6,2846,2846.72,100,ok,0,0,0,0.00,0,0,0,0,0,N/A
2025-10-12 16:28:58,2808,3070.13,54,6,2846,2846.72,100,ok,0,0,0,0.00,0,0,0,0,0,N/A
2025-10-12 16:29:03,2599,3077.93,36,6,2846,2846.72,100,ok,0,0,0,0.00,0,0,0,0,0,N/A
2025-10-12 16:29:07,2599,3077.93,36,6,2846,2846.72,100,ok,0,0,0,0.00,0,0,0,0,0,N/A
2025-10-12 16:29:13,3051,3077.93,10,6,2846,2846.72,100,ok,0,0,0,0.00,0,0,0,0,0,N/A
2025-10-12 16:29:17,3051,3079.88,10,6,2846,2846.72,100,ok,0,0,0,0.00,0,0,0,0,0,N/A
2025-10-12 16:29:21,3264,3079.88,18,6,2846,2846.72,100,ok,0,0,0,0.00,0,0,0,0,0,N/A
2025-10-12 16:29:25,3264,3087.90,18,6,2846,2846.72,100,ok,0,0,0,0.00,0,0,0,0,0,N/A
2025-10-12 16:29:29,3264,3087.90,18,6,2846,2846.72,100,ok,0,0,0,0.00,0,0,0,0,0,N/A
2025-10-12 16:29:37,3039,3086.48,50,6,2846,2846.72,100,ok,0,0,0,0.00,0,0,0,0,0,N/A
2025-10-12 16:29:41,2651,3086.48,53,6,2846,2846.72,100,ok,0,0,0,0.00,0,0,0,0,0,N/A
2025-10-12 16:29:47,2651,3093.01,53,6,2846,2846.72,100,ok,0,0,0,0.00,0,0,0,0,0,N/A
2025-10-12 16:29:51,2651,3093.01,53,6,2846,2846.72,100,ok,0,0,0,0.00,0,0,0,0,0,N/A
2025-10-12 16:29:58,2270,3107.49,55,6,2846,2846.72,100,ok,0,0,0,0.00,0,0,0,0,0,N/A
2025-10-12 16:30:01,2270,3107.49,55,6,2846,2846.72,100,ok,0,0,0,0.00,0,0,0,0,0,N/A
2025-10-12 16:30:09,2323,3109.84,51,6,2846,2846.72,100,ok,0,0,0,0.00,0,0,0,0,0,N/A
2025-10-12 16:30:13,2040,3109.84,56,6,2846,2846.72,100,ok,0,0,0,0.00,0,0,0,0,0,N/A
2025-10-12 16:30:18,2040,3109.05,56,6,2846,2846.72,100,ok,0,0,0,0.00,0,0,0,0,0,N/A
2025-10-12 16:30:22,2040,3109.05,56,6,2846,2846.72,100,ok,0,0,0,0.00,0,0,0,0,0,N/A
2025-10-12 16:30:29,1833,3112.58,42,6,2846,2846.72,100,ok,0,0,0,0.00,0,0,0,0,0,N/A
2025-10-12 16:30:33,1833,3112.58,42,6,2846,2846.72,100,ok,0,0,0,0.00,0,0,0,0,0,N/A
2025-10-12 16:30:42,2012,3117.02,39,6,2846,2846.72,100,ok,0,0,0,0.00,0,0,0,0,0,N/A
2025-10-12 16:30:46,2119,3117.02,42,6,2846,2846.72,100,ok,0,0,0,0.00,0,0,0,0,0,N/A
2025-10-12 16:30:53,2119,3123.89,42,6,2846,2846.72,100,ok,0,0,0,0.00,0,0,0,0,0,N/A
2025-10-12 16:30:57,2118,3123.89,35,6,2846,2846.72,100,ok,0,0,0,0.00,0,0,0,0,0,N/A
2025-10-12 16:31:03,2118,3123.52,35,6,2846,2846.72,100,ok,0,0,0,0.00,0,0,0,0,0,N/A
2025-10-12 16:31:07,2076,3123.52,33,7,2846,2846.72,100,ok,0,0,0,0.00,0,0,0,0,0,N/A
2025-10-12 16:31:13,2076,3131.00,33,7,2846,2846.72,100,ok,0,0,0,0.00,0,0,0,0,0,N/A
2025-10-12 16:31:19,2076,3131.00,33,7,2846,2846.72,100,ok,0,0,0,0.00,0,0,0,0,0,N/A
2025-10-12 16:31:23,1931,3130.05,20,7,2846,2846.72,100,ok,0,0,0,0.00,0,0,0,0,0,N/A
2025-10-12 16:31:27,1931,3130.05,20,7,2846,2846.72,100,ok,0,0,0,0.00,0,0,0,0,0,N/A
2025-10-12 16:31:33,1888,3139.22,65,7,2846,2846.72,100,ok,0,0,0,0.00,0,0,0,0,0,N/A
2025-10-12 16:31:37,1888,3139.22,65,7,2846,2846.72,100,ok,0,0,0,0.00,0,0,0,0,0,N/A
2025-10-12 16:31:43,1998,3142.29,31,7,2846,2846.72,100,ok,0,0,0,0.00,0,0,0,0,0,N/A
2025-10-12 16:31:47,1998,3142.29,31,7,2846,2846.72,100,ok,0,0,0,0.00,0,0,0,0,0,N/A
2025-10-12 16:31:53,2058,3145.63,30,7,2846,2846.72,100,ok,0,0,0,0.00,0,0,0,0,0,N/A
2025-10-12 16:31:57,2058,3145.63,30,7,2846,2846.72,100,ok,0,0,0,0.00,0,0,0,0,0,N/A
2025-10-12 16:32:02,2295,3155.15,58,7,2846,2846.72,100,ok,0,0,0,0.00,0,0,0,0,0,N/A
2025-10-12 16:32:07,2295,3155.15,58,7,2846,2846.72,100,ok,0,0,0,0.00,0,0,0,0,0,N/A
2025-10-12 16:32:13,2236,3157.10,58,7,2846,2846.72,100,ok,0,0,0,0.00,0,0,0,0,0,N/A
2025-10-12 16:32:17,2236,3157.10,58,7,2846,2846.72,100,ok,0,0,0,0.00,0,0,0,0,0,N/A
2025-10-12 16:32:23,2413,3173.38,15,7,2846,2846.72,100,ok,0,0,0,0.00,0,0,0,0,0,N/A
2025-10-12 16:32:27,2413,3173.38,15,7,2846,2846.72,100,ok,0,0,0,0.00,0,0,0,0,0,N/A
2025-10-12 16:32:33,2720,3176.54,34,7,2846,2846.72,100,ok,0,0,0,0.00,0,0,0,0,0,N/A
2025-10-12 16:32:37,2720,3176.54,34,7,2846,2846.72,100,ok,0,0,0,0.00,0,0,0,0,0,N/A
2025-10-12 16:32:43,2474,3180.47,30,7,2846,2846.72,100,ok,0,0,0,0.00,0,0,0,0,0,N/A
2025-10-12 16:32:47,2474,3180.47,30,7,2846,2846.72,100,ok,0,0,0,0.00,0,0,0,0,0,N/A
2025-10-12 16:32:52,2656,3180.47,47,7,2846,2846.72,100,ok,0,0,0,0.00,0,0,0,0,0,N/A
2025-10-12 16:32:56,2656,3185.93,47,7,2846,2846.72,100,ok,0,0,0,0.00,0,0,0,0,0,N/A
2025-10-12 16:33:01,2304,3185.93,24,7,2846,2846.72,100,ok,0,0,0,0.00,0,0,0,0,0,N/A
2025-10-12 16:33:06,2304,3195.99,24,7,2846,2846.72,100,ok,0,0,0,0.00,0,0,0,0,0,N/A
2025-10-12 16:33:10,2547,3195.99,49,7,2846,2846.72,100,ok,0,0,0,0.00,0,0,0,0,0,N/A
2025-10-12 16:33:18,2547,3199.27,49,7,2846,2846.72,100,ok,0,0,0,0.00,0,0,0,0,0,N/A
2025-10-12 16:33:24,2515,3199.27,6,7,2846,2846.72,100,ok,0,0,0,0.00,0,0,0,0,0,N/A
2025-10-12 16:33:28,2515,3203.58,6,7,2846,2846.72,100,ok,0,0,0,0.00,0,0,0,0,0,N/A
2025-10-12 16:33:33,2284,3203.58,61,7,2846,2846.72,100,ok,0,0,0,0.00,0,0,0,0,0,N/A
2025-10-12 16:33:38,2284,3207.27,61,7,2846,2846.72,100,ok,0,0,0,0.00,0,0,0,0,0,N/A
2025-10-12 16:33:41,2284,3207.27,61,7,2846,2846.72,100,ok,0,0,0,0.00,0,0,0,0,0,N/A
2025-10-12 16:33:47,2604,3213.08,47,7,2846,2846.72,100,ok,0,0,0,0.00,0,0,0,0,0,N/A
2025-10-12 16:33:51,2604,3213.08,47,7,2846,2846.72,100,ok,0,0,0,0.00,0,0,0,0,0,N/A
2025-10-12 16:33:58,2537,3220.88,23,7,2846,2846.72,100,ok,0,0,0,0.00,0,0,0,0,0,N/A
2025-10-12 16:34:02,2537,3220.88,23,7,2846,2846.72,100,ok,0,0,0,0.00,0,0,0,0,0,N/A
2025-10-12 16:34:10,2732,3224.79,27,7,2846,2846.72,100,ok,0,0,0,0.00,0,0,0,0,0,N/A
2025-10-12 16:34:14,2732,3224.79,56,7,2846,2846.72,100,ok,0,0,0,0.00,0,0,0,0,0,N/A
2025-10-12 16:34:20,2554,3229.65,56,7,2846,2846.72,100,ok,0,0,0,0.00,0,0,0,0,0,N/A
2025-10-12 16:34:24,2554,3229.65,56,7,2846,2846.72,100,ok,0,0,0,0.00,0,0,0,0,0,N/A
2025-10-12 16:34:31,2427,3237.08,64,7,2846,2846.72,100,ok,0,0,0,0.00,0,0,0,0,0,N/A
2025-10-12 16:34:35,2771,3237.08,29,8,2846,2846.72,100,ok,0,0,0,0.00,0,0,0,0,0,N/A
2025-10-12 16:34:42,2771,3247.01,29,8,2846,2846.72,100,ok,0,0,0,0.00,0,0,0,0,0,N/A
2025-10-12 16:34:46,2981,3247.01,39,8,2846,2846.72,100,ok,0,0,0,0.00,0,0,0,0,0,N/A
2025-10-12 16:34:52,2981,3255.24,39,8,2846,2846.72,100,ok,0,0,0,0.00,0,0,0,0,0,N/A
2025-10-12 16:34:56,2981,3255.24,39,8,2846,2846.72,100,ok,0,0,0,0.00,0,0,0,0,0,N/A
2025-10-12 16:35:03,2715,3266.55,43,8,2846,2846.72,100,ok,0,0,0,0.00,0,0,0,0,0,N/A
2025-10-12 16:35:07,2715,3266.55,43,8,2846,2846.72,100,ok,0,0,0,0.00,0,0,0,0,0,N/A
2025-10-12 16:35:13,2825,3267.07,57,8,2846,2846.72,100,ok,0,0,0,0.00,0,0,0,0,0,N/A
2025-10-12 16:35:17,2825,3267.07,57,8,2846,2846.72,100,ok,0,0,0,0.00,0,0,0,0,0,N/A
2025-10-12 16:35:24,2445,3267.30,36,8,2846,2846.72,100,ok,0,0,0,0.00,0,0,0,0,0,N/A
2025-10-12 16:35:28,2445,3267.30,47,8,2846,2846.72,100,ok,0,0,0,0.00,0,0,0,0,0,N/A
2025-10-12 16:35:35,2350,3269.98,47,8,2846,2846.72,100,ok,0,0,0,0.00,0,0,0,0,0,N/A
2025-10-12 16:35:39,2350,3269.98,15,8,2846,2846.72,100,ok,0,0,0,0.00,0,0,0,0,0,N/A
2025-10-12 16:35:46,2145,3277.03,15,8,2846,2846.72,100,ok,0,0,0,0.00,0,0,0,0,0,N/A
2025-10-12 16:35:50,2145,3277.03,15,8,2846,2846.72,100,ok,0,0,0,0.00,0,0,0,0,0,N/A
2025-10-12 16:35:55,1988,3279.52,66,8,2846,2846.72,100,ok,0,0,0,0.00,0,0,0,0,0,N/A
2025-10-12 16:36:00,1988,3279.52,54,8,2846,2846.72,100,ok,0,0,0,0.00,0,0,0,0,0,N/A
2025-10-12 16:36:05,1865,3285.39,54,8,2846,2846.72,100,ok,0,0,0,0.00,0,0,0,0,0,N/A
2025-10-12 16:36:10,1865,3285.39,54,8,2846,2846.72,100,ok,0,0,0,0.00,0,0,0,0,0,N/A
2025-10-12 16:36:16,1760,3285.36,39,8,2846,2846.72,100,ok,0,0,0,0.00,0,0,0,0,0,N/A
2025-10-12 16:36:20,1760,3285.36,39,8,2846,2846.72,100,ok,0,0,0,0.00,0,0,0,0,0,N/A
2025-10-12 16:36:25,1967,3290.60,52,8,2846,2846.72,100,ok,0,0,0,0.00,0,0,0,0,0,N/A
2025-10-12 16:36:29,1967,3290.60,52,8,2846,2846.72,100,ok,0,0,0,0.00,0,0,0,0,0,N/A
2025-10-12 16:36:35,1847,3290.11,31,8,2846,2846.72,100,ok,0,0,0,0.00,0,0,0,0,0,N/A
2025-10-12 16:36:45,1555,3290.11,16,8,2846,2846.72,100,ok,0,0,0,0.00,0,0,0,0,0,N/A
2025-10-12 16:36:51,1555,3290.84,16,8,2846,2846.72,100,ok,0,0,0,0.00,0,0,0,0,0,N/A
2025-10-12 16:36:55,1470,3290.84,7,8,2846,2846.72,100,ok,0,0,0,0.00,0,0,0,0,0,N/A
2025-10-12 16:36:59,1470,3302.86,7,8,2846,2846.72,100,ok,0,0,0,0.00,0,0,0,0,0,N/A
2025-10-12 16:37:03,1572,3302.86,28,8,2846,2846.72,100,ok,0,0,0,0.00,0,0,0,0,0,N/A
2025-10-12 16:37:10,1572,3302.63,28,8,2846,2846.72,100,ok,0,0,0,0.00,0,0,0,0,0,N/A
2025-10-12 16:37:14,1572,3302.63,33,8,2846,2846.72,100,ok,0,0,0,0.00,0,0,0,0,0,N/A
2025-10-12 16:37:20,1638,3311.18,33,8,2846,2846.72,100,ok,0,0,0,0.00,0,0,0,0,0,N/A
2025-10-12 16:37:24,1638,3311.18,24,8,2846,2846.72,100,ok,0,0,0,0.00,0,0,0,0,0,N/A
2025-10-12 16:37:29,1558,3311.74,24,8,2846,2846.72,100,ok,0,0,0,0.00,0,0,0,0,0,N/A
2025-10-12 16:37:33,1558,3311.74,24,8,2846,2846.72,100,ok,0,0,0,0.00,0,0,0,0,0,N/A
2025-10-12 16:37:40,1681,3311.24,27,8,2846,2846.72,100,ok,0,0,0,0.00,0,0,0,0,0,N/A
2025-10-12 16:37:45,1681,3311.24,27,8,2846,2846.72,100,ok,0,0,0,0.00,0,0,0,0,0,N/A
2025-10-12 16:37:49,1720,3311.97,17,8,2846,2846.72,100,ok,0,0,0,0.00,0,0,0,0,0,N/A
2025-10-12 16:37:53,1720,3311.97,17,8,2846,2846.72,100,ok,0,0,0,0.00,0,0,0,0,0,N/A
2025-10-12 16:37:59,1841,3311.97,9,8,2846,2846.72,100,ok,0,0,0,0.00,0,0,0,0,0,N/A
2025-10-12 16:38:04,1841,3317.26,9,8,2846,2846.72,100,ok,0,0,0,0.00,0,0,0,0,0,N/A
2025-10-12 16:38:11,1640,3323.27,47,8,2846,2846.72,100,ok,0,0,0,0.00,0,0,0,0,0,N/A
2025-10-12 16:38:22,1542,3327.36,22,9,2846,2846.72,100,ok,0,0,0,0.00,0,0,0,0,0,N/A
2025-10-12 16:38:27,1415,3327.36,8,9,2846,2846.72,100,ok,0,0,0,0.00,0,0,0,0,0,N/A
2025-10-12 16:38:33,1415,3327.47,8,9,2846,2846.72,100,ok,0,0,0,0.00,0,0,0,0,0,N/A
2025-10-12 16:38:38,1415,3327.47,54,9,2846,2846.72,100,ok,0,0,0,0.00,0,0,0,0,0,N/A
2025-10-12 16:38:44,1318,3328.39,54,9,2846,2846.72,100,ok,0,0,0,0.00,0,0,0,0,0,N/A
2025-10-12 16:38:48,1318,3328.39,54,9,2846,2846.72,100,ok,0,0,0,0.00,0,0,0,0,0,N/A
2025-10-12 16:38:54,1269,3339.01,46,9,2846,2846.72,100,ok,0,0,0,0.00,0,0,0,0,0,N/A
2025-10-12 16:38:59,1219,3339.01,31,9,2846,2846.72,100,ok,0,0,0,0.00,0,0,0,0,0,N/A
2025-10-12 16:39:05,1219,3347.50,31,9,2846,2846.72,100,ok,0,0,0,0.00,0,0,0,0,0,N/A
2025-10-12 16:39:11,1219,3347.50,22,9,2846,2846.72,100,ok,0,0,0,0.00,0,0,0,0,0,N/A
2025-10-12 16:39:17,1306,3350.76,22,9,2846,2846.72,100,ok,0,0,0,0.00,0,0,0,0,0,N/A
2025-10-12 16:39:22,1306,3350.76,11,9,2846,2846.72,100,ok,0,0,0,0.00,0,0,0,0,0,N/A
2025-10-12 16:39:28,1365,3354.83,11,9,2846,2846.72,100,ok,0,0,0,0.00,0,0,0,0,0,N/A
2025-10-12 16:39:33,1365,3354.83,11,9,2846,2846.72,100,ok,0,0,0,0.00,0,0,0,0,0,N/A
2025-10-12 16:39:40,1243,3354.25,7,9,2846,2846.72,100,ok,0,0,0,0.00,0,0,0,0,0,N/A
2025-10-12 16:39:44,1243,3354.25,8,9,2846,2846.72,100,ok,0,0,0,0.00,0,0,0,0,0,N/A
2025-10-12 16:39:51,1339,3353.90,8,9,2846,2846.72,100,ok,0,0,0,0.00,0,0,0,0,0,N/A
2025-10-12 16:39:55,1421,3353.90,14,9,2846,2846.72,100,ok,0,0,0,0.00,0,0,0,0,0,N/A
2025-10-12 16:40:00,1421,3354.77,14,9,2846,2846.72,100,ok,0,0,0,0.00,0,0,0,0,0,N/A
2025-10-12 16:40:04,1421,3354.77,14,9,2846,2846.72,100,ok,0,0,0,0.00,0,0,0,0,0,N/A
2025-10-12 16:40:11,1351,3360.25,59,9,2846,2846.72,100,ok,0,0,0,0.00,0,0,0,0,0,N/A
2025-10-12 16:40:15,1351,3360.25,59,9,2846,2846.72,100,ok,0,0,0,0.00,0,0,0,0,0,N/A
2025-10-12 16:40:21,1598,3365.52,7,9,2846,2846.72,100,ok,0,0,0,0.00,0,0,0,0,0,N/A
2025-10-12 16:40:25,1598,3365.52,7,9,2846,2846.72,100,ok,0,0,0,0.00,0,0,0,0,0,N/A
2025-10-12 16:40:32,1672,3367.28,58,9,2846,2846.72,100,ok,0,0,0,0.00,0,0,0,0,0,N/A
2025-10-12 16:40:36,1654,3367.28,59,9,2846,2846.72,100,ok,0,0,0,0.00,0,0,0,0,0,N/A
2025-10-12 16:40:41,1654,3367.28,59,9,2846,2846.72,100,ok,0,0,0,0.00,0,0,0,0,0,N/A
2025-10-12 16:40:45,1654,3374.76,59,9,2846,2846.72,100,ok,0,0,0,0.00,0,0,0,0,0,N/A
2025-10-12 16:40:51,1551,3380.51,29,10,2846,2846.72,100,ok,0,0,0,0.00,0,0,0,0,0,N/A
2025-10-12 16:40:55,1551,3380.51,29,10,2846,2846.72,100,ok,0,0,0,0.00,0,0,0,0,0,N/A
2025-10-12 16:41:01,1623,3380.43,63,10,2846,2846.72,100,ok,0,0,0,0.00,0,0,0,0,0,N/A
2025-10-12 16:41:05,1623,3380.43,63,10,2846,2846.72,100,ok,0,0,0,0.00,0,0,0,0,0,N/A
2025-10-12 16:41:08,1623,3380.43,8,10,2846,2846.72,100,ok,0,0,0,0.00,0,0,0,0,0,N/A
2025-10-12 16:41:13,1662,3381.78,8,10,2846,2846.72,100,ok,0,0,0,0.00,0,0,0,0,0,N/A
2025-10-12 16:41:17,1662,3381.78,8,10,2846,2846.72,100,ok,0,0,0,0.00,0,0,0,0,0,N/A
2025-10-12 16:41:24,1549,3386.84,54,10,2846,2846.72,100,ok,0,0,0,0.00,0,0,0,0,0,N/A
2025-10-12 16:41:28,1549,3386.84,54,10,2846,2846.72,100,ok,0,0,0,0.00,0,0,0,0,0,N/A
2025-10-12 16:41:33,1539,3389.81,54,10,2846,2846.72,100,ok,0,0,0,0.00,0,0,0,0,0,N/A
2025-10-12 16:41:37,1539,3389.81,54,10,2846,2846.72,100,ok,0,0,0,0.00,0,0,0,0,0,N/A
2025-10-12 16:41:43,1515,3395.27,45,10,2846,2846.72,100,ok,0,0,0,0.00,0,0,0,0,0,N/A
2025-10-12 16:41:48,1515,3395.27,45,10,2846,2846.72,100,ok,0,0,0,0.00,0,0,0,0,0,N/A
2025-10-12 16:41:53,1723,3401.85,57,10,2846,2846.72,100,ok,0,0,0,0.00,0,0,0,0,0,N/A
2025-10-12 16:41:58,1723,3401.85,57,10,2846,2846.72,100,ok,0,0,0,0.00,0,0,0,0,0,N/A
2025-10-12 16:42:04,1570,3409.07,47,10,2846,2846.72,100,ok,0,0,0,0.00,0,0,0,0,0,N/A
2025-10-12 16:42:09,1570,3409.07,47,10,2846,2846.72,100,ok,0,0,0,0.00,0,0,0,0,0,N/A
2025-10-12 16:42:15,1736,3410.95,26,10,2846,2846.72,100,ok,0,0,0,0.00,0,0,0,0,0,N/A
2025-10-12 16:42:19,1736,3410.95,20,10,2846,2846.72,100,ok,0,0,0,0.00,0,0,0,0,0,N/A
2025-10-12 16:42:24,1781,3417.33,20,10,2846,2846.72,100,ok,0,0,0,0.00,0,0,0,0,0,N/A
2025-10-12 16:42:28,1781,3417.33,20,10,2846,2846.72,100,ok,0,0,0,0.00,0,0,0,0,0,N/A
2025-10-12 16:42:34,1899,3416.12,11,10,2846,2846.72,100,ok,0,0,0,0.00,0,0,0,0,0,N/A
2025-10-12 16:42:39,1899,3416.12,11,10,2846,2846.72,100,ok,0,0,0,0.00,0,0,0,0,0,N/A
2025-10-12 16:42:45,1786,3419.54,34,10,2846,2846.72,100,ok,0,0,0,0.00,0,0,0,0,0,N/A
2025-10-12 16:42:49,1786,3419.54,34,10,2846,2846.72,100,ok,0,0,0,0.00,0,0,0,0,0,N/A
2025-10-12 16:42:55,1873,3424.44,49,10,2846,2846.72,100,ok,0,0,0,0.00,0,0,0,0,0,N/A
2025-10-12 16:42:59,1873,3424.44,49,10,2846,2846.72,100,ok,0,0,0,0.00,0,0,0,0,0,N/A
2025-10-12 16:43:04,1977,3430.03,39,10,2846,2846.72,100,ok,0,0,0,0.00,0,0,0,0,0,N/A
2025-10-12 16:43:09,1977,3430.03,39,10,2846,2846.72,100,ok,0,0,0,0.00,0,0,0,0,0,N/A
2025-10-12 16:43:18,1928,3429.49,48,10,2846,2846.72,100,ok,0,0,0,0.00,0,0,0,0,0,N/A
2025-10-12 16:43:25,1893,3434.09,35,10,2846,2846.72,100,ok,0,0,0,0.00,0,0,0,0,0,N/A
2025-10-12 16:43:31,1742,3434.09,18,10,2846,2846.72,100,ok,0,0,0,0.00,0,0,0,0,0,N/A
2025-10-12 16:43:36,1742,3434.29,18,10,2846,2846.72,100,ok,0,0,0,0.00,0,0,0,0,0,N/A
2025-10-12 16:43:41,1742,3434.29,18,10,2846,2846.72,100,ok,0,0,0,0.00,0,0,0,0,0,N/A
2025-10-12 16:43:46,1822,3434.25,8,10,2846,2846.72,100,ok,0,0,0,0.00,0,0,0,0,0,N/A
2025-10-12 16:43:51,1822,3434.25,8,10,2846,2846.72,100,ok,0,0,0,0.00,0,0,0,0,0,N/A
2025-10-12 16:43:57,1616,3441.05,16,10,2846,2846.72,100,ok,0,0,0,0.00,0,0,0,0,0,N/A
2025-10-12 16:44:01,1616,3441.05,16,10,2846,2846.72,100,ok,0,0,0,0.00,0,0,0,0,0,N/A
2025-10-12 16:44:07,1333,3452.65,7,11,2846,2846.72,100,ok,0,0,0,0.00,0,0,0,0,0,N/A
2025-10-12 16:44:12,1454,3452.65,26,11,2846,2846.72,100,ok,0,0,0,0.00,0,0,0,0,0,N/A
2025-10-12 16:44:17,1454,3451.32,26,11,2846,2846.72,100,ok,0,0,0,0.00,0,0,0,0,0,N/A
2025-10-12 16:44:21,1454,3451.32,26,11,2846,2846.72,100,ok,0,0,0,0.00,0,0,0,0,0,N/A
2025-10-12 16:44:27,1484,3451.95,16,11,2846,2846.72,100,ok,0,0,0,0.00,0,0,0,0,0,N/A
2025-10-12 16:44:32,1484,3451.95,14,11,2846,2846.72,100,ok,0,0,0,0.00,0,0,0,0,0,N/A
2025-10-12 16:44:38,1536,3452.15,14,11,2846,2846.72,100,ok,0,0,0,0.00,0,0,0,0,0,N/A
2025-10-12 16:44:45,1536,3451.72,14,11,2846,2846.72,100,ok,0,0,0,0.00,0,0,0,0,0,N/A
2025-10-12 16:44:50,1428,3451.72,38,11,2846,2846.72,100,ok,0,0,0,0.00,0,0,0,0,0,N/A
2025-10-12 16:44:56,1428,3459.31,38,11,2846,2846.72,100,ok,0,0,0,0.00,0,0,0,0,0,N/A
2025-10-12 16:45:00,1387,3459.31,40,11,2846,2846.72,100,ok,0,0,0,0.00,0,0,0,0,0,N/A
2025-10-12 16:45:07,1387,3460.50,52,11,2846,2846.72,100,ok,0,0,0,0.00,0,0,0,0,0,N/A
2025-10-12 16:45:11,1495,3460.50,52,11,2846,2846.72,100,ok,0,0,0,0.00,0,0,0,0,0,N/A
2025-10-12 16:45:18,1495,3467.00,13,11,2846,2846.72,100,ok,0,0,0,0.00,0,0,0,0,0,N/A
2025-10-12 16:45:22,1332,3467.00,13,11,2846,2846.72,100,ok,0,0,0,0.00,0,0,0,0,0,N/A
2025-10-12 16:45:28,1332,3481.91,7,11,2846,2846.72,100,ok,0,0,0,0.00,0,0,0,0,0,N/A
2025-10-12 16:45:32,1589,3481.91,7,11,2846,2846.72,100,ok,0,0,0,0.00,0,0,0,0,0,N/A
2025-10-12 16:45:38,1589,3483.67,23,11,2846,2846.72,100,ok,0,0,0,0.00,0,0,0,0,0,N/A
2025-10-12 16:45:42,1899,3483.67,23,11,2846,2846.72,100,ok,0,0,0,0.00,0,0,0,0,0,N/A
2025-10-12 16:45:48,1899,3487.94,43,11,2846,2846.72,100,ok,0,0,0,0.00,0,0,0,0,0,N/A
2025-10-12 16:45:52,2476,3487.94,43,11,2846,2846.72,100,ok,0,0,0,0.00,0,0,0,0,0,N/A
2025-10-12 16:45:59,2431,3494.87,47,11,2846,2846.72,100,ok,0,0,0,0.00,0,0,0,0,0,N/A
2025-10-12 16:46:03,2431,3494.87,47,11,2846,2846.72,100,ok,0,0,0,0.00,0,0,0,0,0,N/A
2025-10-12 16:46:09,2431,3502.21,47,11,2846,2846.72,100,ok,0,0,0,0.00,0,0,0,0,0,N/A
2025-10-12 16:46:13,2408,3502.21,60,11,2846,2846.72,100,ok,0,0,0,0.00,0,0,0,0,0,N/A
2025-10-12 16:46:19,2408,3502.77,60,11,2846,2846.72,100,ok,0,0,0,0.00,0,0,0,0,0,N/A
2025-10-12 16:46:23,2571,3502.77,34,11,2846,2846.72,100,ok,0,0,0,0.00,0,0,0,0,0,N/A
2025-10-12 16:46:29,2571,3509.46,34,11,2846,2846.72,100,ok,0,0,0,0.00,0,0,0,0,0,N/A
2025-10-12 16:46:34,2422,3509.46,62,11,2846,2846.72,100,ok,0,0,0,0.00,0,0,0,0,0,N/A
2025-10-12 16:46:39,2422,3513.10,62,11,2846,2846.72,100,ok,0,0,0,0.00,0,0,0,0,0,N/A
2025-10-12 16:46:43,2303,3513.10,61,11,2846,2846.72,100,ok,0,0,0,0.00,0,0,0,0,0,N/A
2025-10-12 16:46:48,2303,3512.21,61,11,2846,2846.72,100,ok,0,0,0,0.00,0,0,0,0,0,N/A
2025-10-12 16:46:52,1774,3512.21,54,11,2846,2846.72,100,ok,0,0,0,0.00,0,0,0,0,0,N/A
2025-10-12 16:46:59,1774,3518.70,54,11,2846,2846.72,100,ok,0,0,0,0.00,0,0,0,0,0,N/A
2025-10-12 16:47:03,2122,3518.70,22,11,2846,2846.72,100,ok,0,0,0,0.00,0,0,0,0,0,N/A
2025-10-12 16:47:10,2122,3531.67,45,11,2846,2846.72,100,ok,0,0,0,0.00,0,0,0,0,0,N/A
2025-10-12 16:47:14,2194,3531.67,45,11,2846,2846.72,100,ok,0,0,0,0.00,0,0,0,0,0,N/A
2025-10-12 16:47:19,2194,3533.14,45,11,2846,2846.72,100,ok,0,0,0,0.00,0,0,0,0,0,N/A
2025-10-12 16:47:22,2259,3533.14,61,11,2846,2846.72,100,ok,0,0,0,0.00,0,0,0,0,0,N/A
2025-10-12 16:47:30,2259,3540.26,54,11,2846,2846.72,100,ok,0,0,0,0.00,0,0,0,0,0,N/A
2025-10-12 16:47:34,2618,3540.26,54,11,2846,2846.72,100,ok,0,0,0,0.00,0,0,0,0,0,N/A
2025-10-12 16:47:39,2618,3561.51,54,11,2846,2846.72,100,ok,0,0,0,0.00,0,0,0,0,0,N/A
2025-10-12 16:47:44,2734,3561.51,31,12,2846,2846.72,100,ok,0,0,0,0.00,0,0,0,0,0,N/A
2025-10-12 16:47:50,2734,3570.41,31,12,2846,2846.72,100,ok,0,0,0,0.00,0,0,0,0,0,N/A
2025-10-12 16:47:55,3180,3570.41,36,12,2846,2846.72,100,ok,0,0,0,0.00,0,0,0,0,0,N/A
2025-10-12 16:48:01,3180,3571.09,36,12,2846,2846.72,100,ok,0,0,0,0.00,0,0,0,0,0,N/A
2025-10-12 16:48:05,2775,3571.09,61,12,2846,2846.72,100,ok,0,0,0,0.00,0,0,0,0,0,N/A
2025-10-12 16:48:10,2955,3574.03,27,12,2846,2846.72,100,ok,0,0,0,0.00,0,0,0,0,0,N/A
2025-10-12 16:48:20,2955,3576.92,27,12,2846,2846.72,100,ok,0,0,0,0.00,0,0,0,0,0,N/A
2025-10-12 16:48:25,2675,3576.92,39,12,2846,2846.72,100,ok,0,0,0,0.00,0,0,0,0,0,N/A
2025-10-12 16:48:30,2675,3581.28,39,12,2846,2846.72,100,ok,0,0,0,0.00,0,0,0,0,0,N/A
2025-10-12 16:48:34,2253,3581.28,38,12,2846,2846.72,100,ok,0,0,0,0.00,0,0,0,0,0,N/A
2025-10-12 16:48:40,2253,3580.57,38,12,2846,2846.72,100,ok,0,0,0,0.00,0,0,0,0,0,N/A
2025-10-12 16:48:44,2059,3580.57,37,12,2846,2846.72,100,ok,0,0,0,0.00,0,0,0,0,0,N/A
2025-10-12 16:48:50,2059,3580.57,37,12,2846,2846.72,100,ok,0,0,0,0.00,0,0,0,0,0,N/A
2025-10-12 16:48:54,1679,3587.03,20,12,2846,2846.72,100,ok,0,0,0,0.00,0,0,0,0,0,N/A
2025-10-12 16:48:58,1679,3587.03,20,12,2846,2846.72,100,ok,0,0,0,0.00,0,0,0,0,0,N/A
2025-10-12 16:49:04,1383,3592.12,47,12,2846,2846.72,100,ok,0,0,0,0.00,0,0,0,0,0,N/A
2025-10-12 16:49:08,1383,3592.12,47,12,2846,2846.72,100,ok,0,0,0,0.00,0,0,0,0,0,N/A
2025-10-12 16:49:14,1383,3592.63,48,12,2846,2846.72,100,ok,0,0,0,0.00,0,0,0,0,0,N/A
2025-10-12 16:49:19,1308,3592.63,48,12,2846,2846.72,100,ok,0,0,0,0.00,0,0,0,0,0,N/A
2025-10-12 16:49:23,1308,3594.61,48,12,2846,2846.72,100,ok,0,0,0,0.00,0,0,0,0,0,N/A
2025-10-12 16:49:27,1332,3594.61,60,12,2846,2846.72,100,ok,0,0,0,0.00,0,0,0,0,0,N/A
2025-10-12 16:49:33,1332,3597.52,60,12,2846,2846.72,100,ok,0,0,0,0.00,0,0,0,0,0,N/A
2025-10-12 16:49:37,1448,3597.52,15,12,2846,2846.72,100,ok,0,0,0,0.00,0,0,0,0,0,N/A
2025-10-12 16:49:42,1448,3595.84,15,12,2846,2846.72,100,ok,0,0,0,0.00,0,0,0,0,0,N/A
2025-10-12 16:49:46,1420,3595.84,65,12,2846,2846.72,100,ok,0,0,0,0.00,0,0,0,0,0,N/A
2025-10-12 16:49:50,1420,3595.84,65,12,2846,2846.72,100,ok,0,0,0,0.00,0,0,0,0,0,N/A
2025-10-12 16:50:00,1410,3594.61,19,12,2846,2846.72,100,ok,0,0,0,0.00,0,0,0,0,0,N/A
2025-10-12 16:50:07,1273,3595.76,37,12,2846,2846.72,100,ok,0,0,0,0.00,0,0,0,0,0,N/A
2025-10-12 16:50:11,1273,3595.76,37,12,2846,2846.72,100,ok,0,0,0,0.00,0,0,0,0,0,N/A
2025-10-12 16:50:18,1273,3595.76,37,12,2846,2846.72,100,ok,0,0,0,0.00,0,0,0,0,0,N/A
2025-10-12 16:50:22,1284,3603.32,33,12,2846,2846.72,100,ok,0,0,0,0.00,0,0,0,0,0,N/A
2025-10-12 16:50:30,1284,3613.66,8,12,2846,2846.72,100,ok,0,0,0,0.00,0,0,0,0,0,N/A
2025-10-12 16:50:35,1315,3613.66,8,12,2846,2846.72,100,ok,0,0,0,0.00,0,0,0,0,0,N/A
2025-10-12 16:50:41,1315,3614.22,60,12,2846,2846.72,100,ok,0,0,0,0.00,0,0,0,0,0,N/A
2025-10-12 16:50:46,1290,3614.22,60,12,2846,2846.72,100,ok,0,0,0,0.00,0,0,0,0,0,N/A
2025-10-12 16:50:51,1290,3613.94,60,12,2846,2846.72,100,ok,0,0,0,0.00,0,0,0,0,0,N/A
2025-10-12 16:50:55,1606,3613.94,23,12,2846,2846.72,100,ok,0,0,0,0.00,0,0,0,0,0,N/A
2025-10-12 16:51:01,1606,3620.77,23,12,2846,2846.72,100,ok,0,0,0,0.00,0,0,0,0,0,N/A
2025-10-12 16:51:04,1874,3620.77,27,12,2846,2846.72,100,ok,0,0,0,0.00,0,0,0,0,0,N/A
2025-10-12 16:51:10,1874,3625.19,27,12,2846,2846.72,100,ok,0,0,0,0.00,0,0,0,0,0,N/A
2025-10-12 16:51:14,2051,3625.19,10,12,2846,2846.72,100,ok,0,0,0,0.00,0,0,0,0,0,N/A
2025-10-12 16:51:22,2051,3633.20,10,12,2846,2846.72,100,ok,0,0,0,0.00,0,0,0,0,0,N/A
2025-10-12 16:51:26,2046,3633.20,34,12,2846,2846.72,100,ok,0,0,0,0.00,0,0,0,0,0,N/A
2025-10-12 16:51:32,2046,3637.40,48,12,2846,2846.72,100,ok,0,0,0,0.00,0,0,0,0,0,N/A
2025-10-12 16:51:36,1993,3637.40,48,12,2846,2846.72,100,ok,0,0,0,0.00,0,0,0,0,0,N/A
2025-10-12 16:51:41,1993,3637.40,48,12,2846,2846.72,100,ok,0,0,0,0.00,0,0,0,0,0,N/A
2025-10-12 16:51:46,1906,3643.46,68,12,2846,2846.72,100,ok,0,0,0,0.00,0,0,0,0,0,N/A
2025-10-12 16:51:53,1906,3653.70,68,12,2846,2846.72,100,ok,0,0,0,0.00,0,0,0,0,0,N/A
2025-10-12 16:51:57,1990,3653.70,32,12,2846,2846.72,100,ok,0,0,0,0.00,0,0,0,0,0,N/A
2025-10-12 16:52:03,1819,3652.68,61,13,2846,2846.72,100,ok,0,0,0,0.00,0,0,0,0,0,N/A
2025-10-12 16:52:07,1819,3652.68,61,13,2846,2846.72,100,ok,0,0,0,0.00,0,0,0,0,0,N/A
2025-10-12 16:52:14,1819,3652.53,40,13,2846,2846.72,100,ok,0,0,0,0.00,0,0,0,0,0,N/A
2025-10-12 16:52:18,1784,3652.53,40,13,2846,2846.72,100,ok,0,0,0,0.00,0,0,0,0,0,N/A
2025-10-12 16:52:24,1784,3655.59,40,13,2846,2846.72,100,ok,0,0,0,0.00,0,0,0,0,0,N/A
2025-10-12 16:52:28,1784,3655.59,65,13,2846,2846.72,100,ok,0,0,0,0.00,0,0,0,0,0,N/A
2025-10-12 16:52:34,1784,3663.09,65,13,2846,2846.72,100,ok,0,0,0,0.00,0,0,0,0,0,N/A
2025-10-12 16:52:38,1785,3663.09,19,13,2846,2846.72,100,ok,0,0,0,0.00,0,0,0,0,0,N/A
2025-10-12 16:52:43,1785,3669.59,19,13,2846,2846.72,100,ok,0,0,0,0.00,0,0,0,0,0,N/A
2025-10-12 16:52:47,1837,3669.59,46,13,2846,2846.72,100,ok,0,0,0,0.00,0,0,0,0,0,N/A
2025-10-12 16:52:53,1837,3674.73,46,13,2846,2846.72,100,ok,0,0,0,0.00,0,0,0,0,0,N/A
2025-10-12 16:52:58,1836,3674.73,11,13,2846,2846.72,100,ok,0,0,0,0.00,0,0,0,0,0,N/A
2025-10-12 16:53:04,1836,3674.98,38,13,2846,2846.72,100,ok,0,0,0,0.00,0,0,0,0,0,N/A
2025-10-12 16:53:08,1720,3674.98,38,13,2846,2846.72,100,ok,0,0,0,0.00,0,0,0,0,0,N/A
2025-10-12 16:53:18,1659,3682.42,47,13,2846,2846.72,100,ok,0,0,0,0.00,0,0,0,0,0,N/A
2025-10-12 16:53:23,1659,3684.26,47,13,2846,2846.72,100,ok,0,0,0,0.00,0,0,0,0,0,N/A
2025-10-12 16:53:27,1684,3684.26,20,13,2846,2846.72,100,ok,0,0,0,0.00,0,0,0,0,0,N/A
2025-10-12 16:53:34,1684,3686.87,20,13,2846,2846.72,100,ok,0,0,0,0.00,0,0,0,0,0,N/A
2025-10-12 16:53:38,1715,3686.87,35,13,2846,2846.72,100,ok,0,0,0,0.00,0,0,0,0,0,N/A
2025-10-12 16:53:44,1715,3693.67,35,13,2846,2846.72,100,ok,0,0,0,0.00,0,0,0,0,0,N/A
2025-10-12 16:53:49,1809,3693.67,22,13,2846,2846.72,100,ok,0,0,0,0.00,0,0,0,0,0,N/A
2025-10-12 16:53:54,1809,3694.47,22,13,2846,2846.72,100,ok,0,0,0,0.00,0,0,0,0,0,N/A
2025-10-12 16:53:58,1710,3694.47,41,13,2846,2846.72,100,ok,0,0,0,0.00,0,0,0,0,0,N/A
2025-10-12 16:54:04,1710,3695.48,41,13,2846,2846.72,100,ok,0,0,0,0.00,0,0,0,0,0,N/A
2025-10-12 16:54:09,1749,3695.48,63,13,2846,2846.72,100,ok,0,0,0,0.00,0,0,0,0,0,N/A
2025-10-12 16:54:14,1749,3702.23,63,13,2846,2846.72,100,ok,0,0,0,0.00,0,0,0,0,0,N/A
2025-10-12 16:54:19,1732,3702.23,43,13,2846,2846.72,100,ok,0,0,0,0.00,0,0,0,0,0,N/A
2025-10-12 16:54:24,1732,3703.58,43,13,2846,2846.72,100,ok,0,0,0,0.00,0,0,0,0,0,N/A
2025-10-12 16:54:28,1791,3703.58,64,14,2846,2846.72,100,ok,0,0,0,0.00,0,0,0,0,0,N/A
2025-10-12 16:54:35,1791,3705.39,64,14,2846,2846.72,100,ok,0,0,0,0.00,0,0,0,0,0,N/A
2025-10-12 16:54:39,1717,3705.39,20,14,2846,2846.72,100,ok,0,0,0,0.00,0,0,0,0,0,N/A
2025-10-12 16:54:44,1717,3711.64,20,14,2846,2846.72,100,ok,0,0,0,0.00,0,0,0,0,0,N/A
2025-10-12 16:54:49,1700,3711.64,15,14,2846,2846.72,100,ok,0,0,0,0.00,0,0,0,0,0,N/A
2025-10-12 16:54:55,1700,3712.45,15,14,2846,2846.72,100,ok,0,0,0,0.00,0,0,0,0,0,N/A
2025-10-12 16:54:59,1721,3712.45,17,14,2846,2846.72,100,ok,0,0,0,0.00,0,0,0,0,0,N/A
2025-10-12 16:55:04,1721,3720.14,17,14,2846,2846.72,100,ok,0,0,0,0.00,0,0,0,0,0,N/A
2025-10-12 16:55:09,1932,3720.14,11,14,2846,2846.72,100,ok,0,0,0,0.00,0,0,0,0,0,N/A
2025-10-12 16:55:14,1932,3731.54,11,14,2846,2846.72,100,ok,0,0,0,0.00,0,0,0,0,0,N/A
2025-10-12 16:55:19,2023,3731.54,61,14,2846,2846.72,100,ok,0,0,0,0.00,0,0,0,0,0,N/A
2025-10-12 16:55:25,2023,3731.42,61,14,2846,2846.72,100,ok,0,0,0,0.00,0,0,0,0,0,N/A
2025-10-12 16:55:29,2031,3731.42,43,14,2846,2846.72,100,ok,0,0,0,0.00,0,0,0,0,0,N/A
2025-10-12 16:55:35,2031,3735.94,43,14,2846,2846.72,100,ok,0,0,0,0.00,0,0,0,0,0,N/A
2025-10-12 16:55:39,2170,3735.94,12,14,2846,2846.72,100,ok,0,0,0,0.00,0,0,0,0,0,N/A
2025-10-12 16:55:45,2170,3735.34,12,14,2846,2846.72,100,ok,0,0,0,0.00,0,0,0,0,0,N/A
2025-10-12 16:55:50,1989,3735.34,27,14,2846,2846.72,100,ok,0,0,0,0.00,0,0,0,0,0,N/A
2025-10-12 16:55:54,1989,3742.49,27,14,2846,2846.72,100,ok,0,0,0,0.00,0,0,0,0,0,N/A
2025-10-12 16:55:59,2044,3742.49,43,14,2846,2846.72,100,ok,0,0,0,0.00,0,0,0,0,0,N/A
2025-10-12 16:56:05,2044,3754.98,43,14,2846,2846.72,100,ok,0,0,0,0.00,0,0,0,0,0,N/A
2025-10-12 16:56:09,1822,3754.98,19,14,2846,2846.72,100,ok,0,0,0,0.00,0,0,0,0,0,N/A
2025-10-12 16:56:14,1822,3759.50,19,14,2846,2846.72,100,ok,0,0,0,0.00,0,0,0,0,0,N/A
2025-10-12 16:56:18,1909,3759.50,56,14,2846,2846.72,100,ok,0,0,0,0.00,0,0,0,0,0,N/A
2025-10-12 16:56:25,1909,3760.97,56,14,2846,2846.72,100,ok,0,0,0,0.00,0,0,0,0,0,N/A
2025-10-12 16:56:29,2239,3760.97,50,14,2846,2846.72,100,ok,0,0,0,0.00,0,0,0,0,0,N/A
2025-10-12 16:56:35,2239,3767.61,50,14,2846,2846.72,100,ok,0,0,0,0.00,0,0,0,0,0,N/A
2025-10-12 16:56:39,2280,3767.61,68,14,2846,2846.72,100,ok,0,0,0,0.00,0,0,0,0,0,N/A
2025-10-12 16:56:44,2280,3777.13,68,14,2846,2846.72,100,ok,0,0,0,0.00,0,0,0,0,0,N/A
2025-10-12 16:56:48,2773,3777.13,68,14,2846,2846.72,100,ok,0,0,0,0.00,0,0,0,0,0,N/A
2025-10-12 16:56:55,2773,3786.10,68,14,2846,2846.72,100,ok,0,0,0,0.00,0,0,0,0,0,N/A
2025-10-12 16:56:59,3242,3786.10,57,14,2846,2846.72,100,ok,0,0,0,0.00,0,0,0,0,0,N/A
2025-10-12 16:57:04,3242,3786.10,57,14,2846,2846.72,100,ok,0,0,0,0.00,0,0,0,0,0,N/A
2025-10-12 16:57:08,3242,3790.67,57,14,2846,2846.72,100,ok,0,0,0,0.00,0,0,0,0,0,N/A
2025-10-12 16:57:14,2991,3801.56,17,14,2846,2846.72,100,ok,0,0,0,0.00,0,0,0,0,0,N/A
2025-10-12 16:57:18,2991,3801.56,17,14,2846,2846.72,100,ok,0,0,0,0.00,0,0,0,0,0,N/A
2025-10-12 16:57:24,2684,3801.56,37,14,2846,2846.72,100,ok,0,0,0,0.00,0,0,0,0,0,N/A
2025-10-12 16:57:28,2684,3804.88,37,14,2846,2846.72,100,ok,0,0,0,0.00,0,0,0,0,0,N/A
2025-10-12 16:57:31,2741,3804.88,68,14,2846,2846.72,100,ok,0,0,0,0.00,0,0,0,0,0,N/A
2025-10-12 16:57:37,2741,3813.24,68,14,2846,2846.72,100,ok,0,0,0,0.00,0,0,0,0,0,N/A
2025-10-12 16:57:41,2480,3813.24,60,14,2846,2846.72,100,ok,0,0,0,0.00,0,0,0,0,0,N/A
2025-10-12 16:57:46,2480,3814.57,60,14,2846,2846.72,100,ok,0,0,0,0.00,0,0,0,0,0,N/A
2025-10-12 16:57:50,2480,3814.57,66,15,2846,2846.72,100,ok,0,0,0,0.00,0,0,0,0,0,N/A
2025-10-12 16:57:56,2483,3821.28,66,15,2846,2846.72,100,ok,0,0,0,0.00,0,0,0,0,0,N/A
2025-10-12 16:58:00,2483,3821.28,66,15,2846,2846.72,100,ok,0,0,0,0.00,0,0,0,0,0,N/A
2025-10-12 16:58:06,2045,3830.03,16,15,2846,2846.72,100,ok,0,0,0,0.00,0,0,0,0,0,N/A
2025-10-12 16:58:10,2045,3830.03,49,15,2846,2846.72,100,ok,0,0,0,0.00,0,0,0,0,0,N/A
2025-10-12 16:58:20,2233,3828.95,49,15,2846,2846.72,100,ok,0,0,0,0.00,0,0,0,0,0,N/A
2025-10-12 16:58:26,2056,3827.70,43,15,2846,2846.72,100,ok,0,0,0,0.00,0,0,0,0,0,N/A
2025-10-12 16:58:30,2056,3827.70,43,15,2846,2846.72,100,ok,0,0,0,0.00,0,0,0,0,0,N/A
2025-10-12 16:58:37,1883,3832.03,33,15,2846,2846.72,100,ok,0,0,0,0.00,0,0,0,0,0,N/A
2025-10-12 16:58:41,1883,3832.03,59,15,2846,2846.72,100,ok,0,0,0,0.00,0,0,0,0,0,N/A
2025-10-12 16:58:47,1735,3833.33,59,15,2846,2846.72,100,ok,0,0,0,0.00,0,0,0,0,0,N/A
2025-10-12 16:58:51,1735,3833.33,59,15,2846,2846.72,100,ok,0,0,0,0.00,0,0,0,0,0,N/A
2025-10-12 16:58:58,1832,3841.00,21,15,2846,2846.72,100,ok,0,0,0,0.00,0,0,0,0,0,N/A
2025-10-12 16:59:02,1900,3841.00,28,15,2846,2846.72,100,ok,0,0,0,0.00,0,0,0,0,0,N/A
2025-10-12 16:59:08,1900,3849.35,28,15,2846,2846.72,100,ok,0,0,0,0.00,0,0,0,0,0,N/A
2025-10-12 16:59:12,1854,3849.35,40,15,2846,2846.72,100,ok,0,0,0,0.00,0,0,0,0,0,N/A
2025-10-12 16:59:17,1854,3848.49,40,15,2846,2846.72,100,ok,0,0,0,0.00,0,0,0,0,0,N/A
2025-10-12 16:59:21,1854,3848.49,67,15,2846,2846.72,100,ok,0,0,0,0.00,0,0,0,0,0,N/A
2025-10-12 16:59:29,2060,3857.16,67,15,2846,2846.72,100,ok,0,0,0,0.00,0,0,0,0,0,N/A
2025-10-12 16:59:32,2060,3857.16,67,15,2846,2846.72,100,ok,0,0,0,0.00,0,0,0,0,0,N/A
2025-10-12 16:59:40,2097,3872.91,41,15,2846,2846.72,100,ok,0,0,0,0.00,0,0,0,0,0,N/A
2025-10-12 16:59:43,2328,3872.91,50,15,2846,2846.72,100,ok,0,0,0,0.00,0,0,0,0,0,N/A
2025-10-12 16:59:50,2328,3881.92,50,15,2846,2846.72,100,ok,0,0,0,0.00,0,0,0,0,0,N/A
2025-10-12 16:59:54,2383,3881.92,28,15,2846,2846.72,100,ok,0,0,0,0.00,0,0,0,0,0,N/A
2025-10-12 17:00:00,2383,3885.03,28,15,2846,2846.72,100,ok,0,0,0,0.00,0,0,0,0,0,N/A
2025-10-12 17:00:04,2197,3885.03,37,15,2846,2846.72,100,ok,0,0,0,0.00,0,0,0,0,0,N/A
2025-10-12 17:00:11,2197,3885.82,37,15,2846,2846.72,100,ok,0,0,0,0.00,0,0,0,0,0,N/A
2025-10-12 17:00:15,2197,3885.82,37,15,2846,2846.72,100,ok,0,0,0,0.00,0,0,0,0,0,N/A
2025-10-12 17:00:20,2303,3884.97,37,15,2846,2846.72,100,ok,0,0,0,0.00,0,0,0,0,0,N/A
2025-10-12 17:00:24,2303,3884.97,37,15,2846,2846.72,100,ok,0,0,0,0.00,0,0,0,0,0,N/A
2025-10-12 17:00:30,1913,3884.26,42,15,2846,2846.72,100,ok,0,0,0,0.00,0,0,0,0,0,N/A
2025-10-12 17:00:34,1913,3884.26,42,15,2846,2846.72,100,ok,0,0,0,0.00,0,0,0,0,0,N/A
2025-10-12 17:00:40,1842,3884.35,67,15,2846,2846.72,100,ok,0,0,0,0.00,0,0,0,0,0,N/A
2025-10-12 17:00:44,1842,3884.35,67,15,2846,2846.72,100,ok,0,0,0,0.00,0,0,0,0,0,N/A
2025-10-12 17:00:51,1729,3883.96,41,15,2846,2846.72,100,ok,0,0,0,0.00,0,0,0,0,0,N/A
2025-10-12 17:00:55,1729,3883.96,41,15,2846,2846.72,100,ok,0,0,0,0.00,0,0,0,0,0,N/A
2025-10-12 17:01:01,1442,3885.62,48,15,2846,2846.72,100,ok,0,0,0,0.00,0,0,0,0,0,N/A
2025-10-12 17:01:05,1442,3885.62,28,15,2846,2846.72,100,ok,0,0,0,0.00,0,0,0,0,0,N/A
2025-10-12 17:01:10,1456,3885.64,28,15,2846,2846.72,100,ok,0,0,0,0.00,0,0,0,0,0,N/A
2025-10-12 17:01:14,1456,3885.64,28,15,2846,2846.72,100,ok,0,0,0,0.00,0,0,0,0,0,N/A
2025-10-12 17:01:20,1214,3889.46,29,15,2846,2846.72,100,ok,0,0,0,0.00,0,0,0,0,0,N/A
2025-10-12 17:01:25,1214,3889.46,29,15,2846,2846.72,100,ok,0,0,0,0.00,0,0,0,0,0,N/A
2025-10-12 17:01:31,1510,3891.77,65,15,2846,2846.72,100,ok,0,0,0,0.00,0,0,0,0,0,N/A
2025-10-12 17:01:35,1510,3891.77,65,15,2846,2846.72,100,ok,0,0,0,0.00,0,0,0,0,0,N/A
2025-10-12 17:01:41,1464,3899.14,42,16,2846,2846.72,100,ok,0,0,0,0.00,0,0,0,0,0,N/A
2025-10-12 17:01:44,1464,3899.14,42,16,2846,2846.72,100,ok,0,0,0,0.00,0,0,0,0,0,N/A
2025-10-12 17:01:50,1573,3904.79,41,16,2846,2846.72,100,ok,0,0,0,0.00,0,0,0,0,0,N/A
2025-10-12 17:01:54,1573,3904.79,41,16,2846,2846.72,100,ok,0,0,0,0.00,0,0,0,0,0,N/A
2025-10-12 17:02:01,1678,3917.54,42,16,2846,2846.72,100,ok,0,0,0,0.00,0,0,0,0,0,N/A
2025-10-12 17:02:05,1678,3917.54,42,16,2846,2846.72,100,ok,0,0,0,0.00,0,0,0,0,0,N/A
2025-10-12 17:02:11,1716,3928.64,62,16,2846,2846.72,100,ok,0,0,0,0.00,0,0,0,0,0,N/A
2025-10-12 17:02:15,1716,3928.64,62,16,2846,2846.72,100,ok,0,0,0,0.00,0,0,0,0,0,N/A
2025-10-12 17:02:22,1852,3927.77,46,16,2846,2846.72,100,ok,0,0,0,0.00,0,0,0,0,0,N/A
2025-10-12 17:02:26,1852,3927.77,46,16,2846,2846.72,100,ok,0,0,0,0.00,0,0,0,0,0,N/A
2025-10-12 17:02:32,1588,3927.22,59,16,2846,2846.72,100,ok,0,0,0,0.00,0,0,0,0,0,N/A
2025-10-12 17:02:36,1588,3927.22,59,16,2846,2846.72,100,ok,0,0,0,0.00,0,0,0,0,0,N/A
2025-10-12 17:02:42,1790,3926.21,38,16,2846,2846.72,100,ok,0,0,0,0.00,0,0,0,0,0,N/A
2025-10-12 17:02:46,1790,3926.21,38,16,2846,2846.72,100,ok,0,0,0,0.00,0,0,0,0,0,N/A
2025-10-12 17:02:52,1701,3925.74,67,16,2846,2846.72,100,ok,0,0,0,0.00,0,0,0,0,0,N/A
2025-10-12 17:02:55,1701,3925.74,67,16,2846,2846.72,100,ok,0,0,0,0.00,0,0,0,0,0,N/A
2025-10-12 17:03:02,1770,3931.31,12,16,2846,2846.72,100,ok,0,0,0,0.00,0,0,0,0,0,N/A
2025-10-12 17:03:06,1770,3931.31,12,16,2846,2846.72,100,ok,0,0,0,0.00,0,0,0,0,0,N/A
2025-10-12 17:03:12,1740,3931.52,36,16,2846,2846.72,100,ok,0,0,0,0.00,0,0,0,0,0,N/A
2025-10-12 17:03:23,1648,3931.26,46,16,2846,2846.72,100,ok,0,0,0,0.00,0,0,0,0,0,N/A
2025-10-12 17:03:27,1648,3931.26,46,16,2846,2846.72,100,ok,0,0,0,0.00,0,0,0,0,0,N/A
2025-10-12 17:03:32,1593,3936.12,11,16,2846,2846.72,100,ok,0,0,0,0.00,0,0,0,0,0,N/A
2025-10-12 17:03:36,1593,3936.12,11,16,2846,2846.72,100,ok,0,0,0,0.00,0,0,0,0,0,N/A
2025-10-12 17:03:41,1385,3935.78,61,16,2846,2846.72,100,ok,0,0,0,0.00,0,0,0,0,0,N/A
2025-10-12 17:03:45,1385,3935.78,61,16,2846,2846.72,100,ok,0,0,0,0.00,0,0,0,0,0,N/A
2025-10-12 17:03:51,1474,3946.93,27,16,2846,2846.72,100,ok,0,0,0,0.00,0,0,0,0,0,N/A
2025-10-12 17:03:55,1474,3946.93,27,16,2846,2846.72,100,ok,0,0,0,0.00,0,0,0,0,0,N/A
2025-10-12 17:04:02,1309,3953.03,47,16,2846,2846.72,100,ok,0,0,0,0.00,0,0,0,0,0,N/A
2025-10-12 17:04:05,1309,3953.03,47,16,2846,2846.72,100,ok,0,0,0,0.00,0,0,0,0,0,N/A
2025-10-12 17:04:12,1474,3955.19,67,16,2846,2846.72,100,ok,0,0,0,0.00,0,0,0,0,0,N/A
2025-10-12 17:04:16,1474,3955.19,67,16,2846,2846.72,100,ok,0,0,0,0.00,0,0,0,0,0,N/A
2025-10-12 17:04:22,1469,3966.78,30,16,2846,2846.72,100,ok,0,0,0,0.00,0,0,0,0,0,N/A
2025-10-12 17:04:26,1469,3966.78,30,16,2846,2846.72,100,ok,0,0,0,0.00,0,0,0,0,0,N/A
2025-10-12 17:04:33,1550,3977.61,53,16,2846,2846.72,100,ok,0,0,0,0.00,0,0,0,0,0,N/A
2025-10-12 17:04:37,1550,3977.61,53,16,2846,2846.72,100,ok,0,0,0,0.00,0,0,0,0,0,N/A
2025-10-12 17:04:43,1575,3978.08,50,17,2846,2846.72,100,ok,0,0,0,0.00,0,0,0,0,0,N/A
2025-10-12 17:04:47,1575,3978.08,50,17,2846,2846.72,100,ok,0,0,0,0.00,0,0,0,0,0,N/A
2025-10-12 17:04:52,1455,3977.68,52,17,2846,2846.72,100,ok,0,0,0,0.00,0,0,0,0,0,N/A
2025-10-12 17:04:56,1455,3977.68,52,17,2846,2846.72,100,ok,0,0,0,0.00,0,0,0,0,0,N/A
2025-10-12 17:05:03,1481,3976.82,45,17,2846,2846.72,100,ok,0,0,0,0.00,0,0,0,0,0,N/A
2025-10-12 17:05:07,1481,3976.82,45,17,2846,2846.72,100,ok,0,0,0,0.00,0,0,0,0,0,N/A
2025-10-12 17:05:13,1333,3976.74,43,17,2846,2846.72,100,ok,0,0,0,0.00,0,0,0,0,0,N/A
2025-10-12 17:05:17,1333,3976.74,43,17,2846,2846.72,100,ok,0,0,0,0.00,0,0,0,0,0,N/A
2025-10-12 17:05:22,1370,3976.61,58,17,2846,2846.72,100,ok,0,0,0,0.00,0,0,0,0,0,N/A
2025-10-12 17:05:26,1370,3976.61,58,17,2846,2846.72,100,ok,0,0,0,0.00,0,0,0,0,0,N/A
2025-10-12 17:05:32,1303,3978.45,32,17,2846,2846.72,100,ok,0,0,0,0.00,0,0,0,0,0,N/A
2025-10-12 17:05:37,1303,3978.45,32,17,2846,2846.72,100,ok,0,0,0,0.00,0,0,0,0,0,N/A
2025-10-12 17:05:42,1340,3983.69,53,17,2846,2846.72,100,ok,0,0,0,0.00,0,0,0,0,0,N/A
2025-10-12 17:05:46,1340,3983.69,53,17,2846,2846.72,100,ok,0,0,0,0.00,0,0,0,0,0,N/A
2025-10-12 17:05:53,1351,3982.95,40,17,2846,2846.72,100,ok,0,0,0,0.00,0,0,0,0,0,N/A
2025-10-12 17:05:56,1351,3982.95,40,17,2846,2846.72,100,ok,0,0,0,0.00,0,0,0,0,0,N/A
2025-10-12 17:06:03,1315,3981.21,34,17,2846,2846.72,100,ok,0,0,0,0.00,0,0,0,0,0,N/A
2025-10-12 17:06:07,1315,3981.21,34,17,2846,2846.72,100,ok,0,0,0,0.00,0,0,0,0,0,N/A
2025-10-12 17:06:13,1182,3985.54,50,17,2846,2846.72,100,ok,0,0,0,0.00,0,0,0,0,0,N/A
2025-10-12 17:06:18,1182,3985.54,50,17,2846,2846.72,100,ok,0,0,0,0.00,0,0,0,0,0,N/A
2025-10-12 17:06:23,1202,3990.53,58,17,2846,2846.72,100,ok,0,0,0,0.00,0,0,0,0,0,N/A
2025-10-12 17:06:27,1202,3990.53,58,17,2846,2846.72,100,ok,0,0,0,0.00,0,0,0,0,0,N/A
2025-10-12 17:06:33,1378,3993.69,60,17,2846,2846.72,100,ok,0,0,0,0.00,0,0,0,0,0,N/A
2025-10-12 17:06:37,1378,3993.69,60,17,2846,2846.72,100,ok,0,0,0,0.00,0,0,0,0,0,N/A
2025-10-12 17:06:42,1242,4001.13,64,17,2846,2846.72,100,ok,0,0,0,0.00,0,0,0,0,0,N/A
2025-10-12 17:06:46,1242,4001.13,64,17,2846,2846.72,100,ok,0,0,0,0.00,0,0,0,0,0,N/A
2025-10-12 17:06:55,1250,4009.45,38,17,2846,2846.72,100,ok,0,0,0,0.00,0,0,0,0,0,N/A
2025-10-12 17:06:59,1250,4009.45,38,17,2846,2846.72,100,ok,0,0,0,0.00,0,0,0,0,0,N/A
2025-10-12 17:07:05,1353,4008.83,11,17,2846,2846.72,100,ok,0,0,0,0.00,0,0,0,0,0,N/A
2025-10-12 17:07:09,1353,4008.83,11,17,2846,2846.72,100,ok,0,0,0,0.00,0,0,0,0,0,N/A
2025-10-12 17:07:15,1470,4007.59,69,17,2846,2846.72,100,ok,0,0,0,0.00,0,0,0,0,0,N/A
2025-10-12 17:07:19,1470,4007.59,69,17,2846,2846.72,100,ok,0,0,0,0.00,0,0,0,0,0,N/A
2025-10-12 17:07:25,1526,4007.59,44,17,2846,2846.72,100,ok,0,0,0,0.00,0,0,0,0,0,N/A
2025-10-12 17:07:29,1526,4007.59,44,17,2846,2846.72,100,ok,0,0,0,0.00,0,0,0,0,0,N/A
2025-10-12 17:07:35,1306,4007.57,51,18,2846,2846.72,100,ok,0,0,0,0.00,0,0,0,0,0,N/A
2025-10-12 17:07:40,1306,4007.57,51,18,2846,2846.72,100,ok,0,0,0,0.00,0,0,0,0,0,N/A
2025-10-12 17:07:52,1295,4009.07,52,18,2846,2846.72,100,ok,0,0,0,0.00,0,0,0,0,0,N/A
2025-10-12 17:07:56,1116,4009.07,57,18,2846,2846.72,100,ok,0,0,0,0.00,0,0,0,0,0,N/A
2025-10-12 17:08:01,1116,4020.17,57,18,2846,2846.72,100,ok,0,0,0,0.00,0,0,0,0,0,N/A
2025-10-12 17:08:05,1189,4020.17,20,18,2846,2846.72,100,ok,0,0,0,0.00,0,0,0,0,0,N/A
2025-10-12 17:08:11,1189,4024.20,20,18,2846,2846.72,100,ok,0,0,0,0.00,0,0,0,0,0,N/A
2025-10-12 17:08:22,1134,4027.41,58,18,2846,2846.72,100,ok,0,0,0,0.00,0,0,0,0,0,N/A
2025-10-12 17:08:26,1134,4027.41,32,18,2846,2846.72,100,ok,0,0,0,0.00,0,0,0,0,0,N/A
2025-10-12 17:08:31,1058,4033.53,32,18,2846,2846.72,100,ok,0,0,0,0.00,0,0,0,0,0,N/A
2025-10-12 17:08:35,1058,4033.53,60,18,2846,2846.72,100,ok,0,0,0,0.00,0,0,0,0,0,N/A
2025-10-12 17:08:41,1272,4037.68,60,18,2846,2846.72,100,ok,0,0,0,0.00,0,0,0,0,0,N/A
2025-10-12 17:08:45,1272,4037.68,60,18,2846,2846.72,100,ok,0,0,0,0.00,0,0,0,0,0,N/A
2025-10-12 17:08:52,1361,4041.02,12,18,2846,2846.72,100,ok,0,0,0,0.00,0,0,0,0,0,N/A
2025-10-12 17:08:56,1361,4041.02,12,18,2846,2846.72,100,ok,0,0,0,0.00,0,0,0,0,0,N/A
2025-10-12 17:09:02,1430,4051.28,63,18,2846,2846.72,100,ok,0,0,0,0.00,0,0,0,0,0,N/A
2025-10-12 17:09:07,1430,4051.28,40,18,2846,2846.72,100,ok,0,0,0,0.00,0,0,0,0,0,N/A
2025-10-12 17:09:12,1511,4050.78,40,18,2846,2846.72,100,ok,0,0,0,0.00,0,0,0,0,0,N/A
2025-10-12 17:09:16,1511,4050.78,40,18,2846,2846.72,100,ok,0,0,0,0.00,0,0,0,0,0,N/A
2025-10-12 17:09:22,1540,4052.46,20,18,2846,2846.72,100,ok,0,0,0,0.00,0,0,0,0,0,N/A
2025-10-12 17:09:26,1540,4052.46,20,18,2846,2846.72,100,ok,0,0,0,0.00,0,0,0,0,0,N/A
2025-10-12 17:09:32,1706,4052.10,34,18,2846,2846.72,100,ok,0,0,0,0.00,0,0,0,0,0,N/A
2025-10-12 17:09:36,1706,4052.10,34,18,2846,2846.72,100,ok,0,0,0,0.00,0,0,0,0,0,N/A
2025-10-12 17:09:43,1566,4056.11,62,18,2846,2846.72,100,ok,0,0,0,0.00,0,0,0,0,0,N/A
2025-10-12 17:09:47,1583,4056.11,56,18,2846,2846.72,100,ok,0,0,0,0.00,0,0,0,0,0,N/A
2025-10-12 17:09:53,1583,4062.78,56,18,2846,2846.72,100,ok,0,0,0,0.00,0,0,0,0,0,N/A
2025-10-12 17:09:57,1512,4062.78,71,18,2846,2846.72,100,ok,0,0,0,0.00,0,0,0,0,0,N/A
2025-10-12 17:10:04,1512,4063.09,71,18,2846,2846.72,100,ok,0,0,0,0.00,0,0,0,0,0,N/A
2025-10-12 17:10:08,1397,4063.09,53,18,2846,2846.72,100,ok,0,0,0,0.00,0,0,0,0,0,N/A
2025-10-12 17:10:13,1397,4062.43,53,18,2846,2846.72,100,ok,0,0,0,0.00,0,0,0,0,0,N/A
2025-10-12 17:10:18,1397,4062.43,55,19,2846,2846.72,100,ok,0,0,0,0.00,0,0,0,0,0,N/A
2025-10-12 17:10:24,1405,4063.02,55,19,2846,2846.72,100,ok,0,0,0,0.00,0,0,0,0,0,N/A
2025-10-12 17:10:28,1405,4063.02,55,19,2846,2846.72,100,ok,0,0,0,0.00,0,0,0,0,0,N/A
2025-10-12 17:10:33,1300,4062.29,35,19,2846,2846.72,100,ok,0,0,0,0.00,0,0,0,0,0,N/A
2025-10-12 17:10:38,1300,4062.29,35,19,2846,2846.72,100,ok,0,0,0,0.00,0,0,0,0,0,N/A
2025-10-12 17:10:44,1286,4063.29,22,19,2846,2846.72,100,ok,0,0,0,0.00,0,0,0,0,0,N/A
2025-10-12 17:10:48,1286,4063.29,22,19,2846,2846.72,100,ok,0,0,0,0.00,0,0,0,0,0,N/A
2025-10-12 17:10:53,1259,4066.48,30,19,2846,2846.72,100,ok,0,0,0,0.00,0,0,0,0,0,N/A
2025-10-12 17:10:57,1259,4066.48,30,19,2846,2846.72,100,ok,0,0,0,0.00,0,0,0,0,0,N/A
2025-10-12 17:11:03,1419,4075.29,49,19,2846,2846.72,100,ok,0,0,0,0.00,0,0,0,0,0,N/A
2025-10-12 17:11:07,1419,4075.29,49,19,2846,2846.72,100,ok,0,0,0,0.00,0,0,0,0,0,N/A
2025-10-12 17:11:13,1387,4076.81,69,19,2846,2846.72,100,ok,0,0,0,0.00,0,0,0,0,0,N/A
2025-10-12 17:11:17,1387,4076.81,69,19,2846,2846.72,100,ok,0,0,0,0.00,0,0,0,0,0,N/A
2025-10-12 17:11:23,1465,4079.76,24,19,2846,2846.72,100,ok,0,0,0,0.00,0,0,0,0,0,N/A
2025-10-12 17:11:26,1465,4079.76,24,19,2846,2846.72,100,ok,0,0,0,0.00,0,0,0,0,0,N/A
2025-10-12 17:11:33,1452,4080.45,53,19,2846,2846.72,100,ok,0,0,0,0.00,0,0,0,0,0,N/A
2025-10-12 17:11:37,1452,4080.45,53,19,2846,2846.72,100,ok,0,0,0,0.00,0,0,0,0,0,N/A
2025-10-12 17:11:43,1375,4079.80,27,19,2846,2846.72,100,ok,0,0,0,0.00,0,0,0,0,0,N/A
2025-10-12 17:11:47,1375,4079.80,27,19,2846,2846.72,100,ok,0,0,0,0.00,0,0,0,0,0,N/A
2025-10-12 17:11:53,1329,4081.06,55,19,2846,2846.72,100,ok,0,0,0,0.00,0,0,0,0,0,N/A
2025-10-12 17:11:57,1329,4081.06,55,19,2846,2846.72,100,ok,0,0,0,0.00,0,0,0,0,0,N/A
2025-10-12 17:12:03,1118,4084.36,47,19,2846,2846.72,100,ok,0,0,0,0.00,0,0,0,0,0,N/A
2025-10-12 17:12:08,1118,4084.36,47,19,2846,2846.72,100,ok,0,0,0,0.00,0,0,0,0,0,N/A
2025-10-12 17:12:13,1147,4086.01,19,19,2846,2846.72,100,ok,0,0,0,0.00,0,0,0,0,0,N/A
2025-10-12 17:12:17,1147,4086.01,19,19,2846,2846.72,100,ok,0,0,0,0.00,0,0,0,0,0,N/A
2025-10-12 17:12:24,982,4088.21,27,19,2846,2846.72,100,ok,0,0,0,0.00,0,0,0,0,0,N/A
2025-10-12 17:12:27,982,4088.21,27,19,2846,2846.72,100,ok,0,0,0,0.00,0,0,0,0,0,N/A
2025-10-12 17:12:33,1134,4097.70,56,19,2846,2846.72,100,ok,0,0,0,0.00,0,0,0,0,0,N/A
2025-10-12 17:12:36,1134,4097.70,56,19,2846,2846.72,100,ok,0,0,0,0.00,0,0,0,0,0,N/A
2025-10-12 17:12:44,1249,4105.95,55,19,2846,2846.72,100,ok,0,0,0,0.00,0,0,0,0,0,N/A
2025-10-12 17:12:48,1249,4105.95,55,19,2846,2846.72,100,ok,0,0,0,0.00,0,0,0,0,0,N/A
2025-10-12 17:12:54,1474,4113.50,18,19,2846,2846.72,100,ok,0,0,0,0.00,0,0,0,0,0,N/A
2025-10-12 17:12:58,1474,4113.50,18,19,2846,2846.72,100,ok,0,0,0,0.00,0,0,0,0,0,N/A
2025-10-12 17:13:03,1633,4122.77,17,19,2846,2846.72,100,ok,0,0,0,0.00,0,0,0,0,0,N/A
2025-10-12 17:13:08,1633,4122.77,17,19,2846,2846.72,100,ok,0,0,0,0.00,0,0,0,0,0,N/A
2025-10-12 17:13:19,1526,4125.32,36,19,2846,2846.72,100,ok,0,0,0,0.00,0,0,0,0,0,N/A
2025-10-12 17:13:23,1643,4124.69,25,19,2846,2846.72,100,ok,0,0,0,0.00,0,0,0,0,0,N/A
2025-10-12 17:13:27,1643,4124.69,25,19,2846,2846.72,100,ok,0,0,0,0.00,0,0,0,0,0,N/A
2025-10-12 17:13:34,1465,4124.23,49,19,2846,2846.72,100,ok,0,0,0,0.00,0,0,0,0,0,N/A
2025-10-12 17:13:38,1465,4124.23,49,19,2846,2846.72,100,ok,0,0,0,0.00,0,0,0,0,0,N/A
2025-10-12 17:13:44,1538,4123.36,16,20,2846,2846.72,100,ok,0,0,0,0.00,0,0,0,0,0,N/A
2025-10-12 17:13:48,1538,4123.36,16,20,2846,2846.72,100,ok,0,0,0,0.00,0,0,0,0,0,N/A
2025-10-12 17:13:54,1479,4124.23,30,20,2846,2846.72,100,ok,0,0,0,0.00,0,0,0,0,0,N/A
2025-10-12 17:13:58,1479,4124.23,30,20,2846,2846.72,100,ok,0,0,0,0.00,0,0,0,0,0,N/A
2025-10-12 17:14:04,1529,4126.26,21,20,2846,2846.72,100,ok,0,0,0,0.00,0,0,0,0,0,N/A
2025-10-12 17:14:08,1529,4126.26,21,20,2846,2846.72,100,ok,0,0,0,0.00,0,0,0,0,0,N/A
2025-10-12 17:14:15,1600,4128.24,52,20,2846,2846.72,100,ok,0,0,0,0.00,0,0,0,0,0,N/A
2025-10-12 17:14:19,1600,4128.24,52,20,2846,2846.72,100,ok,0,0,0,0.00,0,0,0,0,0,N/A
2025-10-12 17:14:24,1600,4129.71,52,20,2846,2846.72,100,ok,0,0,0,0.00,0,0,0,0,0,N/A
2025-10-12 17:14:28,1560,4129.71,66,20,2846,2846.72,100,ok,0,0,0,0.00,0,0,0,0,0,N/A
2025-10-12 17:14:34,1560,4137.68,66,20,2846,2846.72,100,ok,0,0,0,0.00,0,0,0,0,0,N/A
2025-10-12 17:14:38,1711,4137.68,36,20,2846,2846.72,100,ok,0,0,0,0.00,0,0,0,0,0,N/A
2025-10-12 17:14:44,1711,4150.40,36,20,2846,2846.72,100,ok,0,0,0,0.00,0,0,0,0,0,N/A
2025-10-12 17:14:48,1527,4150.40,66,20,2846,2846.72,100,ok,0,0,0,0.00,0,0,0,0,0,N/A
2025-10-12 17:14:53,1527,4150.06,66,20,2846,2846.72,100,ok,0,0,0,0.00,0,0,0,0,0,N/A
2025-10-12 17:14:57,1560,4150.06,63,20,2846,2846.72,100,ok,0,0,0,0.00,0,0,0,0,0,N/A
2025-10-12 17:15:03,1560,4149.65,63,20,2846,2846.72,100,ok,0,0,0,0.00,0,0,0,0,0,N/A
2025-10-12 17:15:07,1507,4149.65,72,20,2846,2846.72,100,ok,0,0,0,0.00,0,0,0,0,0,N/A
2025-10-12 17:15:13,1507,4154.27,72,20,2846,2846.72,100,ok,0,0,0,0.00,0,0,0,0,0,N/A
2025-10-12 17:15:17,1537,4154.27,48,20,2846,2846.72,100,ok,0,0,0,0.00,0,0,0,0,0,N/A
2025-10-12 17:15:24,1537,4158.89,48,20,2846,2846.72,100,ok,0,0,0,0.00,0,0,0,0,0,N/A
2025-10-12 17:15:28,1580,4158.89,57,20,2846,2846.72,100,ok,0,0,0,0.00,0,0,0,0,0,N/A
2025-10-12 17:15:34,1580,4157.85,57,20,2846,2846.72,100,ok,0,0,0,0.00,0,0,0,0,0,N/A
2025-10-12 17:15:38,1524,4157.85,27,20,2846,2846.72,100,ok,0,0,0,0.00,0,0,0,0,0,N/A
2025-10-12 17:15:44,1524,4158.54,27,20,2846,2846.72,100,ok,0,0,0,0.00,0,0,0,0,0,N/A
2025-10-12 17:15:48,1519,4158.54,35,20,2846,2846.72,100,ok,0,0,0,0.00,0,0,0,0,0,N/A
2025-10-12 17:15:53,1519,4157.83,35,20,2846,2846.72,100,ok,0,0,0,0.00,0,0,0,0,0,N/A
2025-10-12 17:15:57,1342,4157.83,58,20,2846,2846.72,100,ok,0,0,0,0.00,0,0,0,0,0,N/A
2025-10-12 17:16:04,1342,4160.17,58,20,2846,2846.72,100,ok,0,0,0,0.00,0,0,0,0,0,N/A
2025-10-12 17:16:08,1329,4160.17,38,20,2846,2846.72,100,ok,0,0,0,0.00,0,0,0,0,0,N/A
2025-10-12 17:16:15,1329,4161.45,38,20,2846,2846.72,100,ok,0,0,0,0.00,0,0,0,0,0,N/A
2025-10-12 17:16:18,1218,4161.45,32,20,2846,2846.72,100,ok,0,0,0,0.00,0,0,0,0,0,N/A
2025-10-12 17:16:24,1218,4164.73,32,20,2846,2846.72,100,ok,0,0,0,0.00,0,0,0,0,0,N/A
2025-10-12 17:16:28,1283,4164.73,17,20,2846,2846.72,100,ok,0,0,0,0.00,0,0,0,0,0,N/A
2025-10-12 17:16:34,1283,4164.26,17,20,2846,2846.72,100,ok,0,0,0,0.00,0,0,0,0,0,N/A
2025-10-12 17:16:38,1115,4164.26,59,20,2846,2846.72,100,ok,0,0,0,0.00,0,0,0,0,0,N/A
2025-10-12 17:16:44,1115,4169.22,59,20,2846,2846.72,100,ok,0,0,0,0.00,0,0,0,0,0,N/A
2025-10-12 17:16:48,1243,4169.22,39,20,2846,2846.72,100,ok,0,0,0,0.00,0,0,0,0,0,N/A
2025-10-12 17:16:54,1243,4170.66,39,20,2846,2846.72,100,ok,0,0,0,0.00,0,0,0,0,0,N/A
2025-10-12 17:16:57,1323,4170.66,42,21,2846,2846.72,100,ok,0,0,0,0.00,0,0,0,0,0,N/A
2025-10-12 17:17:04,1323,4174.91,42,21,2846,2846.72,100,ok,0,0,0,0.00,0,0,0,0,0,N/A
2025-10-12 17:17:08,1358,4174.91,14,21,2846,2846.72,100,ok,0,0,0,0.00,0,0,0,0,0,N/A
2025-10-12 17:17:15,1358,4174.28,14,21,2846,2846.72,100,ok,0,0,0,0.00,0,0,0,0,0,N/A
2025-10-12 17:17:20,1326,4174.28,13,21,2846,2846.72,100,ok,0,0,0,0.00,0,0,0,0,0,N/A
2025-10-12 17:17:25,1326,4179.66,13,21,2846,2846.72,100,ok,0,0,0,0.00,0,0,0,0,0,N/A
2025-10-12 17:17:29,1139,4179.66,60,21,2846,2846.72,100,ok,0,0,0,0.00,0,0,0,0,0,N/A
2025-10-12 17:17:38,1234,4180.25,45,21,2846,2846.72,100,ok,0,0,0,0.00,0,0,0,0,0,N/A
2025-10-12 17:17:47,1234,4178.76,45,21,2846,2846.72,100,ok,0,0,0,0.00,0,0,0,0,0,N/A
2025-10-12 17:17:54,1170,4182.51,73,21,2846,2846.72,100,ok,0,0,0,0.00,0,0,0,0,0,N/A
2025-10-12 17:17:58,1170,4182.51,73,21,2846,2846.72,100,ok,0,0,0,0.00,0,0,0,0,0,N/A
2025-10-12 17:18:04,1028,4185.41,61,21,2846,2846.72,100,ok,0,0,0,0.00,0,0,0,0,0,N/A
2025-10-12 17:18:08,1028,4185.41,61,21,2846,2846.72,100,ok,0,0,0,0.00,0,0,0,0,0,N/A
2025-10-12 17:18:18,1161,4196.76,71,21,2846,2846.72,100,ok,0,0,0,0.00,0,0,0,0,0,N/A
2025-10-12 17:18:27,1271,4199.96,28,21,2846,2846.72,100,ok,0,0,0,0.00,0,0,0,0,0,N/A
2025-10-12 17:18:33,1271,4199.58,28,21,2846,2846.72,100,ok,0,0,0,0.00,0,0,0,0,0,N/A
2025-10-12 17:18:38,1059,4199.58,56,21,2846,2846.72,100,ok,0,0,0,0.00,0,0,0,0,0,N/A
2025-10-12 17:18:44,1059,4203.76,56,21,2846,2846.72,100,ok,0,0,0,0.00,0,0,0,0,0,N/A
2025-10-12 17:18:48,1127,4203.76,16,21,2846,2846.72,100,ok,0,0,0,0.00,0,0,0,0,0,N/A
2025-10-12 17:18:55,1127,4204.80,16,21,2846,2846.72,100,ok,0,0,0,0.00,0,0,0,0,0,N/A
2025-10-12 17:18:59,1221,4204.80,31,21,2846,2846.72,100,ok,0,0,0,0.00,0,0,0,0,0,N/A
2025-10-12 17:19:04,1221,4204.80,31,21,2846,2846.72,100,ok,0,0,0,0.00,0,0,0,0,0,N/A
2025-10-12 17:19:08,1316,4204.80,20,21,2846,2846.72,100,ok,0,0,0,0.00,0,0,0,0,0,N/A
2025-10-12 17:19:15,1316,4203.97,20,21,2846,2846.72,100,ok,0,0,0,0.00,0,0,0,0,0,N/A
2025-10-12 17:19:19,1262,4203.97,20,21,2846,2846.72,100,ok,0,0,0,0.00,0,0,0,0,0,N/A
2025-10-12 17:19:24,1262,4205.14,20,21,2846,2846.72,100,ok,0,0,0,0.00,0,0,0,0,0,N/A
2025-10-12 17:19:29,1260,4205.14,59,21,2846,2846.72,100,ok,0,0,0,0.00,0,0,0,0,0,N/A
2025-10-12 17:19:34,1260,4210.43,59,21,2846,2846.72,100,ok,0,0,0,0.00,0,0,0,0,0,N/A
2025-10-12 17:19:38,1333,4210.43,71,21,2846,2846.72,100,ok,0,0,0,0.00,0,0,0,0,0,N/A
2025-10-12 17:19:43,1333,4217.08,71,21,2846,2846.72,100,ok,0,0,0,0.00,0,0,0,0,0,N/A
2025-10-12 17:19:48,1433,4217.08,73,21,2846,2846.72,100,ok,0,0,0,0.00,0,0,0,0,0,N/A
2025-10-12 17:19:54,1433,4223.11,73,21,2846,2846.72,100,ok,0,0,0,0.00,0,0,0,0,0,N/A
2025-10-12 17:19:58,1467,4223.11,52,22,2846,2846.72,100,ok,0,0,0,0.00,0,0,0,0,0,N/A
2025-10-12 17:20:04,1467,4224.67,52,22,2846,2846.72,100,ok,0,0,0,0.00,0,0,0,0,0,N/A
2025-10-12 17:20:08,1283,4224.67,63,22,2846,2846.72,100,ok,0,0,0,0.00,0,0,0,0,0,N/A
2025-10-12 17:20:14,1283,4225.51,63,22,2846,2846.72,100,ok,0,0,0,0.00,0,0,0,0,0,N/A
2025-10-12 17:20:18,1437,4225.51,45,22,2846,2846.72,100,ok,0,0,0,0.00,0,0,0,0,0,N/A
2025-10-12 17:20:24,1437,4224.71,45,22,2846,2846.72,100,ok,0,0,0,0.00,0,0,0,0,0,N/A
2025-10-12 17:20:28,1368,4224.71,43,22,2846,2846.72,100,ok,0,0,0,0.00,0,0,0,0,0,N/A
2025-10-12 17:20:34,1368,4229.27,43,22,2846,2846.72,100,ok,0,0,0,0.00,0,0,0,0,0,N/A
2025-10-12 17:20:37,1368,4229.27,43,22,2846,2846.72,100,ok,0,0,0,0.00,0,0,0,0,0,N/A
2025-10-12 17:20:44,1264,4228.40,59,22,2846,2846.72,100,ok,0,0,0,0.00,0,0,0,0,0,N/A
2025-10-12 17:20:48,1264,4228.40,59,22,2846,2846.72,100,ok,0,0,0,0.00,0,0,0,0,0,N/A
2025-10-12 17:20:53,1374,4228.40,23,22,2846,2846.72,100,ok,0,0,0,0.00,0,0,0,0,0,N/A
2025-10-12 17:20:57,1374,4230.24,23,22,2846,2846.72,100,ok,0,0,0,0.00,0,0,0,0,0,N/A
2025-10-12 17:21:01,1311,4230.24,71,22,2846,2846.72,100,ok,0,0,0,0.00,0,0,0,0,0,N/A
2025-10-12 17:21:06,1311,4231.98,71,22,2846,2846.72,100,ok,0,0,0,0.00,0,0,0,0,0,N/A
2025-10-12 17:21:10,1300,4231.98,52,22,2846,2846.72,100,ok,0,0,0,0.00,0,0,0,0,0,N/A
2025-10-12 17:21:15,1300,4235.14,52,22,2846,2846.72,100,ok,0,0,0,0.00,0,0,0,0,0,N/A
2025-10-12 17:21:18,1300,4235.14,52,22,2846,2846.72,100,ok,0,0,0,0.00,0,0,0,0,0,N/A
2025-10-12 17:21:25,1379,4241.18,33,22,2846,2846.72,100,ok,0,0,0,0.00,0,0,0,0,0,N/A
2025-10-12 17:21:28,1457,4241.18,63,22,2846,2846.72,100,ok,0,0,0,0.00,0,0,0,0,0,N/A
2025-10-12 17:21:35,1457,4248.11,63,22,2846,2846.72,100,ok,0,0,0,0.00,0,0,0,0,0,N/A
2025-10-12 17:21:39,1527,4248.11,73,22,2846,2846.72,100,ok,0,0,0,0.00,0,0,0,0,0,N/A
2025-10-12 17:21:45,1527,4254.36,73,22,2846,2846.72,100,ok,0,0,0,0.00,0,0,0,0,0,N/A
2025-10-12 17:21:50,1375,4254.36,36,22,2846,2846.72,100,ok,0,0,0,0.00,0,0,0,0,0,N/A
2025-10-12 17:21:56,1375,4255.94,36,22,2846,2846.72,100,ok,0,0,0,0.00,0,0,0,0,0,N/A
2025-10-12 17:22:00,1375,4255.94,36,22,2846,2846.72,100,ok,0,0,0,0.00,0,0,0,0,0,N/A
2025-10-12 17:22:05,1432,4255.44,67,22,2846,2846.72,100,ok,0,0,0,0.00,0,0,0,0,0,N/A
2025-10-12 17:22:09,1432,4255.44,67,22,2846,2846.72,100,ok,0,0,0,0.00,0,0,0,0,0,N/A
2025-10-12 17:22:15,1342,4255.31,33,22,2846,2846.72,100,ok,0,0,0,0.00,0,0,0,0,0,N/A
2025-10-12 17:22:19,1342,4255.31,33,22,2846,2846.72,100,ok,0,0,0,0.00,0,0,0,0,0,N/A
2025-10-12 17:22:25,1297,4254.85,58,22,2846,2846.72,100,ok,0,0,0,0.00,0,0,0,0,0,N/A
2025-10-12 17:22:29,1297,4254.85,58,22,2846,2846.72,100,ok,0,0,0,0.00,0,0,0,0,0,N/A
2025-10-12 17:22:36,1194,4254.07,22,23,2846,2846.72,100,ok,0,0,0,0.00,0,0,0,0,0,N/A
2025-10-12 17:22:40,1194,4254.07,22,23,2846,2846.72,100,ok,0,0,0,0.00,0,0,0,0,0,N/A
2025-10-12 17:22:46,1082,4253.70,45,23,2846,2846.72,100,ok,0,0,0,0.00,0,0,0,0,0,N/A
2025-10-12 17:22:50,1082,4253.70,71,23,2846,2846.72,100,ok,0,0,0,0.00,0,0,0,0,0,N/A
2025-10-12 17:22:57,976,4256.04,71,23,2846,2846.72,100,ok,0,0,0,0.00,0,0,0,0,0,N/A
2025-10-12 17:23:01,976,4256.04,71,23,2846,2846.72,100,ok,0,0,0,0.00,0,0,0,0,0,N/A
2025-10-12 17:23:06,924,4259.64,44,23,2846,2846.72,100,ok,0,0,0,0.00,0,0,0,0,0,N/A
2025-10-12 17:23:10,924,4259.64,16,23,2846,2846.72,100,ok,0,0,0,0.00,0,0,0,0,0,N/A
2025-10-12 17:23:20,939,4264.58,16,23,2846,2846.72,100,ok,0,0,0,0.00,0,0,0,0,0,N/A
2025-10-12 17:23:26,958,4264.06,38,23,2846,2846.72,100,ok,0,0,0,0.00,0,0,0,0,0,N/A
2025-10-12 17:23:30,958,4264.06,38,23,2846,2846.72,100,ok,0,0,0,0.00,0,0,0,0,0,N/A
2025-10-12 17:23:36,984,4267.02,43,23,2846,2846.72,100,ok,0,0,0,0.00,0,0,0,0,0,N/A
2025-10-12 17:23:40,984,4267.02,43,23,2846,2846.72,100,ok,0,0,0,0.00,0,0,0,0,0,N/A
2025-10-12 17:23:46,1066,4275.03,52,23,2846,2846.72,100,ok,0,0,0,0.00,0,0,0,0,0,N/A
2025-10-12 17:23:51,1066,4275.03,28,23,2846,2846.72,100,ok,0,0,0,0.00,0,0,0,0,0,N/A
2025-10-12 17:23:58,1153,4276.86,28,23,2846,2846.72,100,ok,0,0,0,0.00,0,0,0,0,0,N/A
2025-10-12 17:24:02,1153,4276.86,28,23,2846,2846.72,100,ok,0,0,0,0.00,0,0,0,0,0,N/A
2025-10-12 17:24:09,1082,4277.61,69,23,2846,2846.72,100,ok,0,0,0,0.00,0,0,0,0,0,N/A
2025-10-12 17:24:12,1082,4277.61,21,23,2846,2846.72,100,ok,0,0,0,0.00,0,0,0,0,0,N/A
2025-10-12 17:24:18,1079,4277.15,21,23,2846,2846.72,100,ok,0,0,0,0.00,0,0,0,0,0,N/A
2025-10-12 17:24:22,1079,4277.15,48,23,2846,2846.72,100,ok,0,0,0,0.00,0,0,0,0,0,N/A
2025-10-12 17:24:28,1082,4280.11,48,23,2846,2846.72,100,ok,0,0,0,0.00,0,0,0,0,0,N/A
2025-10-12 17:24:32,1082,4280.11,47,23,2846,2846.72,100,ok,0,0,0,0.00,0,0,0,0,0,N/A
2025-10-12 17:24:39,1045,4281.09,47,23,2846,2846.72,100,ok,0,0,0,0.00,0,0,0,0,0,N/A
2025-10-12 17:24:42,1045,4281.09,47,23,2846,2846.72,100,ok,0,0,0,0.00,0,0,0,0,0,N/A
2025-10-12 17:24:48,1154,4282.29,58,23,2846,2846.72,100,ok,0,0,0,0.00,0,0,0,0,0,N/A
2025-10-12 17:24:52,1154,4282.29,58,23,2846,2846.72,100,ok,0,0,0,0.00,0,0,0,0,0,N/A
2025-10-12 17:24:58,1166,4284.48,19,23,2846,2846.72,100,ok,0,0,0,0.00,0,0,0,0,0,N/A
2025-10-12 17:25:02,1166,4284.48,19,23,2846,2846.72,100,ok,0,0,0,0.00,0,0,0,0,0,N/A
2025-10-12 17:25:08,1180,4284.32,65,23,2846,2846.72,100,ok,0,0,0,0.00,0,0,0,0,0,N/A
2025-10-12 17:25:12,1180,4284.32,65,23,2846,2846.72,100,ok,0,0,0,0.00,0,0,0,0,0,N/A
2025-10-12 17:25:18,1194,4286.83,73,23,2846,2846.72,100,ok,0,0,0,0.00,0,0,0,0,0,N/A
2025-10-12 17:25:22,1194,4286.83,73,23,2846,2846.72,100,ok,0,0,0,0.00,0,0,0,0,0,N/A
2025-10-12 17:25:28,1376,4297.16,65,23,2846,2846.72,100,ok,0,0,0,0.00,0,0,0,0,0,N/A
2025-10-12 17:25:32,1376,4297.16,65,23,2846,2846.72,100,ok,0,0,0,0.00,0,0,0,0,0,N/A
2025-10-12 17:25:39,1385,4303.42,15,23,2846,2846.72,100,ok,0,0,0,0.00,0,0,0,0,0,N/A
2025-10-12 17:25:43,1385,4303.42,15,23,2846,2846.72,100,ok,0,0,0,0.00,0,0,0,0,0,N/A
2025-10-12 17:25:49,1306,4303.47,51,24,2846,2846.72,100,ok,0,0,0,0.00,0,0,0,0,0,N/A
2025-10-12 17:25:53,1306,4303.47,29,24,2846,2846.72,100,ok,0,0,0,0.00,0,0,0,0,0,N/A
2025-10-12 17:25:59,1622,4303.71,29,24,2846,2846.72,100,ok,0,0,0,0.00,0,0,0,0,0,N/A
2025-10-12 17:26:03,1622,4303.71,29,24,2846,2846.72,100,ok,0,0,0,0.00,0,0,0,0,0,N/A
2025-10-12 17:26:09,1620,4303.53,25,24,2846,2846.72,100,ok,0,0,0,0.00,0,0,0,0,0,N/A
2025-10-12 17:26:13,1620,4303.53,25,24,2846,2846.72,100,ok,0,0,0,0.00,0,0,0,0,0,N/A
2025-10-12 17:26:19,1738,4305.76,29,24,2846,2846.72,100,ok,0,0,0,0.00,0,0,0,0,0,N/A
2025-10-12 17:26:22,1738,4305.76,29,24,2846,2846.72,100,ok,0,0,0,0.00,0,0,0,0,0,N/A
2025-10-12 17:26:31,1621,4311.13,15,24,2846,2846.72,100,ok,0,0,0,0.00,0,0,0,0,0,N/A
2025-10-12 17:26:37,1621,4322.33,15,24,2846,2846.72,100,ok,0,0,0,0.00,0,0,0,0,0,N/A
2025-10-12 17:26:42,1862,4322.33,17,24,2846,2846.72,100,ok,0,0,0,0.00,0,0,0,0,0,N/A
2025-10-12 17:26:49,1862,4323.69,17,24,2846,2846.72,100,ok,0,0,0,0.00,0,0,0,0,0,N/A
2025-10-12 17:26:53,1876,4323.69,29,24,2846,2846.72,100,ok,0,0,0,0.00,0,0,0,0,0,N/A
2025-10-12 17:26:59,1876,4329.21,29,24,2846,2846.72,100,ok,0,0,0,0.00,0,0,0,0,0,N/A
2025-10-12 17:27:04,1784,4329.21,15,24,2846,2846.72,100,ok,0,0,0,0.00,0,0,0,0,0,N/A
2025-10-12 17:27:09,1784,4327.82,15,24,2846,2846.72,100,ok,0,0,0,0.00,0,0,0,0,0,N/A
2025-10-12 17:27:13,1871,4327.82,57,24,2846,2846.72,100,ok,0,0,0,0.00,0,0,0,0,0,N/A
2025-10-12 17:27:19,1871,4327.84,57,24,2846,2846.72,100,ok,0,0,0,0.00,0,0,0,0,0,N/A
2025-10-12 17:27:23,1859,4327.84,32,24,2846,2846.72,100,ok,0,0,0,0.00,0,0,0,0,0,N/A
2025-10-12 17:27:29,1859,4327.47,32,24,2846,2846.72,100,ok,0,0,0,0.00,0,0,0,0,0,N/A
2025-10-12 17:27:34,1785,4327.47,50,24,2846,2846.72,100,ok,0,0,0,0.00,0,0,0,0,0,N/A
2025-10-12 17:27:39,1785,4328.19,50,24,2846,2846.72,100,ok,0,0,0,0.00,0,0,0,0,0,N/A
2025-10-12 17:27:43,1728,4328.19,48,24,2846,2846.72,100,ok,0,0,0,0.00,0,0,0,0,0,N/A
2025-10-12 17:27:49,1728,4338.58,48,24,2846,2846.72,100,ok,0,0,0,0.00,0,0,0,0,0,N/A
2025-10-12 17:27:54,1691,4338.58,53,24,2846,2846.72,100,ok,0,0,0,0.00,0,0,0,0,0,N/A
2025-10-12 17:28:00,1691,4344.86,53,24,2846,2846.72,100,ok,0,0,0,0.00,0,0,0,0,0,N/A
2025-10-12 17:28:04,1680,4344.86,21,24,2846,2846.72,100,ok,0,0,0,0.00,0,0,0,0,0,N/A
2025-10-12 17:28:09,1680,4346.45,21,24,2846,2846.72,100,ok,0,0,0,0.00,0,0,0,0,0,N/A
2025-10-12 17:28:18,1693,4345.35,50,24,2846,2846.72,100,ok,0,0,0,0.00,0,0,0,0,0,N/A
2025-10-12 17:28:22,1675,4345.35,68,24,2846,2846.72,100,ok,0,0,0,0.00,0,0,0,0,0,N/A
2025-10-12 17:28:29,1675,4344.60,68,24,2846,2846.72,100,ok,0,0,0,0.00,0,0,0,0,0,N/A
2025-10-12 17:28:33,1741,4344.60,17,24,2846,2846.72,100,ok,0,0,0,0.00,0,0,0,0,0,N/A
2025-10-12 17:28:39,1741,4352.69,17,24,2846,2846.72,100,ok,0,0,0,0.00,0,0,0,0,0,N/A
2025-10-12 17:28:43,1741,4352.69,54,24,2846,2846.72,100,ok,0,0,0,0.00,0,0,0,0,0,N/A
2025-10-12 17:28:49,1675,4351.67,54,24,2846,2846.72,100,ok,0,0,0,0.00,0,0,0,0,0,N/A
2025-10-12 17:28:53,1675,4351.67,54,24,2846,2846.72,100,ok,0,0,0,0.00,0,0,0,0,0,N/A
2025-10-12 17:28:59,1749,4356.58,29,24,2846,2846.72,100,ok,0,0,0,0.00,0,0,0,0,0,N/A
2025-10-12 17:29:03,1749,4356.58,18,24,2846,2846.72,100,ok,0,0,0,0.00,0,0,0,0,0,N/A
2025-10-12 17:29:09,1770,4357.39,18,24,2846,2846.72,100,ok,0,0,0,0.00,0,0,0,0,0,N/A
2025-10-12 17:29:13,1770,4357.39,18,24,2846,2846.72,100,ok,0,0,0,0.00,0,0,0,0,0,N/A
2025-10-12 17:29:20,1697,4363.40,24,25,2846,2846.72,100,ok,0,0,0,0.00,0,0,0,0,0,N/A
2025-10-12 17:29:24,1697,4363.40,24,25,2846,2846.72,100,ok,0,0,0,0.00,0,0,0,0,0,N/A
2025-10-12 17:29:29,1794,4368.61,24,25,2846,2846.72,100,ok,0,0,0,0.00,0,0,0,0,0,N/A
2025-10-12 17:29:33,1794,4368.61,24,25,2846,2846.72,100,ok,0,0,0,0.00,0,0,0,0,0,N/A
2025-10-12 17:29:40,1679,4371.31,40,25,2846,2846.72,100,ok,0,0,0,0.00,0,0,0,0,0,N/A
2025-10-12 17:29:44,1679,4371.31,40,25,2846,2846.72,100,ok,0,0,0,0.00,0,0,0,0,0,N/A
2025-10-12 17:29:49,1762,4379.26,59,25,2846,2846.72,100,ok,0,0,0,0.00,0,0,0,0,0,N/A
2025-10-12 17:29:53,1762,4379.26,59,25,2846,2846.72,100,ok,0,0,0,0.00,0,0,0,0,0,N/A
2025-10-12 17:29:59,1624,4378.63,27,25,2846,2846.72,100,ok,0,0,0,0.00,0,0,0,0,0,N/A
2025-10-12 17:30:03,1624,4378.63,27,25,2846,2846.72,100,ok,0,0,0,0.00,0,0,0,0,0,N/A
2025-10-12 17:30:09,1642,4381.52,15,25,2846,2846.72,100,ok,0,0,0,0.00,0,0,0,0,0,N/A
2025-10-12 17:30:13,1642,4381.52,15,25,2846,2846.72,100,ok,0,0,0,0.00,0,0,0,0,0,N/A
2025-10-12 17:30:19,1599,4385.92,58,25,2846,2846.72,100,ok,0,0,0,0.00,0,0,0,0,0,N/A
2025-10-12 17:30:23,1599,4385.92,58,25,2846,2846.72,100,ok,0,0,0,0.00,0,0,0,0,0,N/A
2025-10-12 17:30:29,1599,4386.45,50,25,2846,2846.72,100,ok,0,0,0,0.00,0,0,0,0,0,N/A
2025-10-12 17:30:33,1599,4386.45,50,25,2846,2846.72,100,ok,0,0,0,0.00,0,0,0,0,0,N/A
2025-10-12 17:30:40,1592,4386.01,39,25,2846,2846.72,100,ok,0,0,0,0.00,0,0,0,0,0,N/A
2025-10-12 17:30:44,1592,4386.01,39,25,2846,2846.72,100,ok,0,0,0,0.00,0,0,0,0,0,N/A
2025-10-12 17:30:49,1439,4387.46,48,25,2846,2846.72,100,ok,0,0,0,0.00,0,0,0,0,0,N/A
2025-10-12 17:30:52,1439,4387.46,48,25,2846,2846.72,100,ok,0,0,0,0.00,0,0,0,0,0,N/A
2025-10-12 17:30:59,1503,4387.16,26,25,2846,2846.72,100,ok,0,0,0,0.00,0,0,0,0,0,N/A
2025-10-12 17:31:03,1503,4387.16,26,25,2846,2846.72,100,ok,0,0,0,0.00,0,0,0,0,0,N/A
2025-10-12 17:31:10,1308,4388.79,42,25,2846,2846.72,100,ok,0,0,0,0.00,0,0,0,0,0,N/A
2025-10-12 17:31:14,1308,4388.79,42,25,2846,2846.72,100,ok,0,0,0,0.00,0,0,0,0,0,N/A
2025-10-12 17:31:19,1459,4393.62,46,25,2846,2846.72,100,ok,0,0,0,0.00,0,0,0,0,0,N/A
2025-10-12 17:31:24,1459,4393.62,46,25,2846,2846.72,100,ok,0,0,0,0.00,0,0,0,0,0,N/A
2025-10-12 17:31:29,1420,4399.09,21,25,2846,2846.72,100,ok,0,0,0,0.00,0,0,0,0,0,N/A
2025-10-12 17:31:33,1420,4399.09,21,25,2846,2846.72,100,ok,0,0,0,0.00,0,0,0,0,0,N/A
2025-10-12 17:31:39,1471,4405.65,66,25,2846,2846.72,100,ok,0,0,0,0.00,0,0,0,0,0,N/A
2025-10-12 17:31:43,1471,4405.65,66,25,2846,2846.72,100,ok,0,0,0,0.00,0,0,0,0,0,N/A
2025-10-12 17:31:49,1586,4408.19,15,26,2846,2846.72,100,ok,0,0,0,0.00,0,0,0,0,0,N/A
2025-10-12 17:31:53,1586,4408.19,15,26,2846,2846.72,100,ok,0,0,0,0.00,0,0,0,0,0,N/A
2025-10-12 17:31:59,1601,4407.17,29,26,2846,2846.72,100,ok,0,0,0,0.00,0,0,0,0,0,N/A
2025-10-12 17:32:03,1601,4407.17,29,26,2846,2846.72,100,ok,0,0,0,0.00,0,0,0,0,0,N/A
2025-10-12 17:32:09,1698,4409.90,53,26,2846,2846.72,100,ok,0,0,0,0.00,0,0,0,0,0,N/A
2025-10-12 17:32:13,1698,4409.90,53,26,2846,2846.72,100,ok,0,0,0,0.00,0,0,0,0,0,N/A
2025-10-12 17:32:19,1503,4412.24,48,26,2846,2846.72,100,ok,0,0,0,0.00,0,0,0,0,0,N/A
2025-10-12 17:32:23,1503,4412.24,48,26,2846,2846.72,100,ok,0,0,0,0.00,0,0,0,0,0,N/A
2025-10-12 17:32:29,1545,4411.55,24,26,2846,2846.72,100,ok,0,0,0,0.00,0,0,0,0,0,N/A
2025-10-12 17:32:33,1545,4411.55,24,26,2846,2846.72,100,ok,0,0,0,0.00,0,0,0,0,0,N/A
2025-10-12 17:32:38,1395,4410.85,73,26,2846,2846.72,100,ok,0,0,0,0.00,0,0,0,0,0,N/A
2025-10-12 17:32:42,1395,4410.85,73,26,2846,2846.72,100,ok,0,0,0,0.00,0,0,0,0,0,N/A
2025-10-12 17:32:48,1395,4417.01,73,26,2846,2846.72,100,ok,0,0,0,0.00,0,0,0,0,0,N/A
2025-10-12 17:32:52,1432,4417.01,24,26,2846,2846.72,100,ok,0,0,0,0.00,0,0,0,0,0,N/A
2025-10-12 17:32:58,1432,4419.70,24,26,2846,2846.72,100,ok,0,0,0,0.00,0,0,0,0,0,N/A
2025-10-12 17:33:03,1355,4419.70,45,26,2846,2846.72,100,ok,0,0,0,0.00,0,0,0,0,0,N/A
2025-10-12 17:33:09,1355,4418.79,45,26,2846,2846.72,100,ok,0,0,0,0.00,0,0,0,0,0,N/A
2025-10-12 17:33:19,1444,4422.20,44,26,2846,2846.72,100,ok,0,0,0,0.00,0,0,0,0,0,N/A
2025-10-12 17:33:23,1413,4422.20,35,26,2846,2846.72,100,ok,0,0,0,0.00,0,0,0,0,0,N/A
2025-10-12 17:33:29,1413,4423.29,35,26,2846,2846.72,100,ok,0,0,0,0.00,0,0,0,0,0,N/A
2025-10-12 17:33:33,1394,4423.29,43,26,2846,2846.72,100,ok,0,0,0,0.00,0,0,0,0,0,N/A
2025-10-12 17:33:38,1394,4424.00,43,26,2846,2846.72,100,ok,0,0,0,0.00,0,0,0,0,0,N/A
2025-10-12 17:33:42,1509,4424.00,74,26,2846,2846.72,100,ok,0,0,0,0.00,0,0,0,0,0,N/A
2025-10-12 17:33:49,1509,4428.98,74,26,2846,2846.72,100,ok,0,0,0,0.00,0,0,0,0,0,N/A
2025-10-12 17:33:53,1489,4428.98,66,26,2846,2846.72,100,ok,0,0,0,0.00,0,0,0,0,0,N/A
2025-10-12 17:33:58,1489,4427.91,66,26,2846,2846.72,100,ok,0,0,0,0.00,0,0,0,0,0,N/A
2025-10-12 17:34:02,1506,4427.91,15,26,2846,2846.72,100,ok,0,0,0,0.00,0,0,0,0,0,N/A
2025-10-12 17:34:08,1506,4427.55,15,26,2846,2846.72,100,ok,0,0,0,0.00,0,0,0,0,0,N/A
2025-10-12 17:34:12,1452,4427.55,32,26,2846,2846.72,100,ok,0,0,0,0.00,0,0,0,0,0,N/A
2025-10-12 17:34:18,1452,4432.10,32,26,2846,2846.72,100,ok,0,0,0,0.00,0,0,0,0,0,N/A
2025-10-12 17:34:22,1531,4432.10,18,26,2846,2846.72,100,ok,0,0,0,0.00,0,0,0,0,0,N/A
2025-10-12 17:34:28,1531,4430.54,18,26,2846,2846.72,100,ok,0,0,0,0.00,0,0,0,0,0,N/A
2025-10-12 17:34:32,1532,4430.54,36,27,2846,2846.72,100,ok,0,0,0,0.00,0,0,0,0,0,N/A
2025-10-12 17:34:39,1532,4431.65,36,27,2846,2846.72,100,ok,0,0,0,0.00,0,0,0,0,0,N/A
2025-10-12 17:34:44,1396,4431.65,44,27,2846,2846.72,100,ok,0,0,0,0.00,0,0,0,0,0,N/A
2025-10-12 17:34:48,1396,4431.44,44,27,2846,2846.72,100,ok,0,0,0,0.00,0,0,0,0,0,N/A
2025-10-12 17:34:52,1485,4431.44,66,27,2846,2846.72,100,ok,0,0,0,0.00,0,0,0,0,0,N/A
2025-10-12 17:34:58,1485,4433.76,66,27,2846,2846.72,100,ok,0,0,0,0.00,0,0,0,0,0,N/A
2025-10-12 17:35:01,1485,4433.76,27,27,2846,2846.72,100,ok,0,0,0,0.00,0,0,0,0,0,N/A
2025-10-12 17:35:07,1539,4435.07,27,27,2846,2846.72,100,ok,0,0,0,0.00,0,0,0,0,0,N/A
2025-10-12 17:35:11,1539,4435.07,27,27,2846,2846.72,100,ok,0,0,0,0.00,0,0,0,0,0,N/A
2025-10-12 17:35:17,1674,4434.66,18,27,2846,2846.72,100,ok,0,0,0,0.00,0,0,0,0,0,N/A
2025-10-12 17:35:21,1674,4434.66,18,27,2846,2846.72,100,ok,0,0,0,0.00,0,0,0,0,0,N/A
2025-10-12 17:35:24,1712,4434.66,70,27,2846,2846.72,100,ok,0,0,0,0.00,0,0,0,0,0,N/A
2025-10-12 17:35:28,1712,4437.75,70,27,2846,2846.72,100,ok,0,0,0,0.00,0,0,0,0,0,N/A
2025-10-12 17:35:32,1712,4437.75,70,27,2846,2846.72,100,ok,0,0,0,0.00,0,0,0,0,0,N/A
2025-10-12 17:35:38,1756,4436.44,32,27,2846,2846.72,100,ok,0,0,0,0.00,0,0,0,0,0,N/A
2025-10-12 17:35:42,1756,4436.44,32,27,2846,2846.72,100,ok,0,0,0,0.00,0,0,0,0,0,N/A
2025-10-12 17:35:48,1825,4437.27,20,27,2846,2846.72,100,ok,0,0,0,0.00,0,0,0,0,0,N/A
2025-10-12 17:35:52,1825,4437.27,20,27,2846,2846.72,100,ok,0,0,0,0.00,0,0,0,0,0,N/A
2025-10-12 17:35:57,1737,4438.04,24,27,2846,2846.72,100,ok,0,0,0,0.00,0,0,0,0,0,N/A
2025-10-12 17:36:01,1737,4438.04,24,27,2846,2846.72,100,ok,0,0,0,0.00,0,0,0,0,0,N/A
2025-10-12 17:36:07,1842,4439.00,71,27,2846,2846.72,100,ok,0,0,0,0.00,0,0,0,0,0,N/A
2025-10-12 17:36:10,1842,4439.00,71,27,2846,2846.72,100,ok,0,0,0,0.00,0,0,0,0,0,N/A
2025-10-12 17:36:14,1835,4439.00,27,27,2846,2846.72,100,ok,0,0,0,0.00,0,0,0,0,0,N/A
2025-10-12 17:36:18,1835,4440.92,27,27,2846,2846.72,100,ok,0,0,0,0.00,0,0,0,0,0,N/A
2025-10-12 17:36:22,1835,4440.92,27,27,2846,2846.72,100,ok,0,0,0,0.00,0,0,0,0,0,N/A
2025-10-12 17:36:28,1958,4441.42,23,27,2846,2846.72,100,ok,0,0,0,0.00,0,0,0,0,0,N/A
2025-10-12 17:36:31,1958,4441.42,23,27,2846,2846.72,100,ok,0,0,0,0.00,0,0,0,0,0,N/A
2025-10-12 17:36:37,2194,4443.61,17,27,2846,2846.72,100,ok,0,0,0,0.00,0,0,0,0,0,N/A
2025-10-12 17:36:41,2194,4443.61,17,27,2846,2846.72,100,ok,0,0,0,0.00,0,0,0,0,0,N/A
2025-10-12 17:36:44,2194,4443.61,17,27,2846,2846.72,100,ok,0,0,0,0.00,0,0,0,0,0,N/A
2025-10-12 17:36:48,2159,4443.13,69,27,2846,2846.72,100,ok,0,0,0,0.00,0,0,0,0,0,N/A
2025-10-12 17:36:52,2159,4443.13,69,27,2846,2846.72,100,ok,0,0,0,0.00,0,0,0,0,0,N/A
2025-10-12 17:36:58,2228,4444.96,41,27,2846,2846.72,100,ok,0,0,0,0.00,0,0,0,0,0,N/A
2025-10-12 17:37:02,2228,4444.96,41,27,2846,2846.72,100,ok,0,0,0,0.00,0,0,0,0,0,N/A
2025-10-12 17:37:07,2122,4441.37,69,27,2846,2846.72,100,ok,0,0,0,0.00,0,0,0,0,0,N/A
2025-10-12 17:37:10,2122,4441.37,69,27,2846,2846.72,100,ok,0,0,0,0.00,0,0,0,0,0,N/A
2025-10-12 17:37:14,2122,4441.37,69,27,2846,2846.72,100,ok,0,0,0,0.00,0,0,0,0,0,N/A
2025-10-12 17:37:18,1726,4440.11,65,27,2846,2846.72,100,ok,0,0,0,0.00,0,0,0,0,0,N/A
2025-10-12 17:37:21,1726,4440.11,65,27,2846,2846.72,100,ok,0,0,0,0.00,0,0,0,0,0,N/A
2025-10-12 17:37:24,1726,4439.24,65,27,2846,2846.72,100,ok,0,0,0,0.00,0,0,0,0,0,N/A
2025-10-12 17:37:28,1354,4439.24,69,27,2846,2846.72,100,ok,0,0,0,0.00,0,0,0,0,0,N/A
2025-10-12 17:37:31,1354,4439.24,69,27,2846,2846.72,100,ok,0,0,0,0.00,0,0,0,0,0,N/A
2025-10-12 17:37:34,1354,4439.24,69,27,2846,2846.72,100,ok,0,0,0,0.00,0,0,0,0,0,N/A
2025-10-12 17:37:38,907,4439.24,72,27,2846,2846.72,100,ok,0,0,0,0.00,0,0,0,0,0,N/A
2025-10-12 17:37:41,907,4439.24,72,27,2846,2846.72,100,ok,0,0,0,0.00,0,0,0,0,0,N/A
2025-10-12 17:37:44,907,4439.24,72,27,2846,2846.72,100,ok,0,0,0,0.00,0,0,0,0,0,N/A
2025-10-12 17:37:48,619,4439.24,76,27,2846,2846.72,100,ok,0,0,0,0.00,0,0,0,0,0,N/A
2025-10-12 17:37:51,619,4439.24,76,27,2846,2846.72,100,ok,0,0,0,0.00,0,0,0,0,0,N/A
2025-10-12 17:37:54,619,4439.24,76,27,2846,2846.72,100,ok,0,0,0,0.00,0,0,0,0,0,N/A
2025-10-12 17:37:58,259,4439.24,18,27,2846,2846.72,100,ok,0,0,0,0.00,0,0,0,0,0,N/A
2025-10-12 17:38:01,259,4439.24,18,27,2846,2846.72,100,ok,0,0,0,0.00,0,0,0,0,0,N/A
2025-10-12 17:38:04,259,4439.24,18,27,2846,2846.72,100,ok,0,0,0,0.00,0,0,0,0,0,N/A
2025-10-12 17:38:08,50,4439.24,22,27,2846,2846.72,100,ok,0,0,0,0.00,0,0,0,0,0,N/A
2025-10-12 17:38:11,50,4439.24,22,27,2846,2846.72,100,ok,0,0,0,0.00,0,0,0,0,0,N/A
2025-10-12 17:38:17,0,4439.24,25,27,2846,2846.72,100,ok,0,0,0,0.00,0,0,0,0,0,N/A
2025-10-12 17:38:21,0,4439.24,25,27,2846,2846.72,100,ok,0,0,0,0.00,0,0,0,0,0,N/A
2025-10-12 17:38:24,0,4439.24,25,27,2846,2846.72,100,ok,0,0,0,0.00,0,0,0,0,0,N/A
2025-10-12 17:38:28,0,4439.24,29,27,2846,2846.72,100,ok,0,0,0,0.00,0,0,0,0,0,N/A
2025-10-12 17:38:31,0,4439.24,29,27,2846,2846.72,100,ok,0,0,0,0.00,0,0,0,0,0,N/A
2025-10-12 17:38:34,0,4439.24,29,27,2846,2846.72,100,ok,0,0,0,0.00,0,0,0,0,0,N/A
2025-10-12 17:38:38,0,4439.24,33,27,2846,2846.72,100,ok,0,0,0,0.00,0,0,0,0,0,N/A
2025-10-12 17:38:41,0,4439.24,33,27,2846,2846.72,100,ok,0,0,0,0.00,0,0,0,0,0,N/A
2025-10-12 17:38:44,0,4439.24,33,27,2846,2846.72,100,ok,0,0,0,0.00,0,0,0,0,0,N/A
2025-10-12 17:38:48,0,4439.24,36,27,2846,2846.72,100,ok,0,0,0,0.00,0,0,0,0,0,N/A
2025-10-12 17:38:51,0,4439.24,36,27,2846,2846.72,100,ok,0,0,0,0.00,0,0,0,0,0,N/A
2025-10-12 17:38:54,0,4439.24,36,27,2846,2846.72,100,ok,0,0,0,0.00,0,0,0,0,0,N/A
2025-10-12 17:38:58,0,4439.24,40,27,2846,2846.72,100,ok,0,0,0,0.00,0,0,0,0,0,N/A
2025-10-12 17:39:01,0,4439.24,40,27,2846,2846.72,100,ok,0,0,0,0.00,0,0,0,0,0,N/A
2025-10-12 17:39:06,0,4439.24,40,27,2846,2846.72,100,ok,0,0,0,0.00,0,0,0,0,0,N/A
2025-10-12 17:39:10,0,4439.24,44,27,2846,2846.72,100,ok,0,0,0,0.00,0,0,0,0,0,N/A
2025-10-12 17:39:13,0,4439.24,44,27,2846,2846.72,100,ok,0,0,0,0.00,0,0,0,0,0,N/A
2025-10-12 17:39:18,0,4439.24,44,27,2846,2846.72,100,ok,0,0,0,0.00,0,0,0,0,0,N/A
2025-10-12 17:39:21,0,4439.24,47,27,2846,2846.72,100,ok,0,0,0,0.00,0,0,0,0,0,N/A
2025-10-12 17:39:24,0,4439.24,47,27,2846,2846.72,100,ok,0,0,0,0.00,0,0,0,0,0,N/A
2025-10-12 17:39:27,0,4439.24,47,27,2846,2846.72,100,ok,0,0,0,0.00,0,0,0,0,0,N/A
2025-10-12 17:39:31,0,4439.24,51,27,2846,2846.72,100,ok,0,0,0,0.00,0,0,0,0,0,N/A
2025-10-12 17:39:34,0,4439.24,51,27,2846,2846.72,100,ok,0,0,0,0.00,0,0,0,0,0,N/A
2025-10-12 17:39:38,0,4439.24,51,27,2846,2846.72,100,ok,0,0,0,0.00,0,0,0,0,0,N/A
2025-10-12 17:39:41,0,4439.24,51,27,2846,2846.72,100,ok,0,0,0,0.00,0,0,0,0,0,N/A
2025-10-12 17:39:44,0,4439.24,54,27,2846,2846.72,100,ok,0,0,0,0.00,0,0,0,0,0,N/A
2025-10-12 17:39:48,0,4439.24,54,27,2846,2846.72,100,ok,0,0,0,0.00,0,0,0,0,0,N/A
2025-10-12 17:39:51,0,4439.24,58,27,2846,2846.72,100,ok,0,0,0,0.00,0,0,0,0,0,N/A
2025-10-12 17:39:54,0,4439.24,58,27,2846,2846.72,100,ok,0,0,0,0.00,0,0,0,0,0,N/A
2025-10-12 17:39:58,0,4439.24,58,27,2846,2846.72,100,ok,0,0,0,0.00,0,0,0,0,0,N/A
2025-10-12 17:40:01,0,4439.24,62,27,2846,2846.72,100,ok,0,0,0,0.00,0,0,0,0,0,N/A
2025-10-12 17:40:06,0,4439.24,62,27,2846,2846.72,100,ok,0,0,0,0.00,0,0,0,0,0,N/A
2025-10-12 17:40:10,0,4439.24,62,27,2846,2846.72,100,ok,0,0,0,0.00,0,0,0,0,0,N/A
2025-10-12 17:40:13,0,4439.24,67,27,2846,2846.72,100,ok,0,0,0,0.00,0,0,0,0,0,N/A
2025-10-12 17:40:17,0,4439.24,67,27,2846,2846.72,100,ok,0,0,0,0.00,0,0,0,0,0,N/A
2025-10-12 17:40:21,0,4439.24,67,27,2846,2846.72,100,ok,0,0,0,0.00,0,0,0,0,0,N/A
2025-10-12 17:40:24,0,4439.24,71,27,2846,2846.72,100,ok,0,0,0,0.00,0,0,0,0,0,N/A
2025-10-12 17:40:28,0,4439.24,71,27,2846,2846.72,100,ok,0,0,0,0.00,0,0,0,0,0,N/A
2025-10-12 17:40:31,0,4439.24,71,27,2846,2846.72,100,ok,0,0,0,0.00,0,0,0,0,0,N/A
2025-10-12 17:40:34,0,4439.24,71,27,2846,2846.72,100,ok,0,0,0,0.00,0,0,0,0,0,N/A
2025-10-12 17:40:37,0,4439.24,75,27,2846,2846.72,100,ok,0,0,0,0.00,0,0,0,0,0,N/A
2025-10-12 17:40:41,0,4439.24,75,27,2846,2846.72,100,ok,0,0,0,0.00,0,0,0,0,0,N/A
2025-10-12 17:40:46,0,4439.24,78,27,2846,2846.72,100,ok,0,0,0,0.00,0,0,0,0,0,N/A
2025-10-12 17:40:49,0,4439.24,78,27,2846,2846.72,100,ok,0,0,0,0.00,0,0,0,0,0,N/A
2025-10-12 17:40:52,0,4439.24,78,27,2846,2846.72,100,ok,0,0,0,0.00,0,0,0,0,0,N/A
2025-10-12 17:40:57,0,4439.24,82,27,2846,2846.72,100,ok,0,0,0,0.00,0,0,0,0,0,N/A
2025-10-12 17:41:01,0,4439.24,82,27,2846,2846.72,100,ok,0,0,0,0.00,0,0,0,0,0,N/A
2025-10-12 17:41:04,0,4439.24,82,27,2846,2846.72,100,ok,0,0,0,0.00,0,0,0,0,0,N/A
2025-10-12 17:41:08,0,4439.24,15,27,2846,2846.72,100,ok,0,0,0,0.00,0,0,0,0,0,N/A
2025-10-12 17:41:11,0,4439.24,15,27,2846,2846.72,100,ok,0,0,0,0.00,0,0,0,0,0,N/A
2025-10-12 17:41:16,0,4439.24,15,27,2846,2846.72,100,ok,0,0,0,0.00,0,0,0,0,0,N/A
2025-10-12 17:41:19,0,4439.24,19,27,2846,2846.72,100,ok,0,0,0,0.00,0,0,0,0,0,N/A
2025-10-12 17:41:22,0,4439.24,19,27,2846,2846.72,100,ok,0,0,0,0.00,0,0,0,0,0,N/A
2025-10-12 17:41:27,0,4439.24,19,27,2846,2846.72,100,ok,0,0,0,0.00,0,0,0,0,0,N/A
2025-10-12 17:41:30,0,4439.24,22,27,2846,2846.72,100,ok,0,0,0,0.00,0,0,0,0,0,N/A
2025-10-12 17:41:34,0,4439.24,22,27,2846,2846.72,100,ok,0,0,0,0.00,0,0,0,0,0,N/A
2025-10-12 17:41:37,0,4439.24,22,27,2846,2846.72,100,ok,0,0,0,0.00,0,0,0,0,0,N/A
2025-10-12 17:41:41,0,4439.24,26,27,2846,2846.72,100,ok,0,0,0,0.00,0,0,0,0,0,N/A
2025-10-12 17:41:44,0,4439.24,26,27,2846,2846.72,100,ok,0,0,0,0.00,0,0,0,0,0,N/A
2025-10-12 17:41:48,0,4439.24,26,27,2846,2846.72,100,ok,0,0,0,0.00,0,0,0,0,0,N/A
2025-10-12 17:41:51,0,4439.24,29,27,2846,2846.72,100,ok,0,0,0,0.00,0,0,0,0,0,N/A
2025-10-12 17:41:54,0,4439.24,29,27,2846,2846.72,100,ok,0,0,0,0.00,0,0,0,0,0,N/A
2025-10-12 17:41:58,0,4439.24,29,27,2846,2846.72,100,ok,0,0,0,0.00,0,0,0,0,0,N/A
2025-10-12 17:42:01,0,4439.24,29,27,2846,2846.72,100,ok,0,0,0,0.00,0,0,0,0,0,N/A
2025-10-12 17:42:04,0,4439.24,32,27,2846,2846.72,100,ok,0,0,0,0.00,0,0,0,0,0,N/A
2025-10-12 17:42:08,0,4439.24,32,27,2846,2846.72,100,ok,0,0,0,0.00,0,0,0,0,0,N/A
2025-10-12 17:42:11,0,4439.24,36,27,2846,2846.72,100,ok,0,0,0,0.00,0,0,0,0,0,N/A
2025-10-12 17:42:14,0,4439.24,36,27,2846,2846.72,100,ok,0,0,0,0.00,0,0,0,0,0,N/A
2025-10-12 17:42:18,0,4439.24,36,27,2846,2846.72,100,ok,0,0,0,0.00,0,0,0,0,0,N/A
2025-10-12 17:42:21,0,4439.24,36,27,2846,2846.72,100,ok,0,0,0,0.00,0,0,0,0,0,N/A
2025-10-12 17:42:26,0,4439.24,39,27,2846,2846.72,100,ok,0,0,0,0.00,0,0,0,0,0,N/A
2025-10-12 17:42:29,0,4439.24,39,27,2846,2846.72,100,ok,0,0,0,0.00,0,0,0,0,0,N/A
2025-10-12 17:42:33,0,4439.24,44,27,2846,2846.72,100,ok,0,0,0,0.00,0,0,0,0,0,N/A
2025-10-12 17:42:37,0,4439.24,44,27,2846,2846.72,100,ok,0,0,0,0.00,0,0,0,0,0,N/A
2025-10-12 17:42:41,0,4439.24,44,27,2846,2846.72,100,ok,0,0,0,0.00,0,0,0,0,0,N/A
2025-10-12 17:42:44,0,4439.24,44,27,2846,2846.72,100,ok,0,0,0,0.00,0,0,0,0,0,N/A
2025-10-12 17:42:48,0,4439.24,48,27,2846,2846.72,100,ok,0,0,0,0.00,0,0,0,0,0,N/A
2025-10-12 17:42:51,0,4439.24,48,27,2846,2846.72,100,ok,0,0,0,0.00,0,0,0,0,0,N/A
2025-10-12 17:42:54,0,4439.24,52,27,2846,2846.72,100,ok,0,0,0,0.00,0,0,0,0,0,N/A
2025-10-12 17:42:58,0,4439.24,52,27,2846,2846.72,100,ok,0,0,0,0.00,0,0,0,0,0,N/A
2025-10-12 17:43:01,0,4439.24,52,27,2846,2846.72,100,ok,0,0,0,0.00,0,0,0,0,0,N/A
2025-10-12 17:43:04,0,4439.24,55,27,2846,2846.72,100,ok,0,0,0,0.00,0,0,0,0,0,N/A
2025-10-12 17:43:07,0,4439.24,55,27,2846,2846.72,100,ok,0,0,0,0.00,0,0,0,0,0,N/A
2025-10-12 17:43:11,0,4439.24,55,27,2846,2846.72,100,ok,0,0,0,0.00,0,0,0,0,0,N/A
2025-10-12 17:43:18,0,4439.24,58,27,2846,2846.72,100,ok,0,0,0,0.00,0,0,0,0,0,N/A
2025-10-12 17:43:21,0,4439.24,58,27,2846,2846.72,100,ok,0,0,0,0.00,0,0,0,0,0,N/A
2025-10-12 17:43:24,0,4439.24,62,27,2846,2846.72,100,ok,0,0,0,0.00,0,0,0,0,0,N/A
2025-10-12 17:43:27,0,4439.24,62,27,2846,2846.72,100,ok,0,0,0,0.00,0,0,0,0,0,N/A
2025-10-12 17:43:31,0,4439.24,62,27,2846,2846.72,100,ok,0,0,0,0.00,0,0,0,0,0,N/A
2025-10-12 17:43:34,0,4439.24,62,27,2846,2846.72,100,ok,0,0,0,0.00,0,0,0,0,0,N/A
2025-10-12 17:43:37,0,4439.24,66,27,2846,2846.72,100,ok,0,0,0,0.00,0,0,0,0,0,N/A
2025-10-12 17:43:40,0,4439.24,66,27,2846,2846.72,100,ok,0,0,0,0.00,0,0,0,0,0,N/A
2025-10-12 17:43:44,0,4439.24,66,27,2846,2846.72,100,ok,0,0,0,0.00,0,0,0,0,0,N/A
2025-10-12 17:43:47,0,4439.24,69,27,2846,2846.72,100,ok,0,0,0,0.00,0,0,0,0,0,N/A
2025-10-12 17:43:51,0,4439.24,69,27,2846,2846.72,100,ok,0,0,0,0.00,0,0,0,0,0,N/A
2025-10-12 17:43:54,0,4439.24,69,27,2846,2846.72,100,ok,0,0,0,0.00,0,0,0,0,0,N/A
2025-10-12 17:43:57,0,4439.24,72,27,2846,2846.72,100,ok,0,0,0,0.00,0,0,0,0,0,N/A
2025-10-12 17:44:00,0,4439.24,72,27,2846,2846.72,100,ok,0,0,0,0.00,0,0,0,0,0,N/A
2025-10-12 17:44:04,0,4439.24,72,27,2846,2846.72,100,ok,0,0,0,0.00,0,0,0,0,0,N/A
2025-10-12 17:44:07,0,4439.24,76,27,2846,2846.72,100,ok,0,0,0,0.00,0,0,0,0,0,N/A
2025-10-12 17:44:11,0,4439.24,76,27,2846,2846.72,100,ok,0,0,0,0.00,0,0,0,0,0,N/A
2025-10-12 17:44:14,0,4439.24,76,27,2846,2846.72,100,ok,0,0,0,0.00,0,0,0,0,0,N/A
2025-10-12 17:44:17,0,4439.24,79,27,2846,2846.72,100,ok,0,0,0,0.00,0,0,0,0,0,N/A
2025-10-12 17:44:21,0,4439.24,79,27,2846,2846.72,100,ok,0,0,0,0.00,0,0,0,0,0,N/A
2025-10-12 17:44:24,0,4439.24,79,27,2846,2846.72,100,ok,0,0,0,0.00,0,0,0,0,0,N/A
2025-10-12 17:44:27,0,4439.24,83,27,2846,2846.72,100,ok,0,0,0,0.00,0,0,0,0,0,N/A
2025-10-12 17:44:31,0,4439.24,83,27,2846,2846.72,100,ok,0,0,0,0.00,0,0,0,0,0,N/A
2025-10-12 17:44:34,0,4439.24,83,27,2846,2846.72,100,ok,0,0,0,0.00,0,0,0,0,0,N/A
2025-10-12 17:44:37,0,4439.24,15,27,2846,2846.72,100,ok,0,0,0,0.00,0,0,0,0,0,N/A
2025-10-12 17:44:41,0,4439.24,15,27,2846,2846.72,100,ok,0,0,0,0.00,0,0,0,0,0,N/A
2025-10-12 17:44:44,0,4439.24,15,27,2846,2846.72,100,ok,0,0,0,0.00,0,0,0,0,0,N/A
2025-10-12 17:44:47,0,4439.24,19,27,2846,2846.72,100,ok,0,0,0,0.00,0,0,0,0,0,N/A
2025-10-12 17:44:51,0,4439.24,19,27,2846,2846.72,100,ok,0,0,0,0.00,0,0,0,0,0,N/A
2025-10-12 17:44:54,0,4439.24,19,27,2846,2846.72,100,ok,0,0,0,0.00,0,0,0,0,0,N/A
2025-10-12 17:44:57,0,4439.24,22,27,2846,2846.72,100,ok,0,0,0,0.00,0,0,0,0,0,N/A
2025-10-12 17:45:01,0,4439.24,22,27,2846,2846.72,100,ok,0,0,0,0.00,0,0,0,0,0,N/A
2025-10-12 17:45:04,0,4439.24,22,27,2846,2846.72,100,ok,0,0,0,0.00,0,0,0,0,0,N/A
2025-10-12 17:45:07,0,4439.24,25,27,2846,2846.72,100,ok,0,0,0,0.00,0,0,0,0,0,N/A
2025-10-12 17:45:10,0,4439.24,25,27,2846,2846.72,100,ok,0,0,0,0.00,0,0,0,0,0,N/A
2025-10-12 17:45:14,0,4439.24,25,27,2846,2846.72,100,ok,0,0,0,0.00,0,0,0,0,0,N/A
2025-10-12 17:45:18,0,4439.24,29,27,2846,2846.72,100,ok,0,0,0,0.00,0,0,0,0,0,N/A
2025-10-12 17:45:21,0,4439.24,29,27,2846,2846.72,100,ok,0,0,0,0.00,0,0,0,0,0,N/A
2025-10-12 17:45:24,0,4439.24,29,27,2846,2846.72,100,ok,0,0,0,0.00,0,0,0,0,0,N/A
2025-10-12 17:45:27,0,4439.24,32,27,2846,2846.72,100,ok,0,0,0,0.00,0,0,0,0,0,N/A
2025-10-12 17:45:30,0,4439.24,32,27,2846,2846.72,100,ok,0,0,0,0.00,0,0,0,0,0,N/A
2025-10-12 17:45:34,0,4439.24,32,27,2846,2846.72,100,ok,0,0,0,0.00,0,0,0,0,0,N/A
2025-10-12 17:45:38,0,4439.24,35,27,2846,2846.72,100,ok,0,0,0,0.00,0,0,0,0,0,N/A
2025-10-12 17:45:41,0,4439.24,35,27,2846,2846.72,100,ok,0,0,0,0.00,0,0,0,0,0,N/A
2025-10-12 17:45:44,0,4439.24,35,27,2846,2846.72,100,ok,0,0,0,0.00,0,0,0,0,0,N/A
2025-10-12 17:45:47,0,4439.24,39,27,2846,2846.72,100,ok,0,0,0,0.00,0,0,0,0,0,N/A
2025-10-12 17:45:51,0,4439.24,39,27,2846,2846.72,100,ok,0,0,0,0.00,0,0,0,0,0,N/A
2025-10-12 17:45:54,0,4439.24,39,27,2846,2846.72,100,ok,0,0,0,0.00,0,0,0,0,0,N/A
2025-10-12 17:45:57,0,4439.24,42,27,2846,2846.72,100,ok,0,0,0,0.00,0,0,0,0,0,N/A
2025-10-12 17:46:01,0,4439.24,42,27,2846,2846.72,100,ok,0,0,0,0.00,0,0,0,0,0,N/A
2025-10-12 17:46:04,0,4439.24,42,27,2846,2846.72,100,ok,0,0,0,0.00,0,0,0,0,0,N/A
2025-10-12 17:46:08,0,4439.24,46,27,2846,2846.72,100,ok,0,0,0,0.00,0,0,0,0,0,N/A
2025-10-12 17:46:11,0,4439.24,46,27,2846,2846.72,100,ok,0,0,0,0.00,0,0,0,0,0,N/A
2025-10-12 17:46:14,0,4439.24,46,27,2846,2846.72,100,ok,0,0,0,0.00,0,0,0,0,0,N/A
2025-10-12 17:46:17,0,4439.24,49,27,2846,2846.72,100,ok,0,0,0,0.00,0,0,0,0,0,N/A
2025-10-12 17:46:21,0,4439.24,49,27,2846,2846.72,100,ok,0,0,0,0.00,0,0,0,0,0,N/A
2025-10-12 17:46:24,0,4439.24,49,27,2846,2846.72,100,ok,0,0,0,0.00,0,0,0,0,0,N/A
2025-10-12 17:46:28,0,4439.24,52,27,2846,2846.72,100,ok,0,0,0,0.00,0,0,0,0,0,N/A
2025-10-12 17:46:31,0,4439.24,52,27,2846,2846.72,100,ok,0,0,0,0.00,0,0,0,0,0,N/A
2025-10-12 17:46:34,0,4439.24,52,27,2846,2846.72,100,ok,0,0,0,0.00,0,0,0,0,0,N/A
2025-10-12 17:46:37,0,4439.24,56,27,2846,2846.72,100,ok,0,0,0,0.00,0,0,0,0,0,N/A
2025-10-12 17:46:40,0,4439.24,56,27,2846,2846.72,100,ok,0,0,0,0.00,0,0,0,0,0,N/A
2025-10-12 17:46:44,0,4439.24,56,27,2846,2846.72,100,ok,0,0,0,0.00,0,0,0,0,0,N/A
2025-10-12 17:46:48,0,4439.24,59,27,2846,2846.72,100,ok,0,0,0,0.00,0,0,0,0,0,N/A
2025-10-12 17:46:51,0,4439.24,59,27,2846,2846.72,100,ok,0,0,0,0.00,0,0,0,0,0,N/A
2025-10-12 17:46:54,0,4439.24,59,27,2846,2846.72,100,ok,0,0,0,0.00,0,0,0,0,0,N/A
2025-10-12 17:46:57,0,4439.24,59,27,2846,2846.72,100,ok,0,0,0,0.00,0,0,0,0,0,N/A
2025-10-12 17:47:01,0,4439.24,63,27,2846,2846.72,100,ok,0,0,0,0.00,0,0,0,0,0,N/A
2025-10-12 17:47:04,0,4439.24,63,27,2846,2846.72,100,ok,0,0,0,0.00,0,0,0,0,0,N/A
2025-10-12 17:47:07,0,4439.24,63,27,2846,2846.72,100,ok,0,0,0,0.00,0,0,0,0,0,N/A
2025-10-12 17:47:11,0,4439.24,66,27,2846,2846.72,100,ok,0,0,0,0.00,0,0,0,0,0,N/A
2025-10-12 17:47:14,0,4439.24,66,27,2846,2846.72,100,ok,0,0,0,0.00,0,0,0,0,0,N/A
2025-10-12 17:47:17,0,4439.24,66,27,2846,2846.72,100,ok,0,0,0,0.00,0,0,0,0,0,N/A
2025-10-12 17:47:21,0,4439.24,69,27,2846,2846.72,100,ok,0,0,0,0.00,0,0,0,0,0,N/A
2025-10-12 17:47:24,0,4439.24,69,27,2846,2846.72,100,ok,0,0,0,0.00,0,0,0,0,0,N/A
2025-10-12 17:47:27,0,4439.24,69,27,2846,2846.72,100,ok,0,0,0,0.00,0,0,0,0,0,N/A
2025-10-12 17:47:31,0,4439.24,73,27,2846,2846.72,100,ok,0,0,0,0.00,0,0,0,0,0,N/A
2025-10-12 17:47:34,0,4439.24,73,27,2846,2846.72,100,ok,0,0,0,0.00,0,0,0,0,0,N/A
2025-10-12 17:47:38,0,4439.24,73,27,2846,2846.72,100,ok,0,0,0,0.00,0,0,0,0,0,N/A
2025-10-12 17:47:41,0,4439.24,76,27,2846,2846.72,100,ok,0,0,0,0.00,0,0,0,0,0,N/A
2025-10-12 17:47:44,0,4439.24,76,27,2846,2846.72,100,ok,0,0,0,0.00,0,0,0,0,0,N/A
2025-10-12 17:47:48,0,4439.24,76,27,2846,2846.72,100,ok,0,0,0,0.00,0,0,0,0,0,N/A
2025-10-12 17:47:51,0,4439.24,80,27,2846,2846.72,100,ok,0,0,0,0.00,0,0,0,0,0,N/A
2025-10-12 17:47:54,0,4439.24,80,27,2846,2846.72,100,ok,0,0,0,0.00,0,0,0,0,0,N/A
2025-10-12 17:47:58,0,4439.24,80,27,2846,2846.72,100,ok,0,0,0,0.00,0,0,0,0,0,N/A
2025-10-12 17:48:02,0,4439.24,83,27,2846,2846.72,100,ok,0,0,0,0.00,0,0,0,0,0,N/A
2025-10-12 17:48:06,0,4439.24,83,27,2846,2846.72,100,ok,0,0,0,0.00,0,0,0,0,0,N/A
2025-10-12 17:48:09,0,4439.24,83,27,2846,2846.72,100,ok,0,0,0,0.00,0,0,0,0,0,N/A
2025-10-12 17:48:17,0,4439.24,87,27,2846,2846.72,100,ok,0,0,0,0.00,0,0,0,0,0,N/A
2025-10-12 17:48:20,0,4439.24,18,28,2846,2846.72,100,ok,0,0,0,0.00,0,0,0,0,0,N/A
2025-10-12 17:48:24,0,4439.24,18,28,2846,2846.72,100,ok,0,0,0,0.00,0,0,0,0,0,N/A
2025-10-12 17:48:27,0,4439.24,18,28,2846,2846.72,100,ok,0,0,0,0.00,0,0,0,0,0,N/A
2025-10-12 17:48:31,0,4439.24,22,28,2846,2846.72,100,ok,0,0,0,0.00,0,0,0,0,0,N/A
2025-10-12 17:48:34,0,4439.24,22,28,2846,2846.72,100,ok,0,0,0,0.00,0,0,0,0,0,N/A
2025-10-12 17:48:37,0,4439.24,22,28,2846,2846.72,100,ok,0,0,0,0.00,0,0,0,0,0,N/A
2025-10-12 17:48:40,0,4439.24,22,28,2846,2846.72,100,ok,0,0,0,0.00,0,0,0,0,0,N/A
2025-10-12 17:48:44,0,4439.24,25,28,2846,2846.72,100,ok,0,0,0,0.00,0,0,0,0,0,N/A
2025-10-12 17:48:48,0,4439.24,25,28,2846,2846.72,100,ok,0,0,0,0.00,0,0,0,0,0,N/A
2025-10-12 17:48:51,0,4439.24,28,28,2846,2846.72,100,ok,0,0,0,0.00,0,0,0,0,0,N/A
2025-10-12 17:48:54,0,4439.24,28,28,2846,2846.72,100,ok,0,0,0,0.00,0,0,0,0,0,N/A
2025-10-12 17:48:57,0,4439.24,28,28,2846,2846.72,100,ok,0,0,0,0.00,0,0,0,0,0,N/A
2025-10-12 17:49:01,0,4439.24,28,28,2846,2846.72,100,ok,0,0,0,0.00,0,0,0,0,0,N/A
2025-10-12 17:49:04,0,4439.24,32,28,2846,2846.72,100,ok,0,0,0,0.00,0,0,0,0,0,N/A
2025-10-12 17:49:07,0,4439.24,32,28,2846,2846.72,100,ok,0,0,0,0.00,0,0,0,0,0,N/A
2025-10-12 17:49:10,0,4439.24,32,28,2846,2846.72,100,ok,0,0,0,0.00,0,0,0,0,0,N/A
2025-10-12 17:49:14,0,4439.24,35,28,2846,2846.72,100,ok,0,0,0,0.00,0,0,0,0,0,N/A
2025-10-12 17:49:17,0,4439.24,35,28,2846,2846.72,100,ok,0,0,0,0.00,0,0,0,0,0,N/A
2025-10-12 17:49:21,0,4439.24,39,28,2846,2846.72,100,ok,0,0,0,0.00,0,0,0,0,0,N/A
2025-10-12 17:49:24,0,4439.24,39,28,2846,2846.72,100,ok,0,0,0,0.00,0,0,0,0,0,N/A
2025-10-12 17:49:27,0,4439.24,39,28,2846,2846.72,100,ok,0,0,0,0.00,0,0,0,0,0,N/A
2025-10-12 17:49:31,0,4439.24,39,28,2846,2846.72,100,ok,0,0,0,0.00,0,0,0,0,0,N/A
2025-10-12 17:49:34,0,4439.24,42,28,2846,2846.72,100,ok,0,0,0,0.00,0,0,0,0,0,N/A
2025-10-12 17:49:38,0,4439.24,42,28,2846,2846.72,100,ok,0,0,0,0.00,0,0,0,0,0,N/A
2025-10-12 17:49:41,0,4439.24,45,28,2846,2846.72,100,ok,0,0,0,0.00,0,0,0,0,0,N/A
2025-10-12 17:49:44,0,4439.24,45,28,2846,2846.72,100,ok,0,0,0,0.00,0,0,0,0,0,N/A
2025-10-12 17:49:48,0,4439.24,45,28,2846,2846.72,100,ok,0,0,0,0.00,0,0,0,0,0,N/A
2025-10-12 17:49:51,0,4439.24,45,28,2846,2846.72,100,ok,0,0,0,0.00,0,0,0,0,0,N/A
2025-10-12 17:49:54,0,4439.24,49,28,2846,2846.72,100,ok,0,0,0,0.00,0,0,0,0,0,N/A
2025-10-12 17:49:57,0,4439.24,49,28,2846,2846.72,100,ok,0,0,0,0.00,0,0,0,0,0,N/A
2025-10-12 17:50:01,0,4439.24,49,28,2846,2846.72,100,ok,0,0,0,0.00,0,0,0,0,0,N/A
2025-10-12 17:50:04,0,4439.24,52,28,2846,2846.72,100,ok,0,0,0,0.00,0,0,0,0,0,N/A
2025-10-12 17:50:07,0,4439.24,52,28,2846,2846.72,100,ok,0,0,0,0.00,0,0,0,0,0,N/A
2025-10-12 17:50:11,0,4439.24,52,28,2846,2846.72,100,ok,0,0,0,0.00,0,0,0,0,0,N/A
2025-10-12 17:50:14,0,4439.24,55,28,2846,2846.72,100,ok,0,0,0,0.00,0,0,0,0,0,N/A
2025-10-12 17:50:17,0,4439.24,55,28,2846,2846.72,100,ok,0,0,0,0.00,0,0,0,0,0,N/A
2025-10-12 17:50:21,0,4439.24,55,28,2846,2846.72,100,ok,0,0,0,0.00,0,0,0,0,0,N/A
2025-10-12 17:50:24,0,4439.24,59,28,2846,2846.72,100,ok,0,0,0,0.00,0,0,0,0,0,N/A
2025-10-12 17:50:27,0,4439.24,59,28,2846,2846.72,100,ok,0,0,0,0.00,0,0,0,0,0,N/A
2025-10-12 17:50:31,0,4439.24,59,28,2846,2846.72,100,ok,0,0,0,0.00,0,0,0,0,0,N/A
2025-10-12 17:50:34,0,4439.24,62,28,2846,2846.72,100,ok,0,0,0,0.00,0,0,0,0,0,N/A
2025-10-12 17:50:37,0,4439.24,62,28,2846,2846.72,100,ok,0,0,0,0.00,0,0,0,0,0,N/A
2025-10-12 17:50:41,0,4439.24,62,28,2846,2846.72,100,ok,0,0,0,0.00,0,0,0,0,0,N/A
2025-10-12 17:50:44,0,4439.24,66,28,2846,2846.72,100,ok,0,0,0,0.00,0,0,0,0,0,N/A
2025-10-12 17:50:48,0,4439.24,66,28,2846,2846.72,100,ok,0,0,0,0.00,0,0,0,0,0,N/A
2025-10-12 17:50:51,0,4439.24,66,28,2846,2846.72,100,ok,0,0,0,0.00,0,0,0,0,0,N/A
2025-10-12 17:50:54,0,4439.24,69,28,2846,2846.72,100,ok,0,0,0,0.00,0,0,0,0,0,N/A
2025-10-12 17:50:58,0,4439.24,69,28,2846,2846.72,100,ok,0,0,0,0.00,0,0,0,0,0,N/A
2025-10-12 17:51:01,0,4439.24,69,28,2846,2846.72,100,ok,0,0,0,0.00,0,0,0,0,0,N/A
2025-10-12 17:51:04,0,4439.24,72,28,2846,2846.72,100,ok,0,0,0,0.00,0,0,0,0,0,N/A
2025-10-12 17:51:07,0,4439.24,72,28,2846,2846.72,100,ok,0,0,0,0.00,0,0,0,0,0,N/A
2025-10-12 17:51:11,0,4439.24,72,28,2846,2846.72,100,ok,0,0,0,0.00,0,0,0,0,0,N/A
2025-10-12 17:51:14,0,4439.24,76,28,2846,2846.72,100,ok,0,0,0,0.00,0,0,0,0,0,N/A
2025-10-12 17:51:17,0,4439.24,76,28,2846,2846.72,100,ok,0,0,0,0.00,0,0,0,0,0,N/A
2025-10-12 17:51:21,0,4439.24,76,28,2846,2846.72,100,ok,0,0,0,0.00,0,0,0,0,0,N/A
2025-10-12 17:51:24,0,4439.24,79,28,2846,2846.72,100,ok,0,0,0,0.00,0,0,0,0,0,N/A
2025-10-12 17:51:28,0,4439.24,79,28,2846,2846.72,100,ok,0,0,0,0.00,0,0,0,0,0,N/A
2025-10-12 17:51:31,0,4439.24,79,28,2846,2846.72,100,ok,0,0,0,0.00,0,0,0,0,0,N/A
2025-10-12 17:51:34,0,4439.24,84,28,2846,2846.72,100,ok,0,0,0,0.00,0,0,0,0,0,N/A
2025-10-12 17:51:38,0,4439.24,84,28,2846,2846.72,100,ok,0,0,0,0.00,0,0,0,0,0,N/A
2025-10-12 17:51:41,0,4439.24,84,28,2846,2846.72,100,ok,0,0,0,0.00,0,0,0,0,0,N/A
2025-10-12 17:51:44,0,4439.24,17,28,2846,2846.72,100,ok,0,0,0,0.00,0,0,0,0,0,N/A
2025-10-12 17:51:48,0,4439.24,17,28,2846,2846.72,100,ok,0,0,0,0.00,0,0,0,0,0,N/A
2025-10-12 17:51:51,0,4439.24,17,28,2846,2846.72,100,ok,0,0,0,0.00,0,0,0,0,0,N/A
2025-10-12 17:51:54,0,4439.24,17,28,2846,2846.72,100,ok,0,0,0,0.00,0,0,0,0,0,N/A
2025-10-12 17:51:58,0,4439.24,20,28,2846,2846.72,100,ok,0,0,0,0.00,0,0,0,0,0,N/A
2025-10-12 17:52:01,0,4439.24,20,28,2846,2846.72,100,ok,0,0,0,0.00,0,0,0,0,0,N/A
2025-10-12 17:52:04,0,4439.24,20,28,2846,2846.72,100,ok,0,0,0,0.00,0,0,0,0,0,N/A
2025-10-12 17:52:07,0,4439.24,23,28,2846,2846.72,100,ok,0,0,0,0.00,0,0,0,0,0,N/A
2025-10-12 17:52:11,0,4439.24,23,28,2846,2846.72,100,ok,0,0,0,0.00,0,0,0,0,0,N/A
2025-10-12 17:52:14,0,4439.24,23,28,2846,2846.72,100,ok,0,0,0,0.00,0,0,0,0,0,N/A
2025-10-12 17:52:17,0,4439.24,27,28,2846,2846.72,100,ok,0,0,0,0.00,0,0,0,0,0,N/A
2025-10-12 17:52:20,0,4439.24,27,28,2846,2846.72,100,ok,0,0,0,0.00,0,0,0,0,0,N/A
2025-10-12 17:52:24,0,4439.24,27,28,2846,2846.72,100,ok,0,0,0,0.00,0,0,0,0,0,N/A
2025-10-12 17:52:27,0,4439.24,30,28,2846,2846.72,100,ok,0,0,0,0.00,0,0,0,0,0,N/A
2025-10-12 17:52:31,0,4439.24,30,28,2846,2846.72,100,ok,0,0,0,0.00,0,0,0,0,0,N/A
2025-10-12 17:52:34,0,4439.24,30,28,2846,2846.72,100,ok,0,0,0,0.00,0,0,0,0,0,N/A
2025-10-12 17:52:38,0,4439.24,34,28,2846,2846.72,100,ok,0,0,0,0.00,0,0,0,0,0,N/A
2025-10-12 17:52:41,0,4439.24,34,28,2846,2846.72,100,ok,0,0,0,0.00,0,0,0,0,0,N/A
2025-10-12 17:52:44,0,4439.24,34,28,2846,2846.72,100,ok,0,0,0,0.00,0,0,0,0,0,N/A
2025-10-12 17:52:48,0,4439.24,37,28,2846,2846.72,100,ok,0,0,0,0.00,0,0,0,0,0,N/A
2025-10-12 17:52:51,0,4439.24,37,28,2846,2846.72,100,ok,0,0,0,0.00,0,0,0,0,0,N/A
2025-10-12 17:52:54,0,4439.24,37,28,2846,2846.72,100,ok,0,0,0,0.00,0,0,0,0,0,N/A
2025-10-12 17:52:58,0,4439.24,40,28,2846,2846.72,100,ok,0,0,0,0.00,0,0,0,0,0,N/A
2025-10-12 17:53:01,0,4439.24,40,28,2846,2846.72,100,ok,0,0,0,0.00,0,0,0,0,0,N/A
2025-10-12 17:53:04,0,4439.24,40,28,2846,2846.72,100,ok,0,0,0,0.00,0,0,0,0,0,N/A
2025-10-12 17:53:07,0,4439.24,44,28,2846,2846.72,100,ok,0,0,0,0.00,0,0,0,0,0,N/A
2025-10-12 17:53:11,0,4439.24,44,28,2846,2846.72,100,ok,0,0,0,0.00,0,0,0,0,0,N/A
2025-10-12 17:53:17,0,4439.24,47,28,2846,2846.72,100,ok,0,0,0,0.00,0,0,0,0,0,N/A
2025-10-12 17:53:21,0,4439.24,47,28,2846,2846.72,100,ok,0,0,0,0.00,0,0,0,0,0,N/A
2025-10-12 17:53:24,0,4439.24,47,28,2846,2846.72,100,ok,0,0,0,0.00,0,0,0,0,0,N/A
2025-10-12 17:53:27,0,4439.24,50,28,2846,2846.72,100,ok,0,0,0,0.00,0,0,0,0,0,N/A
2025-10-12 17:53:31,0,4439.24,50,28,2846,2846.72,100,ok,0,0,0,0.00,0,0,0,0,0,N/A
2025-10-12 17:53:34,0,4439.24,50,28,2846,2846.72,100,ok,0,0,0,0.00,0,0,0,0,0,N/A
2025-10-12 17:53:37,0,4439.24,54,28,2846,2846.72,100,ok,0,0,0,0.00,0,0,0,0,0,N/A
2025-10-12 17:53:41,0,4439.24,54,28,2846,2846.72,100,ok,0,0,0,0.00,0,0,0,0,0,N/A
2025-10-12 17:53:44,0,4439.24,54,28,2846,2846.72,100,ok,0,0,0,0.00,0,0,0,0,0,N/A
2025-10-12 17:53:47,0,4439.24,57,28,2846,2846.72,100,ok,0,0,0,0.00,0,0,0,0,0,N/A
2025-10-12 17:53:50,0,4439.24,57,28,2846,2846.72,100,ok,0,0,0,0.00,0,0,0,0,0,N/A
2025-10-12 17:53:54,0,4439.24,57,28,2846,2846.72,100,ok,0,0,0,0.00,0,0,0,0,0,N/A
2025-10-12 17:53:58,0,4439.24,61,28,2846,2846.72,100,ok,0,0,0,0.00,0,0,0,0,0,N/A
2025-10-12 17:54:01,0,4439.24,61,28,2846,2846.72,100,ok,0,0,0,0.00,0,0,0,0,0,N/A
2025-10-12 17:54:04,0,4439.24,61,28,2846,2846.72,100,ok,0,0,0,0.00,0,0,0,0,0,N/A
2025-10-12 17:54:08,0,4439.24,64,28,2846,2846.72,100,ok,0,0,0,0.00,0,0,0,0,0,N/A
2025-10-12 17:54:11,0,4439.24,64,28,2846,2846.72,100,ok,0,0,0,0.00,0,0,0,0,0,N/A
2025-10-12 17:54:14,0,4439.24,64,28,2846,2846.72,100,ok,0,0,0,0.00,0,0,0,0,0,N/A
2025-10-12 17:54:18,0,4439.24,67,28,2846,2846.72,100,ok,0,0,0,0.00,0,0,0,0,0,N/A
2025-10-12 17:54:21,0,4439.24,67,28,2846,2846.72,100,ok,0,0,0,0.00,0,0,0,0,0,N/A
2025-10-12 17:54:26,0,4439.24,71,28,2846,2846.72,100,ok,0,0,0,0.00,0,0,0,0,0,N/A
2025-10-12 17:54:29,0,4439.24,71,28,2846,2846.72,100,ok,0,0,0,0.00,0,0,0,0,0,N/A
2025-10-12 17:54:33,0,4439.24,71,28,2846,2846.72,100,ok,0,0,0,0.00,0,0,0,0,0,N/A
2025-10-12 17:54:38,0,4439.24,74,28,2846,2846.72,100,ok,0,0,0,0.00,0,0,0,0,0,N/A
2025-10-12 17:54:41,0,4439.24,74,28,2846,2846.72,100,ok,0,0,0,0.00,0,0,0,0,0,N/A
2025-10-12 17:54:44,0,4439.24,74,28,2846,2846.72,100,ok,0,0,0,0.00,0,0,0,0,0,N/A
2025-10-12 17:54:48,0,4439.24,74,28,2846,2846.72,100,ok,0,0,0,0.00,0,0,0,0,0,N/A
2025-10-12 17:54:51,0,4439.24,78,28,2846,2846.72,100,ok,0,0,0,0.00,0,0,0,0,0,N/A
2025-10-12 17:54:54,0,4439.24,78,28,2846,2846.72,100,ok,0,0,0,0.00,0,0,0,0,0,N/A
2025-10-12 17:54:57,0,4439.24,78,28,2846,2846.72,100,ok,0,0,0,0.00,0,0,0,0,0,N/A
2025-10-12 17:55:00,0,4439.24,81,28,2846,2846.72,100,ok,0,0,0,0.00,0,0,0,0,0,N/A
2025-10-12 17:55:04,0,4439.24,81,28,2846,2846.72,100,ok,0,0,0,0.00,0,0,0,0,0,N/A
2025-10-12 17:55:08,0,4439.24,84,28,2846,2846.72,100,ok,0,0,0,0.00,0,0,0,0,0,N/A
2025-10-12 17:55:11,0,4439.24,84,28,2846,2846.72,100,ok,0,0,0,0.00,0,0,0,0,0,N/A
2025-10-12 17:55:14,0,4439.24,84,28,2846,2846.72,100,ok,0,0,0,0.00,0,0,0,0,0,N/A
2025-10-12 17:55:17,0,4439.24,84,28,2846,2846.72,100,ok,0,0,0,0.00,0,0,0,0,0,N/A
2025-10-12 17:55:21,0,4439.24,16,28,2846,2846.72,100,ok,0,0,0,0.00,0,0,0,0,0,N/A
2025-10-12 17:55:24,0,4439.24,16,28,2846,2846.72,100,ok,0,0,0,0.00,0,0,0,0,0,N/A
2025-10-12 17:55:28,0,4439.24,20,28,2846,2846.72,100,ok,0,0,0,0.00,0,0,0,0,0,N/A
2025-10-12 17:55:31,0,4439.24,20,28,2846,2846.72,100,ok,0,0,0,0.00,0,0,0,0,0,N/A
2025-10-12 17:55:34,0,4439.24,20,28,2846,2846.72,100,ok,0,0,0,0.00,0,0,0,0,0,N/A
2025-10-12 17:55:38,0,4439.24,20,28,2846,2846.72,100,ok,0,0,0,0.00,0,0,0,0,0,N/A
2025-10-12 17:55:42,0,4439.24,23,28,2846,2846.72,100,ok,0,0,0,0.00,0,0,0,0,0,N/A
2025-10-12 17:55:47,0,4439.24,23,28,2846,2846.72,100,ok,0,0,0,0.00,0,0,0,0,0,N/A
2025-10-12 17:55:50,0,4439.24,26,28,2846,2846.72,100,ok,0,0,0,0.00,0,0,0,0,0,N/A
2025-10-12 17:55:54,0,4439.24,26,28,2846,2846.72,100,ok,0,0,0,0.00,0,0,0,0,0,N/A
2025-10-12 17:55:57,0,4439.24,26,28,2846,2846.72,100,ok,0,0,0,0.00,0,0,0,0,0,N/A
2025-10-12 17:56:01,0,4439.24,30,28,2846,2846.72,100,ok,0,0,0,0.00,0,0,0,0,0,N/A
2025-10-12 17:56:04,0,4439.24,30,28,2846,2846.72,100,ok,0,0,0,0.00,0,0,0,0,0,N/A
2025-10-12 17:56:07,0,4439.24,30,28,2846,2846.72,100,ok,0,0,0,0.00,0,0,0,0,0,N/A
2025-10-12 17:56:10,0,4439.24,30,28,2846,2846.72,100,ok,0,0,0,0.00,0,0,0,0,0,N/A
2025-10-12 17:56:14,0,4439.24,33,28,2846,2846.72,100,ok,0,0,0,0.00,0,0,0,0,0,N/A
2025-10-12 17:56:18,0,4439.24,33,28,2846,2846.72,100,ok,0,0,0,0.00,0,0,0,0,0,N/A
2025-10-12 17:56:21,0,4439.24,37,28,2846,2846.72,100,ok,0,0,0,0.00,0,0,0,0,0,N/A
2025-10-12 17:56:24,0,4439.24,37,28,2846,2846.72,100,ok,0,0,0,0.00,0,0,0,0,0,N/A
2025-10-12 17:56:28,0,4439.24,37,28,2846,2846.72,100,ok,0,0,0,0.00,0,0,0,0,0,N/A
2025-10-12 17:56:31,0,4439.24,40,28,2846,2846.72,100,ok,0,0,0,0.00,0,0,0,0,0,N/A
2025-10-12 17:56:36,0,4439.24,40,28,2846,2846.72,100,ok,0,0,0,0.00,0,0,0,0,0,N/A
2025-10-12 17:56:40,0,4439.24,40,28,2846,2846.72,100,ok,0,0,0,0.00,0,0,0,0,0,N/A
2025-10-12 17:56:43,0,4439.24,45,28,2846,2846.72,100,ok,0,0,0,0.00,0,0,0,0,0,N/A
2025-10-12 17:56:47,0,4439.24,45,28,2846,2846.72,100,ok,0,0,0,0.00,0,0,0,0,0,N/A
2025-10-12 17:56:51,0,4439.24,45,28,2846,2846.72,100,ok,0,0,0,0.00,0,0,0,0,0,N/A
2025-10-12 17:56:57,0,4439.24,49,28,2846,2846.72,100,ok,0,0,0,0.00,0,0,0,0,0,N/A
2025-10-12 17:57:00,0,4439.24,49,28,2846,2846.72,100,ok,0,0,0,0.00,0,0,0,0,0,N/A
2025-10-12 17:57:03,0,4439.24,49,28,2846,2846.72,100,ok,0,0,0,0.00,0,0,0,0,0,N/A
2025-10-12 17:57:08,0,4439.24,52,28,2846,2846.72,100,ok,0,0,0,0.00,0,0,0,0,0,N/A
2025-10-12 17:57:11,0,4439.24,52,28,2846,2846.72,100,ok,0,0,0,0.00,0,0,0,0,0,N/A
2025-10-12 17:57:14,0,4439.24,56,28,2846,2846.72,100,ok,0,0,0,0.00,0,0,0,0,0,N/A
2025-10-12 17:57:18,0,4439.24,56,28,2846,2846.72,100,ok,0,0,0,0.00,0,0,0,0,0,N/A
2025-10-12 17:57:21,0,4439.24,56,28,2846,2846.72,100,ok,0,0,0,0.00,0,0,0,0,0,N/A
2025-10-12 17:57:24,0,4439.24,59,28,2846,2846.72,100,ok,0,0,0,0.00,0,0,0,0,0,N/A
2025-10-12 17:57:28,0,4439.24,59,28,2846,2846.72,100,ok,0,0,0,0.00,0,0,0,0,0,N/A
2025-10-12 17:57:31,0,4439.24,59,28,2846,2846.72,100,ok,0,0,0,0.00,0,0,0,0,0,N/A
2025-10-12 17:57:34,0,4439.24,59,28,2846,2846.72,100,ok,0,0,0,0.00,0,0,0,0,0,N/A
2025-10-12 17:57:37,0,4439.24,63,28,2846,2846.72,100,ok,0,0,0,0.00,0,0,0,0,0,N/A
2025-10-12 17:57:40,0,4439.24,63,28,2846,2846.72,100,ok,0,0,0,0.00,0,0,0,0,0,N/A
2025-10-12 17:57:44,0,4439.24,63,28,2846,2846.72,100,ok,0,0,0,0.00,0,0,0,0,0,N/A
2025-10-12 17:57:47,0,4439.24,66,28,2846,2846.72,100,ok,0,0,0,0.00,0,0,0,0,0,N/A
2025-10-12 17:57:51,0,4439.24,66,28,2846,2846.72,100,ok,0,0,0,0.00,0,0,0,0,0,N/A
2025-10-12 17:57:54,0,4439.24,66,28,2846,2846.72,100,ok,0,0,0,0.00,0,0,0,0,0,N/A
2025-10-12 17:57:57,0,4439.24,69,28,2846,2846.72,100,ok,0,0,0,0.00,0,0,0,0,0,N/A
2025-10-12 17:58:01,0,4439.24,69,28,2846,2846.72,100,ok,0,0,0,0.00,0,0,0,0,0,N/A
2025-10-12 17:58:06,0,4439.24,73,28,2846,2846.72,100,ok,0,0,0,0.00,0,0,0,0,0,N/A
2025-10-12 17:58:09,0,4439.24,73,28,2846,2846.72,100,ok,0,0,0,0.00,0,0,0,0,0,N/A
2025-10-12 17:58:17,0,4439.24,76,28,2846,2846.72,100,ok,0,0,0,0.00,0,0,0,0,0,N/A
2025-10-12 17:58:20,0,4439.24,76,28,2846,2846.72,100,ok,0,0,0,0.00,0,0,0,0,0,N/A
2025-10-12 17:58:23,0,4439.24,76,28,2846,2846.72,100,ok,0,0,0,0.00,0,0,0,0,0,N/A
2025-10-12 17:58:27,0,4439.24,79,28,2846,2846.72,100,ok,0,0,0,0.00,0,0,0,0,0,N/A
2025-10-12 17:58:31,0,4439.24,79,28,2846,2846.72,100,ok,0,0,0,0.00,0,0,0,0,0,N/A
2025-10-12 17:58:34,0,4439.24,79,28,2846,2846.72,100,ok,0,0,0,0.00,0,0,0,0,0,N/A
2025-10-12 17:58:38,0,4439.24,83,28,2846,2846.72,100,ok,0,0,0,0.00,0,0,0,0,0,N/A
2025-10-12 17:58:41,0,4439.24,83,28,2846,2846.72,100,ok,0,0,0,0.00,0,0,0,0,0,N/A
2025-10-12 17:58:44,0,4439.24,83,28,2846,2846.72,100,ok,0,0,0,0.00,0,0,0,0,0,N/A
2025-10-12 17:58:48,0,4439.24,15,28,2846,2846.72,100,ok,0,0,0,0.00,0,0,0,0,0,N/A
2025-10-12 17:58:51,0,4439.24,15,28,2846,2846.72,100,ok,0,0,0,0.00,0,0,0,0,0,N/A
2025-10-12 17:58:56,0,4439.24,15,28,2846,2846.72,100,ok,0,0,0,0.00,0,0,0,0,0,N/A
2025-10-12 17:59:00,0,4439.24,19,28,2846,2846.72,100,ok,0,0,0,0.00,0,0,0,0,0,N/A
2025-10-12 17:59:04,0,4439.24,19,28,2846,2846.72,100,ok,0,0,0,0.00,0,0,0,0,0,N/A
2025-10-12 17:59:08,0,4439.24,19,28,2846,2846.72,100,ok,0,0,0,0.00,0,0,0,0,0,N/A
2025-10-12 17:59:11,0,4439.24,22,28,2846,2846.72,100,ok,0,0,0,0.00,0,0,0,0,0,N/A
2025-10-12 17:59:14,0,4439.24,22,28,2846,2846.72,100,ok,0,0,0,0.00,0,0,0,0,0,N/A
2025-10-12 17:59:18,0,4439.24,22,28,2846,2846.72,100,ok,0,0,0,0.00,0,0,0,0,0,N/A
2025-10-12 17:59:21,0,4439.24,25,28,2846,2846.72,100,ok,0,0,0,0.00,0,0,0,0,0,N/A
2025-10-12 17:59:24,0,4439.24,25,28,2846,2846.72,100,ok,0,0,0,0.00,0,0,0,0,0,N/A
2025-10-12 17:59:28,0,4439.24,25,28,2846,2846.72,100,ok,0,0,0,0.00,0,0,0,0,0,N/A
2025-10-12 17:59:32,0,4439.24,29,28,2846,2846.72,100,ok,0,0,0,0.00,0,0,0,0,0,N/A
2025-10-12 17:59:37,0,4439.24,29,28,2846,2846.72,100,ok,0,0,0,0.00,0,0,0,0,0,N/A
2025-10-12 17:59:40,0,4439.24,32,28,2846,2846.72,100,ok,0,0,0,0.00,0,0,0,0,0,N/A
2025-10-12 17:59:44,0,4439.24,32,28,2846,2846.72,100,ok,0,0,0,0.00,0,0,0,0,0,N/A
2025-10-12 17:59:47,0,4439.24,32,28,2846,2846.72,100,ok,0,0,0,0.00,0,0,0,0,0,N/A
2025-10-12 17:59:51,0,4439.24,36,28,2846,2846.72,100,ok,0,0,0,0.00,0,0,0,0,0,N/A
2025-10-12 17:59:54,0,4439.24,36,28,2846,2846.72,100,ok,0,0,0,0.00,0,0,0,0,0,N/A
2025-10-12 17:59:57,0,4439.24,36,28,2846,2846.72,100,ok,0,0,0,0.00,0,0,0,0,0,N/A
2025-10-12 18:00:01,0,4439.24,39,28,2846,2846.72,100,ok,0,0,0,0.00,0,0,0,0,0,N/A
2025-10-12 18:00:04,0,4439.24,39,28,2846,2846.72,100,ok,0,0,0,0.00,0,0,0,0,0,N/A
2025-10-12 18:00:08,0,4439.24,39,28,2846,2846.72,100,ok,0,0,0,0.00,0,0,0,0,0,N/A
2025-10-12 18:00:11,0,4439.24,39,28,2846,2846.72,100,ok,0,0,0,0.00,0,0,0,0,0,N/A
2025-10-12 18:00:14,0,4439.24,42,28,2846,2846.72,100,ok,0,0,0,0.00,0,0,0,0,0,N/A
2025-10-12 18:00:18,0,4439.24,42,28,2846,2846.72,100,ok,0,0,0,0.00,0,0,0,0,0,N/A
2025-10-12 18:00:21,0,4439.24,46,28,2846,2846.72,100,ok,0,0,0,0.00,0,0,0,0,0,N/A
2025-10-12 18:00:27,0,4439.24,46,28,2846,2846.72,100,ok,0,0,0,0.00,0,0,0,0,0,N/A
2025-10-12 18:00:30,0,4439.24,46,28,2846,2846.72,100,ok,0,0,0,0.00,0,0,0,0,0,N/A
2025-10-12 18:00:34,0,4439.24,49,28,2846,2846.72,100,ok,0,0,0,0.00,0,0,0,0,0,N/A
2025-10-12 18:00:38,0,4439.24,49,28,2846,2846.72,100,ok,0,0,0,0.00,0,0,0,0,0,N/A
2025-10-12 18:00:42,0,4439.24,52,28,2846,2846.72,100,ok,0,0,0,0.00,0,0,0,0,0,N/A
2025-10-12 18:00:47,0,4439.24,52,28,2846,2846.72,100,ok,0,0,0,0.00,0,0,0,0,0,N/A
2025-10-12 18:00:50,0,4439.24,52,28,2846,2846.72,100,ok,0,0,0,0.00,0,0,0,0,0,N/A
2025-10-12 18:00:54,0,4439.24,58,28,2846,2846.72,100,ok,0,0,0,0.00,0,0,0,0,0,N/A
2025-10-12 18:00:57,0,4439.24,58,28,2846,2846.72,100,ok,0,0,0,0.00,0,0,0,0,0,N/A
2025-10-12 18:01:00,0,4439.24,58,28,2846,2846.72,100,ok,0,0,0,0.00,0,0,0,0,0,N/A
2025-10-12 18:01:04,0,4439.24,61,28,2846,2846.72,100,ok,0,0,0,0.00,0,0,0,0,0,N/A
2025-10-12 18:01:07,0,4439.24,61,28,2846,2846.72,100,ok,0,0,0,0.00,0,0,0,0,0,N/A
2025-10-12 18:01:11,0,4439.24,61,28,2846,2846.72,100,ok,0,0,0,0.00,0,0,0,0,0,N/A
2025-10-12 18:01:14,0,4439.24,65,28,2846,2846.72,100,ok,0,0,0,0.00,0,0,0,0,0,N/A
2025-10-12 18:01:18,0,4439.24,65,28,2846,2846.72,100,ok,0,0,0,0.00,0,0,0,0,0,N/A
2025-10-12 18:01:21,0,4439.24,65,28,2846,2846.72,100,ok,0,0,0,0.00,0,0,0,0,0,N/A
2025-10-12 18:01:24,0,4439.24,65,28,2846,2846.72,100,ok,0,0,0,0.00,0,0,0,0,0,N/A
2025-10-12 18:01:28,0,4439.24,68,28,2846,2846.72,100,ok,0,0,0,0.00,0,0,0,0,0,N/A
2025-10-12 18:01:31,0,4439.24,68,28,2846,2846.72,100,ok,0,0,0,0.00,0,0,0,0,0,N/A
2025-10-12 18:01:34,0,4439.24,68,28,2846,2846.72,100,ok,0,0,0,0.00,0,0,0,0,0,N/A
2025-10-12 18:01:37,0,4439.24,72,28,2846,2846.72,100,ok,0,0,0,0.00,0,0,0,0,0,N/A
2025-10-12 18:01:42,0,4439.24,72,28,2846,2846.72,100,ok,0,0,0,0.00,0,0,0,0,0,N/A
2025-10-12 18:01:47,0,4439.24,75,28,2846,2846.72,100,ok,0,0,0,0.00,0,0,0,0,0,N/A
2025-10-12 18:01:50,0,4439.24,75,28,2846,2846.72,100,ok,0,0,0,0.00,0,0,0,0,0,N/A
2025-10-12 18:01:53,0,4439.24,75,28,2846,2846.72,100,ok,0,0,0,0.00,0,0,0,0,0,N/A
2025-10-12 18:01:58,0,4439.24,78,28,2846,2846.72,100,ok,0,0,0,0.00,0,0,0,0,0,N/A
2025-10-12 18:02:01,0,4439.24,78,28,2846,2846.72,100,ok,0,0,0,0.00,0,0,0,0,0,N/A
2025-10-12 18:02:04,0,4439.24,78,28,2846,2846.72,100,ok,0,0,0,0.00,0,0,0,0,0,N/A
2025-10-12 18:02:08,0,4439.24,82,28,2846,2846.72,100,ok,0,0,0,0.00,0,0,0,0,0,N/A
2025-10-12 18:02:11,0,4439.24,82,28,2846,2846.72,100,ok,0,0,0,0.00,0,0,0,0,0,N/A
2025-10-12 18:02:14,0,4439.24,82,28,2846,2846.72,100,ok,0,0,0,0.00,0,0,0,0,0,N/A
2025-10-12 18:02:18,0,4439.24,85,28,2846,2846.72,100,ok,0,0,0,0.00,0,0,0,0,0,N/A
2025-10-12 18:02:21,0,4439.24,85,28,2846,2846.72,100,ok,0,0,0,0.00,0,0,0,0,0,N/A
2025-10-12 18:02:24,0,4439.24,85,28,2846,2846.72,100,ok,0,0,0,0.00,0,0,0,0,0,N/A
2025-10-12 18:02:27,0,4439.24,17,28,2846,2846.72,100,ok,0,0,0,0.00,0,0,0,0,0,N/A
2025-10-12 18:02:30,0,4439.24,17,28,2846,2846.72,100,ok,0,0,0,0.00,0,0,0,0,0,N/A
2025-10-12 18:02:34,0,4439.24,17,28,2846,2846.72,100,ok,0,0,0,0.00,0,0,0,0,0,N/A
2025-10-12 18:02:38,0,4439.24,20,28,2846,2846.72,100,ok,0,0,0,0.00,0,0,0,0,0,N/A
2025-10-12 18:02:41,0,4439.24,20,28,2846,2846.72,100,ok,0,0,0,0.00,0,0,0,0,0,N/A
2025-10-12 18:02:44,0,4439.24,20,28,2846,2846.72,100,ok,0,0,0,0.00,0,0,0,0,0,N/A
2025-10-12 18:02:47,0,4439.24,24,28,2846,2846.72,100,ok,0,0,0,0.00,0,0,0,0,0,N/A
2025-10-12 18:02:51,0,4439.24,24,28,2846,2846.72,100,ok,0,0,0,0.00,0,0,0,0,0,N/A
2025-10-12 18:02:54,0,4439.24,24,28,2846,2846.72,100,ok,0,0,0,0.00,0,0,0,0,0,N/A
2025-10-12 18:02:58,0,4439.24,27,28,2846,2846.72,100,ok,0,0,0,0.00,0,0,0,0,0,N/A
2025-10-12 18:03:01,0,4439.24,27,28,2846,2846.72,100,ok,0,0,0,0.00,0,0,0,0,0,N/A
2025-10-12 18:03:04,0,4439.24,27,28,2846,2846.72,100,ok,0,0,0,0.00,0,0,0,0,0,N/A
2025-10-12 18:03:08,0,4439.24,30,28,2846,2846.72,100,ok,0,0,0,0.00,0,0,0,0,0,N/A
2025-10-12 18:03:12,0,4439.24,30,28,2846,2846.72,100,ok,0,0,0,0.00,0,0,0,0,0,N/A
2025-10-12 18:03:18,0,4439.24,34,28,2846,2846.72,100,ok,0,0,0,0.00,0,0,0,0,0,N/A
2025-10-12 18:03:22,0,4439.24,34,28,2846,2846.72,100,ok,0,0,0,0.00,0,0,0,0,0,N/A
2025-10-12 18:03:27,0,4439.24,37,28,2846,2846.72,100,ok,0,0,0,0.00,0,0,0,0,0,N/A
2025-10-12 18:03:31,0,4439.24,37,28,2846,2846.72,100,ok,0,0,0,0.00,0,0,0,0,0,N/A
2025-10-12 18:03:34,0,4439.24,37,28,2846,2846.72,100,ok,0,0,0,0.00,0,0,0,0,0,N/A
2025-10-12 18:03:37,0,4439.24,41,28,2846,2846.72,100,ok,0,0,0,0.00,0,0,0,0,0,N/A
2025-10-12 18:03:41,0,4439.24,41,28,2846,2846.72,100,ok,0,0,0,0.00,0,0,0,0,0,N/A
2025-10-12 18:03:44,0,4439.24,41,28,2846,2846.72,100,ok,0,0,0,0.00,0,0,0,0,0,N/A
2025-10-12 18:03:48,0,4439.24,44,28,2846,2846.72,100,ok,0,0,0,0.00,0,0,0,0,0,N/A
2025-10-12 18:03:51,0,4439.24,44,28,2846,2846.72,100,ok,0,0,0,0.00,0,0,0,0,0,N/A
2025-10-12 18:03:54,0,4439.24,44,28,2846,2846.72,100,ok,0,0,0,0.00,0,0,0,0,0,N/A
2025-10-12 18:04:04,0,4439.24,47,28,2846,2846.72,100,ok,0,0,0,0.00,0,0,0,0,0,N/A
2025-10-12 18:04:07,0,4439.24,47,28,2846,2846.72,100,ok,0,0,0,0.00,0,0,0,0,0,N/A
2025-10-12 18:04:10,0,4439.24,51,28,2846,2846.72,100,ok,0,0,0,0.00,0,0,0,0,0,N/A
2025-10-12 18:04:14,0,4439.24,51,28,2846,2846.72,100,ok,0,0,0,0.00,0,0,0,0,0,N/A
2025-10-12 18:04:17,0,4439.24,51,28,2846,2846.72,100,ok,0,0,0,0.00,0,0,0,0,0,N/A
2025-10-12 18:04:21,0,4439.24,54,28,2846,2846.72,100,ok,0,0,0,0.00,0,0,0,0,0,N/A
2025-10-12 18:04:24,0,4439.24,54,28,2846,2846.72,100,ok,0,0,0,0.00,0,0,0,0,0,N/A
2025-10-12 18:04:27,0,4439.24,54,28,2846,2846.72,100,ok,0,0,0,0.00,0,0,0,0,0,N/A
2025-10-12 18:04:31,0,4439.24,58,28,2846,2846.72,100,ok,0,0,0,0.00,0,0,0,0,0,N/A
2025-10-12 18:04:34,0,4439.24,58,28,2846,2846.72,100,ok,0,0,0,0.00,0,0,0,0,0,N/A
2025-10-12 18:04:38,0,4439.24,58,28,2846,2846.72,100,ok,0,0,0,0.00,0,0,0,0,0,N/A
2025-10-12 18:04:41,0,4439.24,61,28,2846,2846.72,100,ok,0,0,0,0.00,0,0,0,0,0,N/A
2025-10-12 18:04:44,0,4439.24,61,28,2846,2846.72,100,ok,0,0,0,0.00,0,0,0,0,0,N/A
2025-10-12 18:04:48,0,4439.24,61,28,2846,2846.72,100,ok,0,0,0,0.00,0,0,0,0,0,N/A
2025-10-12 18:04:51,0,4439.24,61,28,2846,2846.72,100,ok,0,0,0,0.00,0,0,0,0,0,N/A
2025-10-12 18:04:56,0,4439.24,64,28,2846,2846.72,100,ok,0,0,0,0.00,0,0,0,0,0,N/A
2025-10-12 18:05:00,0,4439.24,64,28,2846,2846.72,100,ok,0,0,0,0.00,0,0,0,0,0,N/A
2025-10-12 18:05:03,0,4439.24,69,28,2846,2846.72,100,ok,0,0,0,0.00,0,0,0,0,0,N/A
2025-10-12 18:05:07,0,4439.24,69,28,2846,2846.72,100,ok,0,0,0,0.00,0,0,0,0,0,N/A
2025-10-12 18:05:11,0,4439.24,69,28,2846,2846.72,100,ok,0,0,0,0.00,0,0,0,0,0,N/A
2025-10-12 18:05:14,0,4439.24,73,28,2846,2846.72,100,ok,0,0,0,0.00,0,0,0,0,0,N/A
2025-10-12 18:05:17,0,4439.24,73,28,2846,2846.72,100,ok,0,0,0,0.00,0,0,0,0,0,N/A
2025-10-12 18:05:21,0,4439.24,73,28,2846,2846.72,100,ok,0,0,0,0.00,0,0,0,0,0,N/A
2025-10-12 18:05:24,0,4439.24,76,28,2846,2846.72,100,ok,0,0,0,0.00,0,0,0,0,0,N/A
2025-10-12 18:05:28,0,4439.24,76,28,2846,2846.72,100,ok,0,0,0,0.00,0,0,0,0,0,N/A
2025-10-12 18:05:31,0,4439.24,76,28,2846,2846.72,100,ok,0,0,0,0.00,0,0,0,0,0,N/A
2025-10-12 18:05:36,0,4439.24,80,28,2846,2846.72,100,ok,0,0,0,0.00,0,0,0,0,0,N/A
2025-10-12 18:05:40,0,4439.24,80,28,2846,2846.72,100,ok,0,0,0,0.00,0,0,0,0,0,N/A
2025-10-12 18:05:44,0,4439.24,80,28,2846,2846.72,100,ok,0,0,0,0.00,0,0,0,0,0,N/A
2025-10-12 18:05:48,0,4439.24,83,28,2846,2846.72,100,ok,0,0,0,0.00,0,0,0,0,0,N/A
2025-10-12 18:05:52,0,4439.24,83,28,2846,2846.72,100,ok,0,0,0,0.00,0,0,0,0,0,N/A
2025-10-12 18:05:57,0,4439.24,16,28,2846,2846.72,100,ok,0,0,0,0.00,0,0,0,0,0,N/A
2025-10-12 18:06:00,0,4439.24,16,28,2846,2846.72,100,ok,0,0,0,0.00,0,0,0,0,0,N/A
2025-10-12 18:06:04,0,4439.24,16,28,2846,2846.72,100,ok,0,0,0,0.00,0,0,0,0,0,N/A
2025-10-12 18:06:08,0,4439.24,19,28,2846,2846.72,100,ok,0,0,0,0.00,0,0,0,0,0,N/A
2025-10-12 18:06:11,0,4439.24,19,28,2846,2846.72,100,ok,0,0,0,0.00,0,0,0,0,0,N/A
2025-10-12 18:06:14,0,4439.24,19,28,2846,2846.72,100,ok,0,0,0,0.00,0,0,0,0,0,N/A
2025-10-12 18:06:18,0,4439.24,23,28,2846,2846.72,100,ok,0,0,0,0.00,0,0,0,0,0,N/A
2025-10-12 18:06:21,0,4439.24,23,28,2846,2846.72,100,ok,0,0,0,0.00,0,0,0,0,0,N/A
2025-10-12 18:06:26,0,4439.24,26,28,2846,2846.72,100,ok,0,0,0,0.00,0,0,0,0,0,N/A
2025-10-12 18:06:29,0,4439.24,26,28,2846,2846.72,100,ok,0,0,0,0.00,0,0,0,0,0,N/A
2025-10-12 18:06:33,0,4439.24,26,28,2846,2846.72,100,ok,0,0,0,0.00,0,0,0,0,0,N/A
2025-10-12 18:06:38,0,4439.24,29,28,2846,2846.72,100,ok,0,0,0,0.00,0,0,0,0,0,N/A
2025-10-12 18:06:41,0,4439.24,29,28,2846,2846.72,100,ok,0,0,0,0.00,0,0,0,0,0,N/A
2025-10-12 18:06:44,0,4439.24,29,28,2846,2846.72,100,ok,0,0,0,0.00,0,0,0,0,0,N/A
2025-10-12 18:06:47,0,4439.24,29,28,2846,2846.72,100,ok,0,0,0,0.00,0,0,0,0,0,N/A
2025-10-12 18:06:50,0,4439.24,33,28,2846,2846.72,100,ok,0,0,0,0.00,0,0,0,0,0,N/A
2025-10-12 18:06:54,0,4439.24,33,28,2846,2846.72,100,ok,0,0,0,0.00,0,0,0,0,0,N/A
2025-10-12 18:06:58,0,4439.24,36,28,2846,2846.72,100,ok,0,0,0,0.00,0,0,0,0,0,N/A
2025-10-12 18:07:01,0,4439.24,36,28,2846,2846.72,100,ok,0,0,0,0.00,0,0,0,0,0,N/A
2025-10-12 18:07:04,0,4439.24,36,28,2846,2846.72,100,ok,0,0,0,0.00,0,0,0,0,0,N/A
2025-10-12 18:07:08,0,4439.24,36,28,2846,2846.72,100,ok,0,0,0,0.00,0,0,0,0,0,N/A
2025-10-12 18:07:11,0,4439.24,40,28,2846,2846.72,100,ok,0,0,0,0.00,0,0,0,0,0,N/A
2025-10-12 18:07:14,0,4439.24,40,28,2846,2846.72,100,ok,0,0,0,0.00,0,0,0,0,0,N/A
2025-10-12 18:07:18,0,4439.24,40,28,2846,2846.72,100,ok,0,0,0,0.00,0,0,0,0,0,N/A
2025-10-12 18:07:21,0,4439.24,43,28,2846,2846.72,100,ok,0,0,0,0.00,0,0,0,0,0,N/A
2025-10-12 18:07:24,0,4439.24,43,28,2846,2846.72,100,ok,0,0,0,0.00,0,0,0,0,0,N/A
2025-10-12 18:07:28,0,4439.24,46,28,2846,2846.72,100,ok,0,0,0,0.00,0,0,0,0,0,N/A
2025-10-12 18:07:31,0,4439.24,46,28,2846,2846.72,100,ok,0,0,0,0.00,0,0,0,0,0,N/A
2025-10-12 18:07:36,0,4439.24,46,28,2846,2846.72,100,ok,0,0,0,0.00,0,0,0,0,0,N/A
2025-10-12 18:07:39,0,4439.24,50,28,2846,2846.72,100,ok,0,0,0,0.00,0,0,0,0,0,N/A
2025-10-12 18:07:42,0,4439.24,50,28,2846,2846.72,100,ok,0,0,0,0.00,0,0,0,0,0,N/A
2025-10-12 18:07:48,0,4439.24,50,28,2846,2846.72,100,ok,0,0,0,0.00,0,0,0,0,0,N/A
2025-10-12 18:07:51,0,4439.24,53,28,2846,2846.72,100,ok,0,0,0,0.00,0,0,0,0,0,N/A
2025-10-12 18:07:54,0,4439.24,53,28,2846,2846.72,100,ok,0,0,0,0.00,0,0,0,0,0,N/A
2025-10-12 18:07:57,0,4439.24,53,28,2846,2846.72,100,ok,0,0,0,0.00,0,0,0,0,0,N/A
2025-10-12 18:08:01,0,4439.24,53,28,2846,2846.72,100,ok,0,0,0,0.00,0,0,0,0,0,N/A
2025-10-12 18:08:04,0,4439.24,57,28,2846,2846.72,100,ok,0,0,0,0.00,0,0,0,0,0,N/A
2025-10-12 18:08:08,0,4439.24,57,28,2846,2846.72,100,ok,0,0,0,0.00,0,0,0,0,0,N/A
2025-10-12 18:08:12,0,4439.24,60,28,2846,2846.72,100,ok,0,0,0,0.00,0,0,0,0,0,N/A
2025-10-12 18:08:18,0,4439.24,60,28,2846,2846.72,100,ok,0,0,0,0.00,0,0,0,0,0,N/A
2025-10-12 18:08:22,0,4439.24,60,28,2846,2846.72,100,ok,0,0,0,0.00,0,0,0,0,0,N/A
2025-10-12 18:08:27,0,4439.24,63,28,2846,2846.72,100,ok,0,0,0,0.00,0,0,0,0,0,N/A
2025-10-12 18:08:30,0,4439.24,63,28,2846,2846.72,100,ok,0,0,0,0.00,0,0,0,0,0,N/A
2025-10-12 18:08:33,0,4439.24,68,28,2846,2846.72,100,ok,0,0,0,0.00,0,0,0,0,0,N/A
2025-10-12 18:08:38,0,4439.24,68,28,2846,2846.72,100,ok,0,0,0,0.00,0,0,0,0,0,N/A
2025-10-12 18:08:42,0,4439.24,68,28,2846,2846.72,100,ok,0,0,0,0.00,0,0,0,0,0,N/A
2025-10-12 18:08:47,0,4439.24,72,28,2846,2846.72,100,ok,0,0,0,0.00,0,0,0,0,0,N/A
2025-10-12 18:08:50,0,4439.24,72,28,2846,2846.72,100,ok,0,0,0,0.00,0,0,0,0,0,N/A
2025-10-12 18:08:54,0,4439.24,75,28,2846,2846.72,100,ok,0,0,0,0.00,0,0,0,0,0,N/A
2025-10-12 18:08:58,0,4439.24,75,28,2846,2846.72,100,ok,0,0,0,0.00,0,0,0,0,0,N/A
2025-10-12 18:09:01,0,4439.24,75,28,2846,2846.72,100,ok,0,0,0,0.00,0,0,0,0,0,N/A
2025-10-12 18:09:04,0,4439.24,79,28,2846,2846.72,100,ok,0,0,0,0.00,0,0,0,0,0,N/A
2025-10-12 18:09:08,0,4439.24,79,28,2846,2846.72,100,ok,0,0,0,0.00,0,0,0,0,0,N/A
2025-10-12 18:09:11,0,4439.24,79,28,2846,2846.72,100,ok,0,0,0,0.00,0,0,0,0,0,N/A
2025-10-12 18:09:16,0,4439.24,83,28,2846,2846.72,100,ok,0,0,0,0.00,0,0,0,0,0,N/A
2025-10-12 18:09:19,0,4439.24,83,28,2846,2846.72,100,ok,0,0,0,0.00,0,0,0,0,0,N/A
2025-10-12 18:09:23,0,4439.24,83,28,2846,2846.72,100,ok,0,0,0,0.00,0,0,0,0,0,N/A
2025-10-12 18:09:27,0,4439.24,86,28,2846,2846.72,100,ok,0,0,0,0.00,0,0,0,0,0,N/A
2025-10-12 18:09:31,0,4439.24,86,28,2846,2846.72,100,ok,0,0,0,0.00,0,0,0,0,0,N/A
2025-10-12 18:09:34,0,4439.24,86,28,2846,2846.72,100,ok,0,0,0,0.00,0,0,0,0,0,N/A
2025-10-12 18:09:37,0,4439.24,18,28,2846,2846.72,100,ok,0,0,0,0.00,0,0,0,0,0,N/A
2025-10-12 18:09:41,0,4439.24,18,28,2846,2846.72,100,ok,0,0,0,0.00,0,0,0,0,0,N/A
2025-10-12 18:09:44,0,4439.24,18,28,2846,2846.72,100,ok,0,0,0,0.00,0,0,0,0,0,N/A
2025-10-12 18:09:48,0,4439.24,22,28,2846,2846.72,100,ok,0,0,0,0.00,0,0,0,0,0,N/A
2025-10-12 18:09:51,0,4439.24,22,28,2846,2846.72,100,ok,0,0,0,0.00,0,0,0,0,0,N/A
2025-10-12 18:09:54,0,4439.24,22,28,2846,2846.72,100,ok,0,0,0,0.00,0,0,0,0,0,N/A
2025-10-12 18:09:57,0,4439.24,22,28,2846,2846.72,100,ok,0,0,0,0.00,0,0,0,0,0,N/A
2025-10-12 18:10:00,0,4439.24,25,28,2846,2846.72,100,ok,0,0,0,0.00,0,0,0,0,0,N/A
2025-10-12 18:10:04,0,4439.24,25,28,2846,2846.72,100,ok,0,0,0,0.00,0,0,0,0,0,N/A
2025-10-12 18:10:08,0,4439.24,25,28,2846,2846.72,100,ok,0,0,0,0.00,0,0,0,0,0,N/A
2025-10-12 18:10:11,0,4439.24,29,28,2846,2846.72,100,ok,0,0,0,0.00,0,0,0,0,0,N/A
2025-10-12 18:10:14,0,4439.24,29,28,2846,2846.72,100,ok,0,0,0,0.00,0,0,0,0,0,N/A
2025-10-12 18:10:17,0,4439.24,29,28,2846,2846.72,100,ok,0,0,0,0.00,0,0,0,0,0,N/A
2025-10-12 18:10:21,0,4439.24,32,28,2846,2846.72,100,ok,0,0,0,0.00,0,0,0,0,0,N/A
2025-10-12 18:10:24,0,4439.24,32,28,2846,2846.72,100,ok,0,0,0,0.00,0,0,0,0,0,N/A
2025-10-12 18:10:28,0,4439.24,32,28,2846,2846.72,100,ok,0,0,0,0.00,0,0,0,0,0,N/A
2025-10-12 18:10:31,0,4439.24,35,28,2846,2846.72,100,ok,0,0,0,0.00,0,0,0,0,0,N/A
2025-10-12 18:10:36,0,4439.24,35,28,2846,2846.72,100,ok,0,0,0,0.00,0,0,0,0,0,N/A
2025-10-12 18:10:40,0,4439.24,39,28,2846,2846.72,100,ok,0,0,0,0.00,0,0,0,0,0,N/A
2025-10-12 18:10:44,0,4439.24,39,28,2846,2846.72,100,ok,0,0,0,0.00,0,0,0,0,0,N/A
2025-10-12 18:10:47,0,4439.24,39,28,2846,2846.72,100,ok,0,0,0,0.00,0,0,0,0,0,N/A
2025-10-12 18:10:51,0,4439.24,42,28,2846,2846.72,100,ok,0,0,0,0.00,0,0,0,0,0,N/A
2025-10-12 18:10:54,0,4439.24,42,28,2846,2846.72,100,ok,0,0,0,0.00,0,0,0,0,0,N/A
2025-10-12 18:10:58,0,4439.24,42,28,2846,2846.72,100,ok,0,0,0,0.00,0,0,0,0,0,N/A
2025-10-12 18:11:01,0,4439.24,46,28,2846,2846.72,100,ok,0,0,0,0.00,0,0,0,0,0,N/A
2025-10-12 18:11:04,0,4439.24,46,28,2846,2846.72,100,ok,0,0,0,0.00,0,0,0,0,0,N/A
2025-10-12 18:11:07,0,4439.24,46,28,2846,2846.72,100,ok,0,0,0,0.00,0,0,0,0,0,N/A
2025-10-12 18:11:10,0,4439.24,46,28,2846,2846.72,100,ok,0,0,0,0.00,0,0,0,0,0,N/A
2025-10-12 18:11:14,0,4439.24,49,28,2846,2846.72,100,ok,0,0,0,0.00,0,0,0,0,0,N/A
2025-10-12 18:11:18,0,4439.24,49,28,2846,2846.72,100,ok,0,0,0,0.00,0,0,0,0,0,N/A
2025-10-12 18:11:21,0,4439.24,52,28,2846,2846.72,100,ok,0,0,0,0.00,0,0,0,0,0,N/A
2025-10-12 18:11:24,0,4439.24,52,28,2846,2846.72,100,ok,0,0,0,0.00,0,0,0,0,0,N/A
2025-10-12 18:11:27,0,4439.24,52,28,2846,2846.72,100,ok,0,0,0,0.00,0,0,0,0,0,N/A
2025-10-12 18:11:31,0,4439.24,52,28,2846,2846.72,100,ok,0,0,0,0.00,0,0,0,0,0,N/A
2025-10-12 18:11:34,0,4439.24,56,28,2846,2846.72,100,ok,0,0,0,0.00,0,0,0,0,0,N/A
2025-10-12 18:11:37,0,4439.24,56,28,2846,2846.72,100,ok,0,0,0,0.00,0,0,0,0,0,N/A
2025-10-12 18:11:41,0,4439.24,56,28,2846,2846.72,100,ok,0,0,0,0.00,0,0,0,0,0,N/A
2025-10-12 18:11:44,0,4439.24,59,28,2846,2846.72,100,ok,0,0,0,0.00,0,0,0,0,0,N/A
2025-10-12 18:11:47,0,4439.24,59,28,2846,2846.72,100,ok,0,0,0,0.00,0,0,0,0,0,N/A
2025-10-12 18:11:51,0,4439.24,59,28,2846,2846.72,100,ok,0,0,0,0.00,0,0,0,0,0,N/A
2025-10-12 18:11:57,0,4439.24,62,28,2846,2846.72,100,ok,0,0,0,0.00,0,0,0,0,0,N/A
2025-10-12 18:12:00,0,4439.24,62,28,2846,2846.72,100,ok,0,0,0,0.00,0,0,0,0,0,N/A
2025-10-12 18:12:04,0,4439.24,66,28,2846,2846.72,100,ok,0,0,0,0.00,0,0,0,0,0,N/A
2025-10-12 18:12:08,0,4439.24,66,28,2846,2846.72,100,ok,0,0,0,0.00,0,0,0,0,0,N/A
2025-10-12 18:12:11,0,4439.24,69,28,2846,2846.72,100,ok,0,0,0,0.00,0,0,0,0,0,N/A
2025-10-12 18:12:16,0,4439.24,69,28,2846,2846.72,100,ok,0,0,0,0.00,0,0,0,0,0,N/A
2025-10-12 18:12:19,0,4439.24,69,28,2846,2846.72,100,ok,0,0,0,0.00,0,0,0,0,0,N/A
2025-10-12 18:12:23,0,4439.24,74,28,2846,2846.72,100,ok,0,0,0,0.00,0,0,0,0,0,N/A
2025-10-12 18:12:28,0,4439.24,74,28,2846,2846.72,100,ok,0,0,0,0.00,0,0,0,0,0,N/A
2025-10-12 18:12:31,0,4439.24,74,28,2846,2846.72,100,ok,0,0,0,0.00,0,0,0,0,0,N/A
2025-10-12 18:12:34,0,4439.24,78,28,2846,2846.72,100,ok,0,0,0,0.00,0,0,0,0,0,N/A
2025-10-12 18:12:37,0,4439.24,78,28,2846,2846.72,100,ok,0,0,0,0.00,0,0,0,0,0,N/A
2025-10-12 18:12:40,0,4439.24,78,28,2846,2846.72,100,ok,0,0,0,0.00,0,0,0,0,0,N/A
2025-10-12 18:12:44,0,4439.24,78,28,2846,2846.72,100,ok,0,0,0,0.00,0,0,0,0,0,N/A
2025-10-12 18:12:47,0,4439.24,82,28,2846,2846.72,100,ok,0,0,0,0.00,0,0,0,0,0,N/A
2025-10-12 18:12:51,0,4439.24,82,28,2846,2846.72,100,ok,0,0,0,0.00,0,0,0,0,0,N/A
2025-10-12 18:12:54,0,4439.24,82,28,2846,2846.72,100,ok,0,0,0,0.00,0,0,0,0,0,N/A
2025-10-12 18:12:58,0,4439.24,85,28,2846,2846.72,100,ok,0,0,0,0.00,0,0,0,0,0,N/A
2025-10-12 18:13:01,0,4439.24,85,28,2846,2846.72,100,ok,0,0,0,0.00,0,0,0,0,0,N/A
2025-10-12 18:13:04,0,4439.24,17,28,2846,2846.72,100,ok,0,0,0,0.00,0,0,0,0,0,N/A
2025-10-12 18:13:08,0,4439.24,17,28,2846,2846.72,100,ok,0,0,0,0.00,0,0,0,0,0,N/A
2025-10-12 18:13:11,0,4439.24,17,28,2846,2846.72,100,ok,0,0,0,0.00,0,0,0,0,0,N/A
2025-10-12 18:13:18,0,4439.24,20,28,2846,2846.72,100,ok,0,0,0,0.00,0,0,0,0,0,N/A
2025-10-12 18:13:21,0,4439.24,20,28,2846,2846.72,100,ok,0,0,0,0.00,0,0,0,0,0,N/A
2025-10-12 18:13:24,0,4439.24,20,28,2846,2846.72,100,ok,0,0,0,0.00,0,0,0,0,0,N/A
2025-10-12 18:13:27,0,4439.24,24,28,2846,2846.72,100,ok,0,0,0,0.00,0,0,0,0,0,N/A
2025-10-12 18:13:30,0,4439.24,24,28,2846,2846.72,100,ok,0,0,0,0.00,0,0,0,0,0,N/A
2025-10-12 18:13:34,0,4439.24,24,28,2846,2846.72,100,ok,0,0,0,0.00,0,0,0,0,0,N/A
2025-10-12 18:13:38,0,4439.24,27,28,2846,2846.72,100,ok,0,0,0,0.00,0,0,0,0,0,N/A
2025-10-12 18:13:41,0,4439.24,27,28,2846,2846.72,100,ok,0,0,0,0.00,0,0,0,0,0,N/A
2025-10-12 18:13:44,0,4439.24,27,28,2846,2846.72,100,ok,0,0,0,0.00,0,0,0,0,0,N/A
2025-10-12 18:13:47,0,4439.24,30,28,2846,2846.72,100,ok,0,0,0,0.00,0,0,0,0,0,N/A
2025-10-12 18:13:51,0,4439.24,30,28,2846,2846.72,100,ok,0,0,0,0.00,0,0,0,0,0,N/A
2025-10-12 18:13:54,0,4439.24,30,28,2846,2846.72,100,ok,0,0,0,0.00,0,0,0,0,0,N/A
2025-10-12 18:13:57,0,4439.24,33,28,2846,2846.72,100,ok,0,0,0,0.00,0,0,0,0,0,N/A
2025-10-12 18:14:00,0,4439.24,33,28,2846,2846.72,100,ok,0,0,0,0.00,0,0,0,0,0,N/A
2025-10-12 18:14:04,0,4439.24,33,28,2846,2846.72,100,ok,0,0,0,0.00,0,0,0,0,0,N/A
2025-10-12 18:14:07,0,4439.24,37,28,2846,2846.72,100,ok,0,0,0,0.00,0,0,0,0,0,N/A
2025-10-12 18:14:11,0,4439.24,37,28,2846,2846.72,100,ok,0,0,0,0.00,0,0,0,0,0,N/A
2025-10-12 18:14:14,0,4439.24,37,28,2846,2846.72,100,ok,0,0,0,0.00,0,0,0,0,0,N/A
2025-10-12 18:14:17,0,4439.24,40,28,2846,2846.72,100,ok,0,0,0,0.00,0,0,0,0,0,N/A
2025-10-12 18:14:20,0,4439.24,40,28,2846,2846.72,100,ok,0,0,0,0.00,0,0,0,0,0,N/A
2025-10-12 18:14:24,0,4439.24,40,28,2846,2846.72,100,ok,0,0,0,0.00,0,0,0,0,0,N/A
2025-10-12 18:14:28,0,4439.24,44,28,2846,2846.72,100,ok,0,0,0,0.00,0,0,0,0,0,N/A
2025-10-12 18:14:31,0,4439.24,44,28,2846,2846.72,100,ok,0,0,0,0.00,0,0,0,0,0,N/A
2025-10-12 18:14:34,0,4439.24,44,28,2846,2846.72,100,ok,0,0,0,0.00,0,0,0,0,0,N/A
2025-10-12 18:14:37,0,4439.24,47,28,2846,2846.72,100,ok,0,0,0,0.00,0,0,0,0,0,N/A
2025-10-12 18:14:41,0,4439.24,47,28,2846,2846.72,100,ok,0,0,0,0.00,0,0,0,0,0,N/A
2025-10-12 18:14:44,0,4439.24,47,28,2846,2846.72,100,ok,0,0,0,0.00,0,0,0,0,0,N/A
2025-10-12 18:14:48,0,4439.24,50,28,2846,2846.72,100,ok,0,0,0,0.00,0,0,0,0,0,N/A
2025-10-12 18:14:51,0,4439.24,50,28,2846,2846.72,100,ok,0,0,0,0.00,0,0,0,0,0,N/A
2025-10-12 18:14:55,0,4439.24,54,28,2846,2846.72,100,ok,0,0,0,0.00,0,0,0,0,0,N/A
2025-10-12 18:14:59,0,4439.24,54,28,2846,2846.72,100,ok,0,0,0,0.00,0,0,0,0,0,N/A
2025-10-12 18:15:02,0,4439.24,54,28,2846,2846.72,100,ok,0,0,0,0.00,0,0,0,0,0,N/A
2025-10-12 18:15:08,0,4439.24,57,28,2846,2846.72,100,ok,0,0,0,0.00,0,0,0,0,0,N/A
2025-10-12 18:15:11,0,4439.24,57,28,2846,2846.72,100,ok,0,0,0,0.00,0,0,0,0,0,N/A
2025-10-12 18:15:14,0,4439.24,57,28,2846,2846.72,100,ok,0,0,0,0.00,0,0,0,0,0,N/A
2025-10-12 18:15:17,0,4439.24,61,28,2846,2846.72,100,ok,0,0,0,0.00,0,0,0,0,0,N/A
2025-10-12 18:15:21,0,4439.24,61,28,2846,2846.72,100,ok,0,0,0,0.00,0,0,0,0,0,N/A
2025-10-12 18:15:24,0,4439.24,61,28,2846,2846.72,100,ok,0,0,0,0.00,0,0,0,0,0,N/A
2025-10-12 18:15:27,0,4439.24,64,28,2846,2846.72,100,ok,0,0,0,0.00,0,0,0,0,0,N/A
2025-10-12 18:15:31,0,4439.24,64,28,2846,2846.72,100,ok,0,0,0,0.00,0,0,0,0,0,N/A
2025-10-12 18:15:34,0,4439.24,64,28,2846,2846.72,100,ok,0,0,0,0.00,0,0,0,0,0,N/A
2025-10-12 18:15:38,0,4439.24,67,28,2846,2846.72,100,ok,0,0,0,0.00,0,0,0,0,0,N/A
2025-10-12 18:15:41,0,4439.24,67,28,2846,2846.72,100,ok,0,0,0,0.00,0,0,0,0,0,N/A
2025-10-12 18:15:44,0,4439.24,67,28,2846,2846.72,100,ok,0,0,0,0.00,0,0,0,0,0,N/A
2025-10-12 18:15:48,0,4439.24,67,28,2846,2846.72,100,ok,0,0,0,0.00,0,0,0,0,0,N/A
2025-10-12 18:15:51,0,4439.24,71,28,2846,2846.72,100,ok,0,0,0,0.00,0,0,0,0,0,N/A
2025-10-12 18:15:54,0,4439.24,71,28,2846,2846.72,100,ok,0,0,0,0.00,0,0,0,0,0,N/A
2025-10-12 18:15:58,0,4439.24,74,28,2846,2846.72,100,ok,0,0,0,0.00,0,0,0,0,0,N/A
2025-10-12 18:16:01,0,4439.24,74,28,2846,2846.72,100,ok,0,0,0,0.00,0,0,0,0,0,N/A
2025-10-12 18:16:04,0,4439.24,74,28,2846,2846.72,100,ok,0,0,0,0.00,0,0,0,0,0,N/A
2025-10-12 18:16:07,0,4439.24,74,28,2846,2846.72,100,ok,0,0,0,0.00,0,0,0,0,0,N/A
2025-10-12 18:16:10,0,4439.24,77,28,2846,2846.72,100,ok,0,0,0,0.00,0,0,0,0,0,N/A
2025-10-12 18:16:14,0,4439.24,77,28,2846,2846.72,100,ok,0,0,0,0.00,0,0,0,0,0,N/A
2025-10-12 18:16:17,0,4439.24,77,28,2846,2846.72,100,ok,0,0,0,0.00,0,0,0,0,0,N/A
2025-10-12 18:16:20,0,4439.24,81,28,2846,2846.72,100,ok,0,0,0,0.00,0,0,0,0,0,N/A
2025-10-12 18:16:24,0,4439.24,81,28,2846,2846.72,100,ok,0,0,0,0.00,0,0,0,0,0,N/A
2025-10-12 18:16:28,0,4439.24,81,28,2846,2846.72,100,ok,0,0,0,0.00,0,0,0,0,0,N/A
2025-10-12 18:16:31,0,4439.24,84,28,2846,2846.72,100,ok,0,0,0,0.00,0,0,0,0,0,N/A
2025-10-12 18:16:35,0,4439.24,84,28,2846,2846.72,100,ok,0,0,0,0.00,0,0,0,0,0,N/A
2025-10-12 18:16:39,0,4439.24,16,28,2846,2846.72,100,ok,0,0,0,0.00,0,0,0,0,0,N/A
2025-10-12 18:16:42,0,4439.24,16,28,2846,2846.72,100,ok,0,0,0,0.00,0,0,0,0,0,N/A
2025-10-12 18:16:47,0,4439.24,16,28,2846,2846.72,100,ok,0,0,0,0.00,0,0,0,0,0,N/A
2025-10-12 18:16:51,0,4439.24,20,28,2846,2846.72,100,ok,0,0,0,0.00,0,0,0,0,0,N/A
2025-10-12 18:16:55,0,4439.24,20,28,2846,2846.72,100,ok,0,0,0,0.00,0,0,0,0,0,N/A
2025-10-12 18:16:58,0,4439.24,20,28,2846,2846.72,100,ok,0,0,0,0.00,0,0,0,0,0,N/A
2025-10-12 18:17:02,0,4439.24,23,28,2846,2846.72,100,ok,0,0,0,0.00,0,0,0,0,0,N/A
2025-10-12 18:17:07,0,4439.24,23,28,2846,2846.72,100,ok,0,0,0,0.00,0,0,0,0,0,N/A
2025-10-12 18:17:11,0,4439.24,23,28,2846,2846.72,100,ok,0,0,0,0.00,0,0,0,0,0,N/A
2025-10-12 18:17:14,0,4439.24,26,28,2846,2846.72,100,ok,0,0,0,0.00,0,0,0,0,0,N/A
2025-10-12 18:17:17,0,4439.24,26,28,2846,2846.72,100,ok,0,0,0,0.00,0,0,0,0,0,N/A
2025-10-12 18:17:20,0,4439.24,26,28,2846,2846.72,100,ok,0,0,0,0.00,0,0,0,0,0,N/A
2025-10-12 18:17:24,0,4439.24,32,28,2846,2846.72,100,ok,0,0,0,0.00,0,0,0,0,0,N/A
2025-10-12 18:17:28,0,4439.24,32,28,2846,2846.72,100,ok,0,0,0,0.00,0,0,0,0,0,N/A
2025-10-12 18:17:32,0,4439.24,32,28,2846,2846.72,100,ok,0,0,0,0.00,0,0,0,0,0,N/A
2025-10-12 18:17:37,0,4439.24,35,28,2846,2846.72,100,ok,0,0,0,0.00,0,0,0,0,0,N/A
2025-10-12 18:17:41,0,4439.24,35,28,2846,2846.72,100,ok,0,0,0,0.00,0,0,0,0,0,N/A
2025-10-12 18:17:45,0,4439.24,35,28,2846,2846.72,100,ok,0,0,0,0.00,0,0,0,0,0,N/A
2025-10-12 18:17:48,0,4439.24,39,28,2846,2846.72,100,ok,0,0,0,0.00,0,0,0,0,0,N/A
2025-10-12 18:17:51,0,4439.24,39,28,2846,2846.72,100,ok,0,0,0,0.00,0,0,0,0,0,N/A
2025-10-12 18:17:55,0,4439.24,39,28,2846,2846.72,100,ok,0,0,0,0.00,0,0,0,0,0,N/A
2025-10-12 18:17:58,0,4439.24,42,28,2846,2846.72,100,ok,0,0,0,0.00,0,0,0,0,0,N/A
2025-10-12 18:18:01,0,4439.24,42,28,2846,2846.72,100,ok,0,0,0,0.00,0,0,0,0,0,N/A
2025-10-12 18:18:05,0,4439.24,45,28,2846,2846.72,100,ok,0,0,0,0.00,0,0,0,0,0,N/A
2025-10-12 18:18:08,0,4439.24,45,28,2846,2846.72,100,ok,0,0,0,0.00,0,0,0,0,0,N/A
2025-10-12 18:18:11,0,4439.24,45,28,2846,2846.72,100,ok,0,0,0,0.00,0,0,0,0,0,N/A
2025-10-12 18:18:18,0,4439.24,49,28,2846,2846.72,100,ok,0,0,0,0.00,0,0,0,0,0,N/A
2025-10-12 18:18:21,0,4439.24,49,28,2846,2846.72,100,ok,0,0,0,0.00,0,0,0,0,0,N/A
2025-10-12 18:18:25,0,4439.24,49,28,2846,2846.72,100,ok,0,0,0,0.00,0,0,0,0,0,N/A
2025-10-12 18:18:28,0,4439.24,52,28,2846,2846.72,100,ok,0,0,0,0.00,0,0,0,0,0,N/A
2025-10-12 18:18:32,0,4439.24,52,28,2846,2846.72,100,ok,0,0,0,0.00,0,0,0,0,0,N/A
2025-10-12 18:18:37,0,4439.24,56,28,2846,2846.72,100,ok,0,0,0,0.00,0,0,0,0,0,N/A
2025-10-12 18:18:40,0,4439.24,56,28,2846,2846.72,100,ok,0,0,0,0.00,0,0,0,0,0,N/A
2025-10-12 18:18:44,0,4439.24,56,28,2846,2846.72,100,ok,0,0,0,0.00,0,0,0,0,0,N/A
2025-10-12 18:18:48,0,4439.24,59,28,2846,2846.72,100,ok,0,0,0,0.00,0,0,0,0,0,N/A
2025-10-12 18:18:51,0,4439.24,59,28,2846,2846.72,100,ok,0,0,0,0.00,0,0,0,0,0,N/A
2025-10-12 18:18:56,0,4439.24,59,28,2846,2846.72,100,ok,0,0,0,0.00,0,0,0,0,0,N/A
2025-10-12 18:19:00,0,4439.24,62,28,2846,2846.72,100,ok,0,0,0,0.00,0,0,0,0,0,N/A
2025-10-12 18:19:03,0,4439.24,62,28,2846,2846.72,100,ok,0,0,0,0.00,0,0,0,0,0,N/A
2025-10-12 18:19:08,0,4439.24,62,28,2846,2846.72,100,ok,0,0,0,0.00,0,0,0,0,0,N/A
2025-10-12 18:19:11,0,4439.24,66,28,2846,2846.72,100,ok,0,0,0,0.00,0,0,0,0,0,N/A
2025-10-12 18:19:14,0,4439.24,66,28,2846,2846.72,100,ok,0,0,0,0.00,0,0,0,0,0,N/A
2025-10-12 18:19:19,0,4439.24,66,28,2846,2846.72,100,ok,0,0,0,0.00,0,0,0,0,0,N/A
2025-10-12 18:19:22,0,4439.24,69,28,2846,2846.72,100,ok,0,0,0,0.00,0,0,0,0,0,N/A
2025-10-12 18:19:27,0,4439.24,69,28,2846,2846.72,100,ok,0,0,0,0.00,0,0,0,0,0,N/A
2025-10-12 18:19:31,0,4439.24,69,28,2846,2846.72,100,ok,0,0,0,0.00,0,0,0,0,0,N/A
2025-10-12 18:19:34,0,4439.24,73,28,2846,2846.72,100,ok,0,0,0,0.00,0,0,0,0,0,N/A
2025-10-12 18:19:37,0,4439.24,73,28,2846,2846.72,100,ok,0,0,0,0.00,0,0,0,0,0,N/A
2025-10-12 18:19:41,0,4439.24,73,28,2846,2846.72,100,ok,0,0,0,0.00,0,0,0,0,0,N/A
2025-10-12 18:19:44,0,4439.24,76,28,2846,2846.72,100,ok,0,0,0,0.00,0,0,0,0,0,N/A
2025-10-12 18:19:48,0,4439.24,76,28,2846,2846.72,100,ok,0,0,0,0.00,0,0,0,0,0,N/A
2025-10-12 18:19:51,0,4439.24,76,28,2846,2846.72,100,ok,0,0,0,0.00,0,0,0,0,0,N/A
2025-10-12 18:19:54,0,4439.24,79,28,2846,2846.72,100,ok,0,0,0,0.00,0,0,0,0,0,N/A
2025-10-12 18:19:58,0,4439.24,79,28,2846,2846.72,100,ok,0,0,0,0.00,0,0,0,0,0,N/A
2025-10-12 18:20:02,0,4439.24,79,28,2846,2846.72,100,ok,0,0,0,0.00,0,0,0,0,0,N/A
2025-10-12 18:20:07,0,4439.24,83,28,2846,2846.72,100,ok,0,0,0,0.00,0,0,0,0,0,N/A
2025-10-12 18:20:10,0,4439.24,83,28,2846,2846.72,100,ok,0,0,0,0.00,0,0,0,0,0,N/A
2025-10-12 18:20:14,0,4439.24,17,28,2846,2846.72,100,ok,0,0,0,0.00,0,0,0,0,0,N/A
2025-10-12 18:20:18,0,4439.24,17,28,2846,2846.72,100,ok,0,0,0,0.00,0,0,0,0,0,N/A
2025-10-12 18:20:21,0,4439.24,17,28,2846,2846.72,100,ok,0,0,0,0.00,0,0,0,0,0,N/A
2025-10-12 18:20:26,0,4439.24,21,28,2846,2846.72,100,ok,0,0,0,0.00,0,0,0,0,0,N/A
2025-10-12 18:20:30,0,4439.24,21,28,2846,2846.72,100,ok,0,0,0,0.00,0,0,0,0,0,N/A
2025-10-12 18:20:33,0,4439.24,21,28,2846,2846.72,100,ok,0,0,0,0.00,0,0,0,0,0,N/A
2025-10-12 18:20:37,0,4439.24,24,28,2846,2846.72,100,ok,0,0,0,0.00,0,0,0,0,0,N/A
2025-10-12 18:20:41,0,4439.24,24,28,2846,2846.72,100,ok,0,0,0,0.00,0,0,0,0,0,N/A
2025-10-12 18:20:44,0,4439.24,24,28,2846,2846.72,100,ok,0,0,0,0.00,0,0,0,0,0,N/A
2025-10-12 18:20:48,0,4439.24,28,28,2846,2846.72,100,ok,0,0,0,0.00,0,0,0,0,0,N/A
2025-10-12 18:20:52,0,4439.24,28,28,2846,2846.72,100,ok,0,0,0,0.00,0,0,0,0,0,N/A
2025-10-12 18:20:56,0,4439.24,28,28,2846,2846.72,100,ok,0,0,0,0.00,0,0,0,0,0,N/A
2025-10-12 18:21:00,0,4439.24,31,28,2846,2846.72,100,ok,0,0,0,0.00,0,0,0,0,0,N/A
2025-10-12 18:21:04,0,4439.24,31,28,2846,2846.72,100,ok,0,0,0,0.00,0,0,0,0,0,N/A
2025-10-12 18:21:08,0,4439.24,34,28,2846,2846.72,100,ok,0,0,0,0.00,0,0,0,0,0,N/A
2025-10-12 18:21:11,0,4439.24,34,28,2846,2846.72,100,ok,0,0,0,0.00,0,0,0,0,0,N/A
2025-10-12 18:21:14,0,4439.24,34,28,2846,2846.72,100,ok,0,0,0,0.00,0,0,0,0,0,N/A
2025-10-12 18:21:18,0,4439.24,38,28,2846,2846.72,100,ok,0,0,0,0.00,0,0,0,0,0,N/A
2025-10-12 18:21:21,0,4439.24,38,28,2846,2846.72,100,ok,0,0,0,0.00,0,0,0,0,0,N/A
2025-10-12 18:21:25,0,4439.24,38,28,2846,2846.72,100,ok,0,0,0,0.00,0,0,0,0,0,N/A
2025-10-12 18:21:28,0,4439.24,41,28,2846,2846.72,100,ok,0,0,0,0.00,0,0,0,0,0,N/A
2025-10-12 18:21:32,0,4439.24,41,28,2846,2846.72,100,ok,0,0,0,0.00,0,0,0,0,0,N/A
2025-10-12 18:21:37,0,4439.24,41,28,2846,2846.72,100,ok,0,0,0,0.00,0,0,0,0,0,N/A
2025-10-12 18:21:41,0,4439.24,44,28,2846,2846.72,100,ok,0,0,0,0.00,0,0,0,0,0,N/A
2025-10-12 18:21:44,0,4439.24,44,28,2846,2846.72,100,ok,0,0,0,0.00,0,0,0,0,0,N/A
2025-10-12 18:21:48,0,4439.24,44,28,2846,2846.72,100,ok,0,0,0,0.00,0,0,0,0,0,N/A
2025-10-12 18:21:52,0,4439.24,48,28,2846,2846.72,100,ok,0,0,0,0.00,0,0,0,0,0,N/A
2025-10-12 18:21:57,0,4439.24,48,28,2846,2846.72,100,ok,0,0,0,0.00,0,0,0,0,0,N/A
2025-10-12 18:22:00,0,4439.24,51,28,2846,2846.72,100,ok,0,0,0,0.00,0,0,0,0,0,N/A
2025-10-12 18:22:04,0,4439.24,51,28,2846,2846.72,100,ok,0,0,0,0.00,0,0,0,0,0,N/A
2025-10-12 18:22:08,0,4439.24,51,28,2846,2846.72,100,ok,0,0,0,0.00,0,0,0,0,0,N/A
2025-10-12 18:22:11,0,4439.24,55,28,2846,2846.72,100,ok,0,0,0,0.00,0,0,0,0,0,N/A
2025-10-12 18:22:14,0,4439.24,55,28,2846,2846.72,100,ok,0,0,0,0.00,0,0,0,0,0,N/A
2025-10-12 18:22:18,0,4439.24,55,28,2846,2846.72,100,ok,0,0,0,0.00,0,0,0,0,0,N/A
2025-10-12 18:22:22,0,4439.24,58,28,2846,2846.72,100,ok,0,0,0,0.00,0,0,0,0,0,N/A
2025-10-12 18:22:27,0,4439.24,58,28,2846,2846.72,100,ok,0,0,0,0.00,0,0,0,0,0,N/A
2025-10-12 18:22:30,0,4439.24,58,28,2846,2846.72,100,ok,0,0,0,0.00,0,0,0,0,0,N/A
2025-10-12 18:22:34,0,4439.24,63,28,2846,2846.72,100,ok,0,0,0,0.00,0,0,0,0,0,N/A
2025-10-12 18:22:38,0,4439.24,63,28,2846,2846.72,100,ok,0,0,0,0.00,0,0,0,0,0,N/A
2025-10-12 18:22:41,0,4439.24,63,28,2846,2846.72,100,ok,0,0,0,0.00,0,0,0,0,0,N/A
2025-10-12 18:22:44,0,4439.24,63,28,2846,2846.72,100,ok,0,0,0,0.00,0,0,0,0,0,N/A
2025-10-12 18:22:48,0,4439.24,67,28,2846,2846.72,100,ok,0,0,0,0.00,0,0,0,0,0,N/A
2025-10-12 18:22:51,0,4439.24,67,28,2846,2846.72,100,ok,0,0,0,0.00,0,0,0,0,0,N/A
2025-10-12 18:22:56,0,4439.24,70,28,2846,2846.72,100,ok,0,0,0,0.00,0,0,0,0,0,N/A
2025-10-12 18:23:00,0,4439.24,70,28,2846,2846.72,100,ok,0,0,0,0.00,0,0,0,0,0,N/A
2025-10-12 18:23:03,0,4439.24,70,28,2846,2846.72,100,ok,0,0,0,0.00,0,0,0,0,0,N/A
2025-10-12 18:23:07,0,4439.24,74,28,2846,2846.72,100,ok,0,0,0,0.00,0,0,0,0,0,N/A
2025-10-12 18:23:11,0,4439.24,74,28,2846,2846.72,100,ok,0,0,0,0.00,0,0,0,0,0,N/A
2025-10-12 18:23:18,0,4439.24,74,28,2846,2846.72,100,ok,0,0,0,0.00,0,0,0,0,0,N/A
2025-10-12 18:23:22,0,4439.24,77,28,2846,2846.72,100,ok,0,0,0,0.00,0,0,0,0,0,N/A
2025-10-12 18:23:27,0,4439.24,77,28,2846,2846.72,100,ok,0,0,0,0.00,0,0,0,0,0,N/A
2025-10-12 18:23:30,0,4439.24,81,28,2846,2846.72,100,ok,0,0,0,0.00,0,0,0,0,0,N/A
2025-10-12 18:23:33,0,4439.24,81,28,2846,2846.72,100,ok,0,0,0,0.00,0,0,0,0,0,N/A
2025-10-12 18:23:38,0,4439.24,81,28,2846,2846.72,100,ok,0,0,0,0.00,0,0,0,0,0,N/A
2025-10-12 18:23:41,0,4439.24,84,28,2846,2846.72,100,ok,0,0,0,0.00,0,0,0,0,0,N/A
2025-10-12 18:23:45,0,4439.24,84,28,2846,2846.72,100,ok,0,0,0,0.00,0,0,0,0,0,N/A
2025-10-12 18:23:48,0,4439.24,84,28,2846,2846.72,100,ok,0,0,0,0.00,0,0,0,0,0,N/A
2025-10-12 18:23:52,0,4439.24,17,28,2846,2846.72,100,ok,0,0,0,0.00,0,0,0,0,0,N/A
2025-10-12 18:23:57,0,4439.24,17,28,2846,2846.72,100,ok,0,0,0,0.00,0,0,0,0,0,N/A
2025-10-12 18:24:00,0,4439.24,17,28,2846,2846.72,100,ok,0,0,0,0.00,0,0,0,0,0,N/A
2025-10-12 18:24:04,0,4439.24,22,28,2846,2846.72,100,ok,0,0,0,0.00,0,0,0,0,0,N/A
2025-10-12 18:24:07,0,4439.24,22,28,2846,2846.72,100,ok,0,0,0,0.00,0,0,0,0,0,N/A
2025-10-12 18:24:11,0,4439.24,22,28,2846,2846.72,100,ok,0,0,0,0.00,0,0,0,0,0,N/A
2025-10-12 18:24:14,0,4439.24,26,28,2846,2846.72,100,ok,0,0,0,0.00,0,0,0,0,0,N/A
2025-10-12 18:24:17,0,4439.24,26,28,2846,2846.72,100,ok,0,0,0,0.00,0,0,0,0,0,N/A
2025-10-12 18:24:21,0,4439.24,26,28,2846,2846.72,100,ok,0,0,0,0.00,0,0,0,0,0,N/A
2025-10-12 18:24:26,0,4439.24,29,28,2846,2846.72,100,ok,0,0,0,0.00,0,0,0,0,0,N/A
2025-10-12 18:24:30,0,4439.24,29,28,2846,2846.72,100,ok,0,0,0,0.00,0,0,0,0,0,N/A
2025-10-12 18:24:34,0,4439.24,29,28,2846,2846.72,100,ok,0,0,0,0.00,0,0,0,0,0,N/A
2025-10-12 18:24:38,0,4439.24,32,28,2846,2846.72,100,ok,0,0,0,0.00,0,0,0,0,0,N/A
2025-10-12 18:24:41,0,4439.24,32,28,2846,2846.72,100,ok,0,0,0,0.00,0,0,0,0,0,N/A
2025-10-12 18:24:47,0,4439.24,36,28,2846,2846.72,100,ok,0,0,0,0.00,0,0,0,0,0,N/A
2025-10-12 18:24:50,0,4439.24,36,28,2846,2846.72,100,ok,0,0,0,0.00,0,0,0,0,0,N/A
2025-10-12 18:24:54,0,4439.24,36,28,2846,2846.72,100,ok,0,0,0,0.00,0,0,0,0,0,N/A
2025-10-12 18:24:58,0,4439.24,39,28,2846,2846.72,100,ok,0,0,0,0.00,0,0,0,0,0,N/A
2025-10-12 18:25:01,0,4439.24,39,28,2846,2846.72,100,ok,0,0,0,0.00,0,0,0,0,0,N/A
2025-10-12 18:25:04,0,4439.24,39,28,2846,2846.72,100,ok,0,0,0,0.00,0,0,0,0,0,N/A
2025-10-12 18:25:08,0,4439.24,43,28,2846,2846.72,100,ok,0,0,0,0.00,0,0,0,0,0,N/A
2025-10-12 18:25:11,0,4439.24,43,28,2846,2846.72,100,ok,0,0,0,0.00,0,0,0,0,0,N/A
2025-10-12 18:25:16,0,4439.24,46,28,2846,2846.72,100,ok,0,0,0,0.00,0,0,0,0,0,N/A
2025-10-12 18:25:19,0,4439.24,46,28,2846,2846.72,100,ok,0,0,0,0.00,0,0,0,0,0,N/A
2025-10-12 18:25:22,0,4439.24,46,28,2846,2846.72,100,ok,0,0,0,0.00,0,0,0,0,0,N/A
2025-10-12 18:25:27,0,4439.24,49,28,2846,2846.72,100,ok,0,0,0,0.00,0,0,0,0,0,N/A
2025-10-12 18:25:31,0,4439.24,49,28,2846,2846.72,100,ok,0,0,0,0.00,0,0,0,0,0,N/A
2025-10-12 18:25:34,0,4439.24,49,28,2846,2846.72,100,ok,0,0,0,0.00,0,0,0,0,0,N/A
2025-10-12 18:25:37,0,4439.24,53,28,2846,2846.72,100,ok,0,0,0,0.00,0,0,0,0,0,N/A
2025-10-12 18:25:41,0,4439.24,53,28,2846,2846.72,100,ok,0,0,0,0.00,0,0,0,0,0,N/A
2025-10-12 18:25:46,0,4439.24,53,28,2846,2846.72,100,ok,0,0,0,0.00,0,0,0,0,0,N/A
2025-10-12 18:25:50,0,4439.24,56,28,2846,2846.72,100,ok,0,0,0,0.00,0,0,0,0,0,N/A
2025-10-12 18:25:54,0,4439.24,56,28,2846,2846.72,100,ok,0,0,0,0.00,0,0,0,0,0,N/A
2025-10-12 18:25:58,0,4439.24,59,28,2846,2846.72,100,ok,0,0,0,0.00,0,0,0,0,0,N/A
2025-10-12 18:26:01,0,4439.24,59,28,2846,2846.72,100,ok,0,0,0,0.00,0,0,0,0,0,N/A
2025-10-12 18:26:06,0,4439.24,59,28,2846,2846.72,100,ok,0,0,0,0.00,0,0,0,0,0,N/A
2025-10-12 18:26:10,0,4439.24,63,28,2846,2846.72,100,ok,0,0,0,0.00,0,0,0,0,0,N/A
2025-10-12 18:26:14,0,4439.24,63,28,2846,2846.72,100,ok,0,0,0,0.00,0,0,0,0,0,N/A
2025-10-12 18:26:17,0,4439.24,63,28,2846,2846.72,100,ok,0,0,0,0.00,0,0,0,0,0,N/A
2025-10-12 18:26:21,0,4439.24,66,28,2846,2846.72,100,ok,0,0,0,0.00,0,0,0,0,0,N/A
2025-10-12 18:26:24,0,4439.24,66,28,2846,2846.72,100,ok,0,0,0,0.00,0,0,0,0,0,N/A
2025-10-12 18:26:28,0,4439.24,66,28,2846,2846.72,100,ok,0,0,0,0.00,0,0,0,0,0,N/A
2025-10-12 18:26:32,0,4439.24,70,28,2846,2846.72,100,ok,0,0,0,0.00,0,0,0,0,0,N/A
2025-10-12 18:26:37,0,4439.24,70,28,2846,2846.72,100,ok,0,0,0,0.00,0,0,0,0,0,N/A
2025-10-12 18:26:40,0,4439.24,70,28,2846,2846.72,100,ok,0,0,0,0.00,0,0,0,0,0,N/A
2025-10-12 18:26:44,0,4439.24,73,28,2846,2846.72,100,ok,0,0,0,0.00,0,0,0,0,0,N/A
2025-10-12 18:26:48,0,4439.24,73,28,2846,2846.72,100,ok,0,0,0,0.00,0,0,0,0,0,N/A
2025-10-12 18:26:52,0,4439.24,76,28,2846,2846.72,100,ok,0,0,0,0.00,0,0,0,0,0,N/A
2025-10-12 18:26:57,0,4439.24,76,28,2846,2846.72,100,ok,0,0,0,0.00,0,0,0,0,0,N/A
2025-10-12 18:27:01,0,4439.24,76,28,2846,2846.72,100,ok,0,0,0,0.00,0,0,0,0,0,N/A
2025-10-12 18:27:04,0,4439.24,80,28,2846,2846.72,100,ok,0,0,0,0.00,0,0,0,0,0,N/A
2025-10-12 18:27:08,0,4439.24,80,28,2846,2846.72,100,ok,0,0,0,0.00,0,0,0,0,0,N/A
2025-10-12 18:27:12,0,4439.24,83,28,2846,2846.72,100,ok,0,0,0,0.00,0,0,0,0,0,N/A
2025-10-12 18:27:17,0,4439.24,83,28,2846,2846.72,100,ok,0,0,0,0.00,0,0,0,0,0,N/A
2025-10-12 18:27:21,0,4439.24,83,28,2846,2846.72,100,ok,0,0,0,0.00,0,0,0,0,0,N/A
2025-10-12 18:27:24,0,4439.24,16,28,2846,2846.72,100,ok,0,0,0,0.00,0,0,0,0,0,N/A
2025-10-12 18:27:27,0,4439.24,16,28,2846,2846.72,100,ok,0,0,0,0.00,0,0,0,0,0,N/A
2025-10-12 18:27:31,0,4439.24,16,28,2846,2846.72,100,ok,0,0,0,0.00,0,0,0,0,0,N/A
2025-10-12 18:27:34,0,4439.24,19,28,2846,2846.72,100,ok,0,0,0,0.00,0,0,0,0,0,N/A
2025-10-12 18:27:38,0,4439.24,19,28,2846,2846.72,100,ok,0,0,0,0.00,0,0,0,0,0,N/A
2025-10-12 18:27:42,0,4439.24,22,28,2846,2846.72,100,ok,0,0,0,0.00,0,0,0,0,0,N/A
2025-10-12 18:27:47,0,4439.24,22,28,2846,2846.72,100,ok,0,0,0,0.00,0,0,0,0,0,N/A
2025-10-12 18:27:51,0,4439.24,22,28,2846,2846.72,100,ok,0,0,0,0.00,0,0,0,0,0,N/A
2025-10-12 18:27:56,0,4439.24,26,28,2846,2846.72,100,ok,0,0,0,0.00,0,0,0,0,0,N/A
2025-10-12 18:28:00,0,4439.24,26,28,2846,2846.72,100,ok,0,0,0,0.00,0,0,0,0,0,N/A
2025-10-12 18:28:03,0,4439.24,31,28,2846,2846.72,100,ok,0,0,0,0.00,0,0,0,0,0,N/A
2025-10-12 18:28:08,0,4439.24,31,28,2846,2846.72,100,ok,0,0,0,0.00,0,0,0,0,0,N/A
2025-10-12 18:28:11,0,4439.24,31,28,2846,2846.72,100,ok,0,0,0,0.00,0,0,0,0,0,N/A
2025-10-12 18:28:18,0,4439.24,34,28,2846,2846.72,100,ok,0,0,0,0.00,0,0,0,0,0,N/A
2025-10-12 18:28:21,0,4439.24,34,28,2846,2846.72,100,ok,0,0,0,0.00,0,0,0,0,0,N/A
2025-10-12 18:28:24,0,4439.24,38,28,2846,2846.72,100,ok,0,0,0,0.00,0,0,0,0,0,N/A
2025-10-12 18:28:28,0,4439.24,38,28,2846,2846.72,100,ok,0,0,0,0.00,0,0,0,0,0,N/A
2025-10-12 18:28:31,0,4439.24,38,28,2846,2846.72,100,ok,0,0,0,0.00,0,0,0,0,0,N/A
2025-10-12 18:28:34,0,4439.24,38,28,2846,2846.72,100,ok,0,0,0,0.00,0,0,0,0,0,N/A
2025-10-12 18:28:38,0,4439.24,42,28,2846,2846.72,100,ok,0,0,0,0.00,0,0,0,0,0,N/A
2025-10-12 18:28:42,0,4439.24,42,28,2846,2846.72,100,ok,0,0,0,0.00,0,0,0,0,0,N/A
2025-10-12 18:28:47,0,4439.24,45,28,2846,2846.72,100,ok,0,0,0,0.00,0,0,0,0,0,N/A
2025-10-12 18:28:51,0,4439.24,45,28,2846,2846.72,100,ok,0,0,0,0.00,0,0,0,0,0,N/A
2025-10-12 18:28:54,0,4439.24,45,28,2846,2846.72,100,ok,0,0,0,0.00,0,0,0,0,0,N/A
2025-10-12 18:28:58,0,4439.24,48,28,2846,2846.72,100,ok,0,0,0,0.00,0,0,0,0,0,N/A
2025-10-12 18:29:01,0,4439.24,48,28,2846,2846.72,100,ok,0,0,0,0.00,0,0,0,0,0,N/A
2025-10-12 18:29:07,0,4439.24,52,28,2846,2846.72,100,ok,0,0,0,0.00,0,0,0,0,0,N/A
2025-10-12 18:29:11,0,4439.24,52,28,2846,2846.72,100,ok,0,0,0,0.00,0,0,0,0,0,N/A
2025-10-12 18:29:16,0,4439.24,52,28,2846,2846.72,100,ok,0,0,0,0.00,0,0,0,0,0,N/A
2025-10-12 18:29:20,0,4439.24,55,28,2846,2846.72,100,ok,0,0,0,0.00,0,0,0,0,0,N/A
2025-10-12 18:29:24,0,4439.24,55,28,2846,2846.72,100,ok,0,0,0,0.00,0,0,0,0,0,N/A
2025-10-12 18:29:28,0,4439.24,58,28,2846,2846.72,100,ok,0,0,0,0.00,0,0,0,0,0,N/A
2025-10-12 18:29:32,0,4439.24,58,28,2846,2846.72,100,ok,0,0,0,0.00,0,0,0,0,0,N/A
2025-10-12 18:29:37,0,4439.24,58,28,2846,2846.72,100,ok,0,0,0,0.00,0,0,0,0,0,N/A
2025-10-12 18:29:40,0,4439.24,62,28,2846,2846.72,100,ok,0,0,0,0.00,0,0,0,0,0,N/A
2025-10-12 18:29:44,0,4439.24,62,28,2846,2846.72,100,ok,0,0,0,0.00,0,0,0,0,0,N/A
2025-10-12 18:29:48,0,4439.24,62,28,2846,2846.72,100,ok,0,0,0,0.00,0,0,0,0,0,N/A
2025-10-12 18:29:51,0,4439.24,65,28,2846,2846.72,100,ok,0,0,0,0.00,0,0,0,0,0,N/A
2025-10-12 18:29:57,0,4439.24,65,28,2846,2846.72,100,ok,0,0,0,0.00,0,0,0,0,0,N/A
2025-10-12 18:30:00,0,4439.24,69,28,2846,2846.72,100,ok,0,0,0,0.00,0,0,0,0,0,N/A
2025-10-12 18:30:04,0,4439.24,69,28,2846,2846.72,100,ok,0,0,0,0.00,0,0,0,0,0,N/A
2025-10-12 18:30:08,0,4439.24,69,28,2846,2846.72,100,ok,0,0,0,0.00,0,0,0,0,0,N/A
2025-10-12 18:30:12,0,4439.24,72,28,2846,2846.72,100,ok,0,0,0,0.00,0,0,0,0,0,N/A
2025-10-12 18:30:17,0,4439.24,72,28,2846,2846.72,100,ok,0,0,0,0.00,0,0,0,0,0,N/A
2025-10-12 18:30:20,0,4439.24,75,28,2846,2846.72,100,ok,0,0,0,0.00,0,0,0,0,0,N/A
2025-10-12 18:30:24,0,4439.24,75,28,2846,2846.72,100,ok,0,0,0,0.00,0,0,0,0,0,N/A
2025-10-12 18:30:28,0,4439.24,75,28,2846,2846.72,100,ok,0,0,0,0.00,0,0,0,0,0,N/A
2025-10-12 18:30:31,0,4439.24,79,28,2846,2846.72,100,ok,0,0,0,0.00,0,0,0,0,0,N/A
2025-10-12 18:30:34,0,4439.24,79,28,2846,2846.72,100,ok,0,0,0,0.00,0,0,0,0,0,N/A
2025-10-12 18:30:38,0,4439.24,79,28,2846,2846.72,100,ok,0,0,0,0.00,0,0,0,0,0,N/A
2025-10-12 18:30:42,0,4439.24,82,28,2846,2846.72,100,ok,0,0,0,0.00,0,0,0,0,0,N/A
2025-10-12 18:30:47,0,4439.24,82,28,2846,2846.72,100,ok,0,0,0,0.00,0,0,0,0,0,N/A
2025-10-12 18:30:50,0,4439.24,86,28,2846,2846.72,100,ok,0,0,0,0.00,0,0,0,0,0,N/A
2025-10-12 18:30:54,0,4439.24,86,28,2846,2846.72,100,ok,0,0,0,0.00,0,0,0,0,0,N/A
2025-10-12 18:30:57,0,4439.24,86,28,2846,2846.72,100,ok,0,0,0,0.00,0,0,0,0,0,N/A
2025-10-12 18:31:01,0,4439.24,18,28,2846,2846.72,100,ok,0,0,0,0.00,0,0,0,0,0,N/A
2025-10-12 18:31:04,0,4439.24,18,28,2846,2846.72,100,ok,0,0,0,0.00,0,0,0,0,0,N/A
2025-10-12 18:31:07,0,4439.24,18,28,2846,2846.72,100,ok,0,0,0,0.00,0,0,0,0,0,N/A
2025-10-12 18:31:11,0,4439.24,21,28,2846,2846.72,100,ok,0,0,0,0.00,0,0,0,0,0,N/A
2025-10-12 18:31:14,0,4439.24,21,28,2846,2846.72,100,ok,0,0,0,0.00,0,0,0,0,0,N/A
2025-10-12 18:31:18,0,4439.24,21,28,2846,2846.72,100,ok,0,0,0,0.00,0,0,0,0,0,N/A
2025-10-12 18:31:21,0,4439.24,24,28,2846,2846.72,100,ok,0,0,0,0.00,0,0,0,0,0,N/A
2025-10-12 18:31:26,0,4439.24,24,28,2846,2846.72,100,ok,0,0,0,0.00,0,0,0,0,0,N/A
2025-10-12 18:31:30,0,4439.24,24,28,2846,2846.72,100,ok,0,0,0,0.00,0,0,0,0,0,N/A
2025-10-12 18:31:34,0,4439.24,29,28,2846,2846.72,100,ok,0,0,0,0.00,0,0,0,0,0,N/A
2025-10-12 18:31:38,0,4439.24,29,28,2846,2846.72,100,ok,0,0,0,0.00,0,0,0,0,0,N/A
2025-10-12 18:31:41,0,4439.24,29,28,2846,2846.72,100,ok,0,0,0,0.00,0,0,0,0,0,N/A
2025-10-12 18:31:46,0,4439.24,33,28,2846,2846.72,100,ok,0,0,0,0.00,0,0,0,0,0,N/A
2025-10-12 18:31:50,0,4439.24,33,28,2846,2846.72,100,ok,0,0,0,0.00,0,0,0,0,0,N/A
2025-10-12 18:31:53,0,4439.24,33,28,2846,2846.72,100,ok,0,0,0,0.00,0,0,0,0,0,N/A
2025-10-12 18:31:58,0,4439.24,37,28,2846,2846.72,100,ok,0,0,0,0.00,0,0,0,0,0,N/A
2025-10-12 18:32:01,0,4439.24,37,28,2846,2846.72,100,ok,0,0,0,0.00,0,0,0,0,0,N/A
2025-10-12 18:32:04,0,4439.24,37,28,2846,2846.72,100,ok,0,0,0,0.00,0,0,0,0,0,N/A
2025-10-12 18:32:08,0,4439.24,40,28,2846,2846.72,100,ok,0,0,0,0.00,0,0,0,0,0,N/A
2025-10-12 18:32:11,0,4439.24,40,28,2846,2846.72,100,ok,0,0,0,0.00,0,0,0,0,0,N/A
2025-10-12 18:32:16,0,4439.24,40,28,2846,2846.72,100,ok,0,0,0,0.00,0,0,0,0,0,N/A
2025-10-12 18:32:20,0,4439.24,44,28,2846,2846.72,100,ok,0,0,0,0.00,0,0,0,0,0,N/A
2025-10-12 18:32:23,0,4439.24,44,28,2846,2846.72,100,ok,0,0,0,0.00,0,0,0,0,0,N/A
2025-10-12 18:32:28,0,4439.24,44,28,2846,2846.72,100,ok,0,0,0,0.00,0,0,0,0,0,N/A
2025-10-12 18:32:32,0,4439.24,47,28,2846,2846.72,100,ok,0,0,0,0.00,0,0,0,0,0,N/A
2025-10-12 18:32:37,0,4439.24,47,28,2846,2846.72,100,ok,0,0,0,0.00,0,0,0,0,0,N/A
2025-10-12 18:32:40,0,4439.24,47,28,2846,2846.72,100,ok,0,0,0,0.00,0,0,0,0,0,N/A
2025-10-12 18:32:43,0,4439.24,52,28,2846,2846.72,100,ok,0,0,0,0.00,0,0,0,0,0,N/A
2025-10-12 18:32:48,0,4439.24,52,28,2846,2846.72,100,ok,0,0,0,0.00,0,0,0,0,0,N/A
2025-10-12 18:32:52,0,4439.24,52,28,2846,2846.72,100,ok,0,0,0,0.00,0,0,0,0,0,N/A
2025-10-12 18:32:56,0,4439.24,56,28,2846,2846.72,100,ok,0,0,0,0.00,0,0,0,0,0,N/A
2025-10-12 18:33:00,0,4439.24,56,28,2846,2846.72,100,ok,0,0,0,0.00,0,0,0,0,0,N/A
2025-10-12 18:33:04,0,4439.24,56,28,2846,2846.72,100,ok,0,0,0,0.00,0,0,0,0,0,N/A
2025-10-12 18:33:08,0,4439.24,59,28,2846,2846.72,100,ok,0,0,0,0.00,0,0,0,0,0,N/A
2025-10-12 18:33:11,0,4439.24,59,28,2846,2846.72,100,ok,0,0,0,0.00,0,0,0,0,0,N/A
2025-10-12 18:33:18,0,4439.24,62,28,2846,2846.72,100,ok,0,0,0,0.00,0,0,0,0,0,N/A
2025-10-12 18:33:22,0,4439.24,62,28,2846,2846.72,100,ok,0,0,0,0.00,0,0,0,0,0,N/A
2025-10-12 18:33:27,0,4439.24,66,28,2846,2846.72,100,ok,0,0,0,0.00,0,0,0,0,0,N/A
2025-10-12 18:33:30,0,4439.24,66,28,2846,2846.72,100,ok,0,0,0,0.00,0,0,0,0,0,N/A
2025-10-12 18:33:34,0,4439.24,66,28,2846,2846.72,100,ok,0,0,0,0.00,0,0,0,0,0,N/A
2025-10-12 18:33:38,0,4439.24,69,28,2846,2846.72,100,ok,0,0,0,0.00,0,0,0,0,0,N/A
2025-10-12 18:33:41,0,4439.24,69,28,2846,2846.72,100,ok,0,0,0,0.00,0,0,0,0,0,N/A
2025-10-12 18:33:46,0,4439.24,73,28,2846,2846.72,100,ok,0,0,0,0.00,0,0,0,0,0,N/A
2025-10-12 18:33:50,0,4439.24,73,28,2846,2846.72,100,ok,0,0,0,0.00,0,0,0,0,0,N/A
2025-10-12 18:33:53,0,4439.24,73,28,2846,2846.72,100,ok,0,0,0,0.00,0,0,0,0,0,N/A
2025-10-12 18:33:57,0,4439.24,76,28,2846,2846.72,100,ok,0,0,0,0.00,0,0,0,0,0,N/A
2025-10-12 18:34:01,0,4439.24,76,28,2846,2846.72,100,ok,0,0,0,0.00,0,0,0,0,0,N/A
2025-10-12 18:34:06,0,4439.24,76,28,2846,2846.72,100,ok,0,0,0,0.00,0,0,0,0,0,N/A
2025-10-12 18:34:10,0,4439.24,80,28,2846,2846.72,100,ok,0,0,0,0.00,0,0,0,0,0,N/A
2025-10-12 18:34:14,0,4439.24,80,28,2846,2846.72,100,ok,0,0,0,0.00,0,0,0,0,0,N/A
2025-10-12 18:34:17,0,4439.24,83,28,2846,2846.72,100,ok,0,0,0,0.00,0,0,0,0,0,N/A
2025-10-12 18:34:21,0,4439.24,83,28,2846,2846.72,100,ok,0,0,0,0.00,0,0,0,0,0,N/A
2025-10-12 18:34:24,0,4439.24,83,28,2846,2846.72,100,ok,0,0,0,0.00,0,0,0,0,0,N/A
2025-10-12 18:34:28,0,4439.24,16,28,2846,2846.72,100,ok,0,0,0,0.00,0,0,0,0,0,N/A
2025-10-12 18:34:32,0,4439.24,16,28,2846,2846.72,100,ok,0,0,0,0.00,0,0,0,0,0,N/A
2025-10-12 18:34:36,0,4439.24,16,28,2846,2846.72,100,ok,0,0,0,0.00,0,0,0,0,0,N/A
2025-10-12 18:34:40,0,4439.24,20,28,2846,2846.72,100,ok,0,0,0,0.00,0,0,0,0,0,N/A
2025-10-12 18:34:44,0,4439.24,20,28,2846,2846.72,100,ok,0,0,0,0.00,0,0,0,0,0,N/A
2025-10-12 18:34:47,0,4439.24,20,28,2846,2846.72,100,ok,0,0,0,0.00,0,0,0,0,0,N/A
2025-10-12 18:34:51,0,4439.24,23,28,2846,2846.72,100,ok,0,0,0,0.00,0,0,0,0,0,N/A
2025-10-12 18:34:55,0,4439.24,23,28,2846,2846.72,100,ok,0,0,0,0.00,0,0,0,0,0,N/A
2025-10-12 18:34:58,0,4439.24,23,28,2846,2846.72,100,ok,0,0,0,0.00,0,0,0,0,0,N/A
2025-10-12 18:35:02,0,4439.24,26,28,2846,2846.72,100,ok,0,0,0,0.00,0,0,0,0,0,N/A
2025-10-12 18:35:07,0,4439.24,26,28,2846,2846.72,100,ok,0,0,0,0.00,0,0,0,0,0,N/A
2025-10-12 18:35:11,0,4439.24,26,28,2846,2846.72,100,ok,0,0,0,0.00,0,0,0,0,0,N/A
2025-10-12 18:35:14,0,4439.24,32,28,2846,2846.72,100,ok,0,0,0,0.00,0,0,0,0,0,N/A
2025-10-12 18:35:17,0,4439.24,32,28,2846,2846.72,100,ok,0,0,0,0.00,0,0,0,0,0,N/A
2025-10-12 18:35:21,0,4439.24,32,28,2846,2846.72,100,ok,0,0,0,0.00,0,0,0,0,0,N/A
2025-10-12 18:35:24,0,4439.24,35,28,2846,2846.72,100,ok,0,0,0,0.00,0,0,0,0,0,N/A
2025-10-12 18:35:28,0,4439.24,35,28,2846,2846.72,100,ok,0,0,0,0.00,0,0,0,0,0,N/A
2025-10-12 18:35:32,0,4439.24,35,28,2846,2846.72,100,ok,0,0,0,0.00,0,0,0,0,0,N/A
2025-10-12 18:35:37,0,4439.24,39,28,2846,2846.72,100,ok,0,0,0,0.00,0,0,0,0,0,N/A
2025-10-12 18:35:41,0,4439.24,39,28,2846,2846.72,100,ok,0,0,0,0.00,0,0,0,0,0,N/A
2025-10-12 18:35:44,0,4439.24,39,28,2846,2846.72,100,ok,0,0,0,0.00,0,0,0,0,0,N/A
2025-10-12 18:35:48,0,4439.24,42,28,2846,2846.72,100,ok,0,0,0,0.00,0,0,0,0,0,N/A
2025-10-12 18:35:51,0,4439.24,42,28,2846,2846.72,100,ok,0,0,0,0.00,0,0,0,0,0,N/A
2025-10-12 18:35:54,0,4439.24,42,28,2846,2846.72,100,ok,0,0,0,0.00,0,0,0,0,0,N/A
2025-10-12 18:35:58,0,4439.24,46,28,2846,2846.72,100,ok,0,0,0,0.00,0,0,0,0,0,N/A
2025-10-12 18:36:02,0,4439.24,46,28,2846,2846.72,100,ok,0,0,0,0.00,0,0,0,0,0,N/A
2025-10-12 18:36:07,0,4439.24,49,28,2846,2846.72,100,ok,0,0,0,0.00,0,0,0,0,0,N/A
2025-10-12 18:36:11,0,4439.24,49,28,2846,2846.72,100,ok,0,0,0,0.00,0,0,0,0,0,N/A
2025-10-12 18:36:14,0,4439.24,49,28,2846,2846.72,100,ok,0,0,0,0.00,0,0,0,0,0,N/A
2025-10-12 18:36:18,0,4439.24,52,28,2846,2846.72,100,ok,0,0,0,0.00,0,0,0,0,0,N/A
2025-10-12 18:36:22,0,4439.24,52,28,2846,2846.72,100,ok,0,0,0,0.00,0,0,0,0,0,N/A
2025-10-12 18:36:26,0,4439.24,52,28,2846,2846.72,100,ok,0,0,0,0.00,0,0,0,0,0,N/A
2025-10-12 18:36:30,0,4439.24,56,28,2846,2846.72,100,ok,0,0,0,0.00,0,0,0,0,0,N/A
2025-10-12 18:36:34,0,4439.24,56,28,2846,2846.72,100,ok,0,0,0,0.00,0,0,0,0,0,N/A
2025-10-12 18:36:37,0,4439.24,56,28,2846,2846.72,100,ok,0,0,0,0.00,0,0,0,0,0,N/A
2025-10-12 18:36:42,0,4439.24,59,28,2846,2846.72,100,ok,0,0,0,0.00,0,0,0,0,0,N/A
2025-10-12 18:36:47,0,4439.24,59,28,2846,2846.72,100,ok,0,0,0,0.00,0,0,0,0,0,N/A
2025-10-12 18:36:51,0,4439.24,62,28,2846,2846.72,100,ok,0,0,0,0.00,0,0,0,0,0,N/A
2025-10-12 18:36:54,0,4439.24,62,28,2846,2846.72,100,ok,0,0,0,0.00,0,0,0,0,0,N/A
2025-10-12 18:36:57,0,4439.24,62,28,2846,2846.72,100,ok,0,0,0,0.00,0,0,0,0,0,N/A
2025-10-12 18:37:01,0,4439.24,66,28,2846,2846.72,100,ok,0,0,0,0.00,0,0,0,0,0,N/A
2025-10-12 18:37:04,0,4439.24,66,28,2846,2846.72,100,ok,0,0,0,0.00,0,0,0,0,0,N/A
2025-10-12 18:37:08,0,4439.24,69,28,2846,2846.72,100,ok,0,0,0,0.00,0,0,0,0,0,N/A
2025-10-12 18:37:12,0,4439.24,69,28,2846,2846.72,100,ok,0,0,0,0.00,0,0,0,0,0,N/A
2025-10-12 18:37:16,0,4439.24,69,28,2846,2846.72,100,ok,0,0,0,0.00,0,0,0,0,0,N/A
2025-10-12 18:37:20,0,4439.24,73,28,2846,2846.72,100,ok,0,0,0,0.00,0,0,0,0,0,N/A
2025-10-12 18:37:24,0,4439.24,73,28,2846,2846.72,100,ok,0,0,0,0.00,0,0,0,0,0,N/A
2025-10-12 18:37:28,0,4439.24,73,28,2846,2846.72,100,ok,0,0,0,0.00,0,0,0,0,0,N/A
2025-10-12 18:37:31,0,4439.24,76,28,2846,2846.72,100,ok,0,0,0,0.00,0,0,0,0,0,N/A
2025-10-12 18:37:34,0,4439.24,76,28,2846,2846.72,100,ok,0,0,0,0.00,0,0,0,0,0,N/A
2025-10-12 18:37:37,0,4439.24,76,28,2846,2846.72,100,ok,0,0,0,0.00,0,0,0,0,0,N/A
2025-10-12 18:37:41,0,4439.24,76,28,2846,2846.72,100,ok,0,0,0,0.00,0,0,0,0,0,N/A
2025-10-12 18:37:44,0,4439.24,79,28,2846,2846.72,100,ok,0,0,0,0.00,0,0,0,0,0,N/A
2025-10-12 18:37:48,0,4439.24,79,28,2846,2846.72,100,ok,0,0,0,0.00,0,0,0,0,0,N/A
2025-10-12 18:37:51,0,4439.24,83,28,2846,2846.72,100,ok,0,0,0,0.00,0,0,0,0,0,N/A
2025-10-12 18:37:56,0,4439.24,83,28,2846,2846.72,100,ok,0,0,0,0.00,0,0,0,0,0,N/A
2025-10-12 18:38:00,0,4439.24,83,28,2846,2846.72,100,ok,0,0,0,0.00,0,0,0,0,0,N/A
2025-10-12 18:38:03,0,4439.24,17,28,2846,2846.72,100,ok,0,0,0,0.00,0,0,0,0,0,N/A
2025-10-12 18:38:07,0,4439.24,17,28,2846,2846.72,100,ok,0,0,0,0.00,0,0,0,0,0,N/A
2025-10-12 18:38:11,0,4439.24,17,28,2846,2846.72,100,ok,0,0,0,0.00,0,0,0,0,0,N/A
2025-10-12 18:38:18,0,4439.24,20,28,2846,2846.72,100,ok,0,0,0,0.00,0,0,0,0,0,N/A
2025-10-12 18:38:21,0,4439.24,20,28,2846,2846.72,100,ok,0,0,0,0.00,0,0,0,0,0,N/A
2025-10-12 18:38:24,0,4439.24,24,28,2846,2846.72,100,ok,0,0,0,0.00,0,0,0,0,0,N/A
2025-10-12 18:38:28,0,4439.24,24,28,2846,2846.72,100,ok,0,0,0,0.00,0,0,0,0,0,N/A
2025-10-12 18:38:31,0,4439.24,24,28,2846,2846.72,100,ok,0,0,0,0.00,0,0,0,0,0,N/A
2025-10-12 18:38:34,0,4439.24,24,28,2846,2846.72,100,ok,0,0,0,0.00,0,0,0,0,0,N/A
2025-10-12 18:38:38,0,4439.24,28,28,2846,2846.72,100,ok,0,0,0,0.00,0,0,0,0,0,N/A
2025-10-12 18:38:41,0,4439.24,28,28,2846,2846.72,100,ok,0,0,0,0.00,0,0,0,0,0,N/A
2025-10-12 18:38:47,0,4439.24,31,28,2846,2846.72,100,ok,0,0,0,0.00,0,0,0,0,0,N/A
2025-10-12 18:38:50,0,4439.24,31,28,2846,2846.72,100,ok,0,0,0,0.00,0,0,0,0,0,N/A
2025-10-12 18:38:54,0,4439.24,31,28,2846,2846.72,100,ok,0,0,0,0.00,0,0,0,0,0,N/A
2025-10-12 18:38:57,0,4439.24,34,28,2846,2846.72,100,ok,0,0,0,0.00,0,0,0,0,0,N/A
2025-10-12 18:39:01,0,4439.24,34,28,2846,2846.72,100,ok,0,0,0,0.00,0,0,0,0,0,N/A
2025-10-12 18:39:04,0,4439.24,34,28,2846,2846.72,100,ok,0,0,0,0.00,0,0,0,0,0,N/A
2025-10-12 18:39:07,0,4439.24,34,28,2846,2846.72,100,ok,0,0,0,0.00,0,0,0,0,0,N/A
2025-10-12 18:39:11,0,4439.24,38,28,2846,2846.72,100,ok,0,0,0,0.00,0,0,0,0,0,N/A
2025-10-12 18:39:14,0,4439.24,38,28,2846,2846.72,100,ok,0,0,0,0.00,0,0,0,0,0,N/A
2025-10-12 18:39:18,0,4439.24,38,28,2846,2846.72,100,ok,0,0,0,0.00,0,0,0,0,0,N/A
2025-10-12 18:39:21,0,4439.24,41,28,2846,2846.72,100,ok,0,0,0,0.00,0,0,0,0,0,N/A
2025-10-12 18:39:24,0,4439.24,41,28,2846,2846.72,100,ok,0,0,0,0.00,0,0,0,0,0,N/A
2025-10-12 18:39:28,0,4439.24,41,28,2846,2846.72,100,ok,0,0,0,0.00,0,0,0,0,0,N/A
2025-10-12 18:39:31,0,4439.24,44,28,2846,2846.72,100,ok,0,0,0,0.00,0,0,0,0,0,N/A
2025-10-12 18:39:34,0,4439.24,44,28,2846,2846.72,100,ok,0,0,0,0.00,0,0,0,0,0,N/A
2025-10-12 18:39:37,0,4439.24,44,28,2846,2846.72,100,ok,0,0,0,0.00,0,0,0,0,0,N/A
2025-10-12 18:39:41,0,4439.24,48,28,2846,2846.72,100,ok,0,0,0,0.00,0,0,0,0,0,N/A
2025-10-12 18:39:44,0,4439.24,48,28,2846,2846.72,100,ok,0,0,0,0.00,0,0,0,0,0,N/A
2025-10-12 18:39:48,0,4439.24,51,28,2846,2846.72,100,ok,0,0,0,0.00,0,0,0,0,0,N/A
2025-10-12 18:39:51,0,4439.24,51,28,2846,2846.72,100,ok,0,0,0,0.00,0,0,0,0,0,N/A
2025-10-12 18:39:56,0,4439.24,51,28,2846,2846.72,100,ok,0,0,0,0.00,0,0,0,0,0,N/A
2025-10-12 18:40:00,0,4439.24,55,28,2846,2846.72,100,ok,0,0,0,0.00,0,0,0,0,0,N/A
2025-10-12 18:40:04,0,4439.24,55,28,2846,2846.72,100,ok,0,0,0,0.00,0,0,0,0,0,N/A
2025-10-12 18:40:07,0,4439.24,55,28,2846,2846.72,100,ok,0,0,0,0.00,0,0,0,0,0,N/A
2025-10-12 18:40:11,0,4439.24,58,28,2846,2846.72,100,ok,0,0,0,0.00,0,0,0,0,0,N/A
2025-10-12 18:40:14,0,4439.24,58,28,2846,2846.72,100,ok,0,0,0,0.00,0,0,0,0,0,N/A
2025-10-12 18:40:18,0,4439.24,58,28,2846,2846.72,100,ok,0,0,0,0.00,0,0,0,0,0,N/A
2025-10-12 18:40:22,0,4439.24,62,28,2846,2846.72,100,ok,0,0,0,0.00,0,0,0,0,0,N/A
2025-10-12 18:40:27,0,4439.24,62,28,2846,2846.72,100,ok,0,0,0,0.00,0,0,0,0,0,N/A
2025-10-12 18:40:31,0,4439.24,62,28,2846,2846.72,100,ok,0,0,0,0.00,0,0,0,0,0,N/A
2025-10-12 18:40:34,0,4439.24,65,28,2846,2846.72,100,ok,0,0,0,0.00,0,0,0,0,0,N/A
2025-10-12 18:40:38,0,4439.24,65,28,2846,2846.72,100,ok,0,0,0,0.00,0,0,0,0,0,N/A
2025-10-12 18:40:42,0,4439.24,65,28,2846,2846.72,100,ok,0,0,0,0.00,0,0,0,0,0,N/A
2025-10-12 18:40:47,0,4439.24,68,28,2846,2846.72,100,ok,0,0,0,0.00,0,0,0,0,0,N/A
2025-10-12 18:40:51,0,4439.24,68,28,2846,2846.72,100,ok,0,0,0,0.00,0,0,0,0,0,N/A
2025-10-12 18:40:54,0,4439.24,73,28,2846,2846.72,100,ok,0,0,0,0.00,0,0,0,0,0,N/A
2025-10-12 18:40:58,0,4439.24,73,28,2846,2846.72,100,ok,0,0,0,0.00,0,0,0,0,0,N/A
2025-10-12 18:41:02,0,4439.24,73,28,2846,2846.72,100,ok,0,0,0,0.00,0,0,0,0,0,N/A
2025-10-12 18:41:07,0,4439.24,77,28,2846,2846.72,100,ok,0,0,0,0.00,0,0,0,0,0,N/A
2025-10-12 18:41:10,0,4439.24,77,28,2846,2846.72,100,ok,0,0,0,0.00,0,0,0,0,0,N/A
2025-10-12 18:41:14,0,4439.24,77,28,2846,2846.72,100,ok,0,0,0,0.00,0,0,0,0,0,N/A
2025-10-12 18:41:18,0,4439.24,81,28,2846,2846.72,100,ok,0,0,0,0.00,0,0,0,0,0,N/A
2025-10-12 18:41:21,0,4439.24,81,28,2846,2846.72,100,ok,0,0,0,0.00,0,0,0,0,0,N/A
2025-10-12 18:41:26,0,4439.24,84,28,2846,2846.72,100,ok,0,0,0,0.00,0,0,0,0,0,N/A
2025-10-12 18:41:30,0,4439.24,84,28,2846,2846.72,100,ok,0,0,0,0.00,0,0,0,0,0,N/A
2025-10-12 18:41:33,0,4439.24,84,28,2846,2846.72,100,ok,0,0,0,0.00,0,0,0,0,0,N/A
2025-10-12 18:41:37,0,4439.24,17,28,2846,2846.72,100,ok,0,0,0,0.00,0,0,0,0,0,N/A
2025-10-12 18:41:41,0,4439.24,17,28,2846,2846.72,100,ok,0,0,0,0.00,0,0,0,0,0,N/A
2025-10-12 18:41:44,0,4439.24,17,28,2846,2846.72,100,ok,0,0,0,0.00,0,0,0,0,0,N/A
2025-10-12 18:41:48,0,4439.24,20,28,2846,2846.72,100,ok,0,0,0,0.00,0,0,0,0,0,N/A
2025-10-12 18:41:52,0,4439.24,20,28,2846,2846.72,100,ok,0,0,0,0.00,0,0,0,0,0,N/A
2025-10-12 18:41:57,0,4439.24,20,28,2846,2846.72,100,ok,0,0,0,0.00,0,0,0,0,0,N/A
2025-10-12 18:42:00,0,4439.24,23,28,2846,2846.72,100,ok,0,0,0,0.00,0,0,0,0,0,N/A
2025-10-12 18:42:04,0,4439.24,23,28,2846,2846.72,100,ok,0,0,0,0.00,0,0,0,0,0,N/A
2025-10-12 18:42:08,0,4439.24,27,28,2846,2846.72,100,ok,0,0,0,0.00,0,0,0,0,0,N/A
2025-10-12 18:42:12,0,4439.24,27,28,2846,2846.72,100,ok,0,0,0,0.00,0,0,0,0,0,N/A
2025-10-12 18:42:17,0,4439.24,27,28,2846,2846.72,100,ok,0,0,0,0.00,0,0,0,0,0,N/A
2025-10-12 18:42:21,0,4439.24,30,28,2846,2846.72,100,ok,0,0,0,0.00,0,0,0,0,0,N/A
2025-10-12 18:42:27,0,4439.24,30,28,2846,2846.72,100,ok,0,0,0,0.00,0,0,0,0,0,N/A
2025-10-12 18:42:30,0,4439.24,34,28,2846,2846.72,100,ok,0,0,0,0.00,0,0,0,0,0,N/A
2025-10-12 18:42:34,0,4439.24,34,28,2846,2846.72,100,ok,0,0,0,0.00,0,0,0,0,0,N/A
2025-10-12 18:42:37,0,4439.24,34,28,2846,2846.72,100,ok,0,0,0,0.00,0,0,0,0,0,N/A
2025-10-12 18:42:41,0,4439.24,37,28,2846,2846.72,100,ok,0,0,0,0.00,0,0,0,0,0,N/A
2025-10-12 18:42:46,0,4439.24,37,28,2846,2846.72,100,ok,0,0,0,0.00,0,0,0,0,0,N/A
2025-10-12 18:42:49,0,4439.24,37,28,2846,2846.72,100,ok,0,0,0,0.00,0,0,0,0,0,N/A
2025-10-12 18:42:53,0,4439.24,41,28,2846,2846.72,100,ok,0,0,0,0.00,0,0,0,0,0,N/A
2025-10-12 18:42:57,0,4439.24,41,28,2846,2846.72,100,ok,0,0,0,0.00,0,0,0,0,0,N/A
2025-10-12 18:43:01,0,4439.24,41,28,2846,2846.72,100,ok,0,0,0,0.00,0,0,0,0,0,N/A
2025-10-12 18:43:04,0,4439.24,46,28,2846,2846.72,100,ok,0,0,0,0.00,0,0,0,0,0,N/A
2025-10-12 18:43:08,0,4439.24,46,28,2846,2846.72,100,ok,0,0,0,0.00,0,0,0,0,0,N/A
2025-10-12 18:43:12,0,4439.24,46,28,2846,2846.72,100,ok,0,0,0,0.00,0,0,0,0,0,N/A
2025-10-12 18:43:17,0,4439.24,49,28,2846,2846.72,100,ok,0,0,0,0.00,0,0,0,0,0,N/A
2025-10-12 18:43:21,0,4439.24,49,28,2846,2846.72,100,ok,0,0,0,0.00,0,0,0,0,0,N/A
2025-10-12 18:43:24,0,4439.24,49,28,2846,2846.72,100,ok,0,0,0,0.00,0,0,0,0,0,N/A
2025-10-12 18:43:28,0,4439.24,53,28,2846,2846.72,100,ok,0,0,0,0.00,0,0,0,0,0,N/A
2025-10-12 18:43:31,0,4439.24,53,28,2846,2846.72,100,ok,0,0,0,0.00,0,0,0,0,0,N/A
2025-10-12 18:43:34,0,4439.24,53,28,2846,2846.72,100,ok,0,0,0,0.00,0,0,0,0,0,N/A
2025-10-12 18:43:38,0,4439.24,56,28,2846,2846.72,100,ok,0,0,0,0.00,0,0,0,0,0,N/A
2025-10-12 18:43:41,0,4439.24,56,28,2846,2846.72,100,ok,0,0,0,0.00,0,0,0,0,0,N/A
2025-10-12 18:43:44,0,4439.24,56,28,2846,2846.72,100,ok,0,0,0,0.00,0,0,0,0,0,N/A
2025-10-12 18:43:48,0,4439.24,59,28,2846,2846.72,100,ok,0,0,0,0.00,0,0,0,0,0,N/A
2025-10-12 18:43:51,0,4439.24,59,28,2846,2846.72,100,ok,0,0,0,0.00,0,0,0,0,0,N/A
2025-10-12 18:43:54,0,4439.24,59,28,2846,2846.72,100,ok,0,0,0,0.00,0,0,0,0,0,N/A
2025-10-12 18:43:57,0,4439.24,63,28,2846,2846.72,100,ok,0,0,0,0.00,0,0,0,0,0,N/A
2025-10-12 18:44:00,0,4439.24,63,28,2846,2846.72,100,ok,0,0,0,0.00,0,0,0,0,0,N/A
2025-10-12 18:44:04,0,4439.24,63,28,2846,2846.72,100,ok,0,0,0,0.00,0,0,0,0,0,N/A
2025-10-12 18:44:07,0,4439.24,66,28,2846,2846.72,100,ok,0,0,0,0.00,0,0,0,0,0,N/A
2025-10-12 18:44:11,0,4439.24,66,28,2846,2846.72,100,ok,0,0,0,0.00,0,0,0,0,0,N/A
2025-10-12 18:44:14,0,4439.24,66,28,2846,2846.72,100,ok,0,0,0,0.00,0,0,0,0,0,N/A
2025-10-12 18:44:17,0,4439.24,70,28,2846,2846.72,100,ok,0,0,0,0.00,0,0,0,0,0,N/A
2025-10-12 18:44:20,0,4439.24,70,28,2846,2846.72,100,ok,0,0,0,0.00,0,0,0,0,0,N/A
2025-10-12 18:44:24,0,4439.24,70,28,2846,2846.72,100,ok,0,0,0,0.00,0,0,0,0,0,N/A
2025-10-12 18:44:28,0,4439.24,73,28,2846,2846.72,100,ok,0,0,0,0.00,0,0,0,0,0,N/A
2025-10-12 18:44:31,0,4439.24,73,28,2846,2846.72,100,ok,0,0,0,0.00,0,0,0,0,0,N/A
2025-10-12 18:44:34,0,4439.24,73,28,2846,2846.72,100,ok,0,0,0,0.00,0,0,0,0,0,N/A
2025-10-12 18:44:38,0,4439.24,76,28,2846,2846.72,100,ok,0,0,0,0.00,0,0,0,0,0,N/A
2025-10-12 18:44:41,0,4439.24,76,28,2846,2846.72,100,ok,0,0,0,0.00,0,0,0,0,0,N/A
2025-10-12 18:44:44,0,4439.24,76,28,2846,2846.72,100,ok,0,0,0,0.00,0,0,0,0,0,N/A
2025-10-12 18:44:48,0,4439.24,80,28,2846,2846.72,100,ok,0,0,0,0.00,0,0,0,0,0,N/A
2025-10-12 18:44:51,0,4439.24,80,28,2846,2846.72,100,ok,0,0,0,0.00,0,0,0,0,0,N/A
2025-10-12 18:44:54,0,4439.24,80,28,2846,2846.72,100,ok,0,0,0,0.00,0,0,0,0,0,N/A
2025-10-12 18:44:57,0,4439.24,83,28,2846,2846.72,100,ok,0,0,0,0.00,0,0,0,0,0,N/A
2025-10-12 18:45:01,0,4439.24,83,28,2846,2846.72,100,ok,0,0,0,0.00,0,0,0,0,0,N/A
2025-10-12 18:45:04,0,4439.24,83,28,2846,2846.72,100,ok,0,0,0,0.00,0,0,0,0,0,N/A
2025-10-12 18:45:08,0,4439.24,16,28,2846,2846.72,100,ok,0,0,0,0.00,0,0,0,0,0,N/A
2025-10-12 18:45:11,0,4439.24,16,28,2846,2846.72,100,ok,0,0,0,0.00,0,0,0,0,0,N/A
2025-10-12 18:45:14,0,4439.24,16,28,2846,2846.72,100,ok,0,0,0,0.00,0,0,0,0,0,N/A
2025-10-12 18:45:17,0,4439.24,19,28,2846,2846.72,100,ok,0,0,0,0.00,0,0,0,0,0,N/A
2025-10-12 18:45:21,0,4439.24,19,28,2846,2846.72,100,ok,0,0,0,0.00,0,0,0,0,0,N/A
2025-10-12 18:45:24,0,4439.24,19,28,2846,2846.72,100,ok,0,0,0,0.00,0,0,0,0,0,N/A
2025-10-12 18:45:28,0,4439.24,22,28,2846,2846.72,100,ok,0,0,0,0.00,0,0,0,0,0,N/A
2025-10-12 18:45:31,0,4439.24,22,28,2846,2846.72,100,ok,0,0,0,0.00,0,0,0,0,0,N/A
2025-10-12 18:45:34,0,4439.24,22,28,2846,2846.72,100,ok,0,0,0,0.00,0,0,0,0,0,N/A
2025-10-12 18:45:38,0,4439.24,26,28,2846,2846.72,100,ok,0,0,0,0.00,0,0,0,0,0,N/A
2025-10-12 18:45:41,0,4439.24,26,28,2846,2846.72,100,ok,0,0,0,0.00,0,0,0,0,0,N/A
2025-10-12 18:45:44,0,4439.24,26,28,2846,2846.72,100,ok,0,0,0,0.00,0,0,0,0,0,N/A
2025-10-12 18:45:48,0,4439.24,29,28,2846,2846.72,100,ok,0,0,0,0.00,0,0,0,0,0,N/A
2025-10-12 18:45:51,0,4439.24,29,28,2846,2846.72,100,ok,0,0,0,0.00,0,0,0,0,0,N/A
2025-10-12 18:45:54,0,4439.24,29,28,2846,2846.72,100,ok,0,0,0,0.00,0,0,0,0,0,N/A
2025-10-12 18:45:58,0,4439.24,32,28,2846,2846.72,100,ok,0,0,0,0.00,0,0,0,0,0,N/A
2025-10-12 18:46:01,0,4439.24,32,28,2846,2846.72,100,ok,0,0,0,0.00,0,0,0,0,0,N/A
2025-10-12 18:46:04,0,4439.24,32,28,2846,2846.72,100,ok,0,0,0,0.00,0,0,0,0,0,N/A
2025-10-12 18:46:08,0,4439.24,36,28,2846,2846.72,100,ok,0,0,0,0.00,0,0,0,0,0,N/A
2025-10-12 18:46:11,0,4439.24,36,28,2846,2846.72,100,ok,0,0,0,0.00,0,0,0,0,0,N/A
2025-10-12 18:46:16,0,4439.24,39,28,2846,2846.72,100,ok,0,0,0,0.00,0,0,0,0,0,N/A
2025-10-12 18:46:20,0,4439.24,39,28,2846,2846.72,100,ok,0,0,0,0.00,0,0,0,0,0,N/A
2025-10-12 18:46:23,0,4439.24,39,28,2846,2846.72,100,ok,0,0,0,0.00,0,0,0,0,0,N/A
2025-10-12 18:46:27,0,4439.24,42,28,2846,2846.72,100,ok,0,0,0,0.00,0,0,0,0,0,N/A
2025-10-12 18:46:31,0,4439.24,42,28,2846,2846.72,100,ok,0,0,0,0.00,0,0,0,0,0,N/A
2025-10-12 18:46:34,0,4439.24,42,28,2846,2846.72,100,ok,0,0,0,0.00,0,0,0,0,0,N/A
2025-10-12 18:46:38,0,4439.24,46,28,2846,2846.72,100,ok,0,0,0,0.00,0,0,0,0,0,N/A
2025-10-12 18:46:41,0,4439.24,46,28,2846,2846.72,100,ok,0,0,0,0.00,0,0,0,0,0,N/A
2025-10-12 18:46:44,0,4439.24,46,28,2846,2846.72,100,ok,0,0,0,0.00,0,0,0,0,0,N/A
2025-10-12 18:46:48,0,4439.24,46,28,2846,2846.72,100,ok,0,0,0,0.00,0,0,0,0,0,N/A
2025-10-12 18:46:51,0,4439.24,49,28,2846,2846.72,100,ok,0,0,0,0.00,0,0,0,0,0,N/A
2025-10-12 18:46:54,0,4439.24,49,28,2846,2846.72,100,ok,0,0,0,0.00,0,0,0,0,0,N/A
2025-10-12 18:46:58,0,4439.24,49,28,2846,2846.72,100,ok,0,0,0,0.00,0,0,0,0,0,N/A
2025-10-12 18:47:01,0,4439.24,53,28,2846,2846.72,100,ok,0,0,0,0.00,0,0,0,0,0,N/A
2025-10-12 18:47:04,0,4439.24,53,28,2846,2846.72,100,ok,0,0,0,0.00,0,0,0,0,0,N/A
2025-10-12 18:47:07,0,4439.24,53,28,2846,2846.72,100,ok,0,0,0,0.00,0,0,0,0,0,N/A
2025-10-12 18:47:11,0,4439.24,56,28,2846,2846.72,100,ok,0,0,0,0.00,0,0,0,0,0,N/A
2025-10-12 18:47:14,0,4439.24,56,28,2846,2846.72,100,ok,0,0,0,0.00,0,0,0,0,0,N/A
2025-10-12 18:47:18,0,4439.24,56,28,2846,2846.72,100,ok,0,0,0,0.00,0,0,0,0,0,N/A
2025-10-12 18:47:21,0,4439.24,59,28,2846,2846.72,100,ok,0,0,0,0.00,0,0,0,0,0,N/A
2025-10-12 18:47:24,0,4439.24,59,28,2846,2846.72,100,ok,0,0,0,0.00,0,0,0,0,0,N/A
2025-10-12 18:47:28,0,4439.24,59,28,2846,2846.72,100,ok,0,0,0,0.00,0,0,0,0,0,N/A
2025-10-12 18:47:31,0,4439.24,63,28,2846,2846.72,100,ok,0,0,0,0.00,0,0,0,0,0,N/A
2025-10-12 18:47:36,0,4439.24,63,28,2846,2846.72,100,ok,0,0,0,0.00,0,0,0,0,0,N/A
2025-10-12 18:47:39,0,4439.24,66,28,2846,2846.72,100,ok,0,0,0,0.00,0,0,0,0,0,N/A
2025-10-12 18:47:43,0,4439.24,66,28,2846,2846.72,100,ok,0,0,0,0.00,0,0,0,0,0,N/A
2025-10-12 18:47:47,0,4439.24,66,28,2846,2846.72,100,ok,0,0,0,0.00,0,0,0,0,0,N/A
2025-10-12 18:47:51,0,4439.24,70,28,2846,2846.72,100,ok,0,0,0,0.00,0,0,0,0,0,N/A
2025-10-12 18:47:54,0,4439.24,70,28,2846,2846.72,100,ok,0,0,0,0.00,0,0,0,0,0,N/A
2025-10-12 18:47:57,0,4439.24,70,28,2846,2846.72,100,ok,0,0,0,0.00,0,0,0,0,0,N/A
2025-10-12 18:48:01,0,4439.24,73,28,2846,2846.72,100,ok,0,0,0,0.00,0,0,0,0,0,N/A
2025-10-12 18:48:04,0,4439.24,73,28,2846,2846.72,100,ok,0,0,0,0.00,0,0,0,0,0,N/A
2025-10-12 18:48:08,0,4439.24,73,28,2846,2846.72,100,ok,0,0,0,0.00,0,0,0,0,0,N/A
2025-10-12 18:48:11,0,4439.24,76,28,2846,2846.72,100,ok,0,0,0,0.00,0,0,0,0,0,N/A
2025-10-12 18:48:18,0,4439.24,76,28,2846,2846.72,100,ok,0,0,0,0.00,0,0,0,0,0,N/A
2025-10-12 18:48:21,0,4439.24,76,28,2846,2846.72,100,ok,0,0,0,0.00,0,0,0,0,0,N/A
2025-10-12 18:48:26,0,4439.24,80,28,2846,2846.72,100,ok,0,0,0,0.00,0,0,0,0,0,N/A
2025-10-12 18:48:29,0,4439.24,80,28,2846,2846.72,100,ok,0,0,0,0.00,0,0,0,0,0,N/A
2025-10-12 18:48:32,0,4439.24,83,28,2846,2846.72,100,ok,0,0,0,0.00,0,0,0,0,0,N/A
2025-10-12 18:48:37,0,4439.24,83,28,2846,2846.72,100,ok,0,0,0,0.00,0,0,0,0,0,N/A
2025-10-12 18:48:40,0,4439.24,83,28,2846,2846.72,100,ok,0,0,0,0.00,0,0,0,0,0,N/A
2025-10-12 18:48:44,0,4439.24,17,28,2846,2846.72,100,ok,0,0,0,0.00,0,0,0,0,0,N/A
2025-10-12 18:48:48,0,4439.24,17,28,2846,2846.72,100,ok,0,0,0,0.00,0,0,0,0,0,N/A
2025-10-12 18:48:51,0,4439.24,17,28,2846,2846.72,100,ok,0,0,0,0.00,0,0,0,0,0,N/A
2025-10-12 18:48:54,0,4439.24,21,28,2846,2846.72,100,ok,0,0,0,0.00,0,0,0,0,0,N/A
2025-10-12 18:48:58,0,4439.24,21,28,2846,2846.72,100,ok,0,0,0,0.00,0,0,0,0,0,N/A
2025-10-12 18:49:01,0,4439.24,21,28,2846,2846.72,100,ok,0,0,0,0.00,0,0,0,0,0,N/A
2025-10-12 18:49:04,0,4439.24,21,28,2846,2846.72,100,ok,0,0,0,0.00,0,0,0,0,0,N/A
2025-10-12 18:49:08,0,4439.24,24,28,2846,2846.72,100,ok,0,0,0,0.00,0,0,0,0,0,N/A
2025-10-12 18:49:11,0,4439.24,24,28,2846,2846.72,100,ok,0,0,0,0.00,0,0,0,0,0,N/A
2025-10-12 18:49:14,0,4439.24,24,28,2846,2846.72,100,ok,0,0,0,0.00,0,0,0,0,0,N/A
2025-10-12 18:49:18,0,4439.24,27,28,2846,2846.72,100,ok,0,0,0,0.00,0,0,0,0,0,N/A
2025-10-12 18:49:21,0,4439.24,27,28,2846,2846.72,100,ok,0,0,0,0.00,0,0,0,0,0,N/A
2025-10-12 18:49:24,0,4439.24,27,28,2846,2846.72,100,ok,0,0,0,0.00,0,0,0,0,0,N/A
2025-10-12 18:49:28,0,4439.24,31,28,2846,2846.72,100,ok,0,0,0,0.00,0,0,0,0,0,N/A
2025-10-12 18:49:31,0,4439.24,31,28,2846,2846.72,100,ok,0,0,0,0.00,0,0,0,0,0,N/A
2025-10-12 18:49:36,0,4439.24,34,28,2846,2846.72,100,ok,0,0,0,0.00,0,0,0,0,0,N/A
2025-10-12 18:49:40,0,4439.24,34,28,2846,2846.72,100,ok,0,0,0,0.00,0,0,0,0,0,N/A
2025-10-12 18:49:44,0,4439.24,34,28,2846,2846.72,100,ok,0,0,0,0.00,0,0,0,0,0,N/A
2025-10-12 18:49:48,0,4439.24,38,28,2846,2846.72,100,ok,0,0,0,0.00,0,0,0,0,0,N/A
2025-10-12 18:49:52,0,4439.24,38,28,2846,2846.72,100,ok,0,0,0,0.00,0,0,0,0,0,N/A
2025-10-12 18:49:57,0,4439.24,38,28,2846,2846.72,100,ok,0,0,0,0.00,0,0,0,0,0,N/A
2025-10-12 18:50:00,0,4439.24,41,28,2846,2846.72,100,ok,0,0,0,0.00,0,0,0,0,0,N/A
2025-10-12 18:50:03,0,4439.24,41,28,2846,2846.72,100,ok,0,0,0,0.00,0,0,0,0,0,N/A
2025-10-12 18:50:08,0,4439.24,44,28,2846,2846.72,100,ok,0,0,0,0.00,0,0,0,0,0,N/A
2025-10-12 18:50:11,0,4439.24,44,28,2846,2846.72,100,ok,0,0,0,0.00,0,0,0,0,0,N/A
2025-10-12 18:50:17,0,4439.24,44,28,2846,2846.72,100,ok,0,0,0,0.00,0,0,0,0,0,N/A
2025-10-12 18:50:20,0,4439.24,48,28,2846,2846.72,100,ok,0,0,0,0.00,0,0,0,0,0,N/A
2025-10-12 18:50:23,0,4439.24,48,28,2846,2846.72,100,ok,0,0,0,0.00,0,0,0,0,0,N/A
2025-10-12 18:50:28,0,4439.24,48,28,2846,2846.72,100,ok,0,0,0,0.00,0,0,0,0,0,N/A
2025-10-12 18:50:31,0,4439.24,51,28,2846,2846.72,100,ok,0,0,0,0.00,0,0,0,0,0,N/A
2025-10-12 18:50:36,0,4439.24,51,28,2846,2846.72,100,ok,0,0,0,0.00,0,0,0,0,0,N/A
2025-10-12 18:50:40,0,4439.24,51,28,2846,2846.72,100,ok,0,0,0,0.00,0,0,0,0,0,N/A
2025-10-12 18:50:43,0,4439.24,56,28,2846,2846.72,100,ok,0,0,0,0.00,0,0,0,0,0,N/A
2025-10-12 18:50:48,0,4439.24,56,28,2846,2846.72,100,ok,0,0,0,0.00,0,0,0,0,0,N/A
2025-10-12 18:50:51,0,4439.24,56,28,2846,2846.72,100,ok,0,0,0,0.00,0,0,0,0,0,N/A
2025-10-12 18:50:54,0,4439.24,60,28,2846,2846.72,100,ok,0,0,0,0.00,0,0,0,0,0,N/A
2025-10-12 18:50:58,0,4439.24,60,28,2846,2846.72,100,ok,0,0,0,0.00,0,0,0,0,0,N/A
2025-10-12 18:51:02,0,4439.24,60,28,2846,2846.72,100,ok,0,0,0,0.00,0,0,0,0,0,N/A
2025-10-12 18:51:06,0,4439.24,64,28,2846,2846.72,100,ok,0,0,0,0.00,0,0,0,0,0,N/A
2025-10-12 18:51:10,0,4439.24,64,28,2846,2846.72,100,ok,0,0,0,0.00,0,0,0,0,0,N/A
2025-10-12 18:51:14,0,4439.24,64,28,2846,2846.72,100,ok,0,0,0,0.00,0,0,0,0,0,N/A
2025-10-12 18:51:18,0,4439.24,67,28,2846,2846.72,100,ok,0,0,0,0.00,0,0,0,0,0,N/A
2025-10-12 18:51:22,0,4439.24,67,28,2846,2846.72,100,ok,0,0,0,0.00,0,0,0,0,0,N/A
2025-10-12 18:51:27,0,4439.24,67,28,2846,2846.72,100,ok,0,0,0,0.00,0,0,0,0,0,N/A
2025-10-12 18:51:30,0,4439.24,71,28,2846,2846.72,100,ok,0,0,0,0.00,0,0,0,0,0,N/A
2025-10-12 18:51:34,0,4439.24,71,28,2846,2846.72,100,ok,0,0,0,0.00,0,0,0,0,0,N/A
2025-10-12 18:51:38,0,4439.24,71,28,2846,2846.72,100,ok,0,0,0,0.00,0,0,0,0,0,N/A
2025-10-12 18:51:41,0,4439.24,74,28,2846,2846.72,100,ok,0,0,0,0.00,0,0,0,0,0,N/A
2025-10-12 18:51:44,0,4439.24,74,28,2846,2846.72,100,ok,0,0,0,0.00,0,0,0,0,0,N/A
2025-10-12 18:51:48,0,4439.24,74,28,2846,2846.72,100,ok,0,0,0,0.00,0,0,0,0,0,N/A
2025-10-12 18:51:51,0,4439.24,77,28,2846,2846.72,100,ok,0,0,0,0.00,0,0,0,0,0,N/A
2025-10-12 18:51:55,0,4439.24,77,28,2846,2846.72,100,ok,0,0,0,0.00,0,0,0,0,0,N/A
2025-10-12 18:51:58,0,4439.24,77,28,2846,2846.72,100,ok,0,0,0,0.00,0,0,0,0,0,N/A
2025-10-12 18:52:02,0,4439.24,81,28,2846,2846.72,100,ok,0,0,0,0.00,0,0,0,0,0,N/A
2025-10-12 18:52:07,0,4439.24,81,28,2846,2846.72,100,ok,0,0,0,0.00,0,0,0,0,0,N/A
2025-10-12 18:52:11,0,4439.24,81,28,2846,2846.72,100,ok,0,0,0,0.00,0,0,0,0,0,N/A
2025-10-12 18:52:15,0,4439.24,84,28,2846,2846.72,100,ok,0,0,0,0.00,0,0,0,0,0,N/A
2025-10-12 18:52:18,0,4439.24,84,28,2846,2846.72,100,ok,0,0,0,0.00,0,0,0,0,0,N/A
2025-10-12 18:52:22,0,4439.24,84,28,2846,2846.72,100,ok,0,0,0,0.00,0,0,0,0,0,N/A
2025-10-12 18:52:27,0,4439.24,17,28,2846,2846.72,100,ok,0,0,0,0.00,0,0,0,0,0,N/A
2025-10-12 18:52:30,0,4439.24,17,28,2846,2846.72,100,ok,0,0,0,0.00,0,0,0,0,0,N/A
2025-10-12 18:52:33,0,4439.24,21,28,2846,2846.72,100,ok,0,0,0,0.00,0,0,0,0,0,N/A
2025-10-12 18:52:38,0,4439.24,21,28,2846,2846.72,100,ok,0,0,0,0.00,0,0,0,0,0,N/A
2025-10-12 18:52:41,0,4439.24,21,28,2846,2846.72,100,ok,0,0,0,0.00,0,0,0,0,0,N/A
2025-10-12 18:52:46,0,4439.24,25,28,2846,2846.72,100,ok,0,0,0,0.00,0,0,0,0,0,N/A
2025-10-12 18:52:50,0,4439.24,25,28,2846,2846.72,100,ok,0,0,0,0.00,0,0,0,0,0,N/A
2025-10-12 18:52:53,0,4439.24,29,28,2846,2846.72,100,ok,0,0,0,0.00,0,0,0,0,0,N/A
2025-10-12 18:52:58,0,4439.24,29,28,2846,2846.72,100,ok,0,0,0,0.00,0,0,0,0,0,N/A
2025-10-12 18:53:02,0,4439.24,29,28,2846,2846.72,100,ok,0,0,0,0.00,0,0,0,0,0,N/A
2025-10-12 18:53:07,0,4439.24,32,28,2846,2846.72,100,ok,0,0,0,0.00,0,0,0,0,0,N/A
2025-10-12 18:53:11,0,4439.24,32,28,2846,2846.72,100,ok,0,0,0,0.00,0,0,0,0,0,N/A
2025-10-12 18:53:18,0,4439.24,35,28,2846,2846.72,100,ok,0,0,0,0.00,0,0,0,0,0,N/A
2025-10-12 18:53:22,0,4439.24,35,28,2846,2846.72,100,ok,0,0,0,0.00,0,0,0,0,0,N/A
2025-10-12 18:53:27,0,4439.24,39,28,2846,2846.72,100,ok,0,0,0,0.00,0,0,0,0,0,N/A
2025-10-12 18:53:30,0,4439.24,39,28,2846,2846.72,100,ok,0,0,0,0.00,0,0,0,0,0,N/A
2025-10-12 18:53:34,0,4439.24,39,28,2846,2846.72,100,ok,0,0,0,0.00,0,0,0,0,0,N/A
2025-10-12 18:53:38,0,4439.24,43,28,2846,2846.72,100,ok,0,0,0,0.00,0,0,0,0,0,N/A
2025-10-12 18:53:41,0,4439.24,43,28,2846,2846.72,100,ok,0,0,0,0.00,0,0,0,0,0,N/A
2025-10-12 18:53:44,0,4439.24,46,28,2846,2846.72,100,ok,0,0,0,0.00,0,0,0,0,0,N/A
2025-10-12 18:53:48,0,4439.24,46,28,2846,2846.72,100,ok,0,0,0,0.00,0,0,0,0,0,N/A
2025-10-12 18:53:51,0,4439.24,46,28,2846,2846.72,100,ok,0,0,0,0.00,0,0,0,0,0,N/A
2025-10-12 18:53:54,0,4439.24,49,28,2846,2846.72,100,ok,0,0,0,0.00,0,0,0,0,0,N/A
2025-10-12 18:53:58,0,4439.24,49,28,2846,2846.72,100,ok,0,0,0,0.00,0,0,0,0,0,N/A
2025-10-12 18:54:01,0,4439.24,49,28,2846,2846.72,100,ok,0,0,0,0.00,0,0,0,0,0,N/A
2025-10-12 18:54:06,0,4439.24,53,28,2846,2846.72,100,ok,0,0,0,0.00,0,0,0,0,0,N/A
2025-10-12 18:54:10,0,4439.24,53,28,2846,2846.72,100,ok,0,0,0,0.00,0,0,0,0,0,N/A
2025-10-12 18:54:14,0,4439.24,53,28,2846,2846.72,100,ok,0,0,0,0.00,0,0,0,0,0,N/A
2025-10-12 18:54:17,0,4439.24,56,28,2846,2846.72,100,ok,0,0,0,0.00,0,0,0,0,0,N/A
2025-10-12 18:54:21,0,4439.24,56,28,2846,2846.72,100,ok,0,0,0,0.00,0,0,0,0,0,N/A
2025-10-12 18:54:24,0,4439.24,56,28,2846,2846.72,100,ok,0,0,0,0.00,0,0,0,0,0,N/A
2025-10-12 18:54:27,0,4439.24,59,28,2846,2846.72,100,ok,0,0,0,0.00,0,0,0,0,0,N/A
2025-10-12 18:54:31,0,4439.24,59,28,2846,2846.72,100,ok,0,0,0,0.00,0,0,0,0,0,N/A
2025-10-12 18:54:34,0,4439.24,59,28,2846,2846.72,100,ok,0,0,0,0.00,0,0,0,0,0,N/A
2025-10-12 18:54:38,0,4439.24,63,28,2846,2846.72,100,ok,0,0,0,0.00,0,0,0,0,0,N/A
2025-10-12 18:54:41,0,4439.24,63,28,2846,2846.72,100,ok,0,0,0,0.00,0,0,0,0,0,N/A
2025-10-12 18:54:44,0,4439.24,63,28,2846,2846.72,100,ok,0,0,0,0.00,0,0,0,0,0,N/A
2025-10-12 18:54:48,0,4439.24,66,28,2846,2846.72,100,ok,0,0,0,0.00,0,0,0,0,0,N/A
2025-10-12 18:54:52,0,4439.24,66,28,2846,2846.72,100,ok,0,0,0,0.00,0,0,0,0,0,N/A
2025-10-12 18:54:56,0,4439.24,66,28,2846,2846.72,100,ok,0,0,0,0.00,0,0,0,0,0,N/A
2025-10-12 18:55:00,0,4439.24,70,28,2846,2846.72,100,ok,0,0,0,0.00,0,0,0,0,0,N/A
2025-10-12 18:55:04,0,4439.24,70,28,2846,2846.72,100,ok,0,0,0,0.00,0,0,0,0,0,N/A
2025-10-12 18:55:08,0,4439.24,70,28,2846,2846.72,100,ok,0,0,0,0.00,0,0,0,0,0,N/A
2025-10-12 18:55:12,0,4439.24,73,28,2846,2846.72,100,ok,0,0,0,0.00,0,0,0,0,0,N/A
2025-10-12 18:55:16,0,4439.24,73,28,2846,2846.72,100,ok,0,0,0,0.00,0,0,0,0,0,N/A
2025-10-12 18:55:20,0,4439.24,73,28,2846,2846.72,100,ok,0,0,0,0.00,0,0,0,0,0,N/A
2025-10-12 18:55:23,0,4439.24,78,28,2846,2846.72,100,ok,0,0,0,0.00,0,0,0,0,0,N/A
2025-10-12 18:55:28,0,4439.24,78,28,2846,2846.72,100,ok,0,0,0,0.00,0,0,0,0,0,N/A
2025-10-12 18:55:31,0,4439.24,78,28,2846,2846.72,100,ok,0,0,0,0.00,0,0,0,0,0,N/A
2025-10-12 18:55:35,0,4439.24,82,28,2846,2846.72,100,ok,0,0,0,0.00,0,0,0,0,0,N/A
2025-10-12 18:55:38,0,4439.24,82,28,2846,2846.72,100,ok,0,0,0,0.00,0,0,0,0,0,N/A
2025-10-12 18:55:42,0,4439.24,82,28,2846,2846.72,100,ok,0,0,0,0.00,0,0,0,0,0,N/A
2025-10-12 18:55:47,0,4439.24,86,28,2846,2846.72,100,ok,0,0,0,0.00,0,0,0,0,0,N/A
2025-10-12 18:55:54,0,4439.24,86,28,2846,2846.72,100,ok,0,0,0,0.00,0,0,0,0,0,N/A
2025-10-12 18:55:57,0,4439.24,19,28,2846,2846.72,100,ok,0,0,0,0.00,0,0,0,0,0,N/A
2025-10-12 18:56:01,0,4439.24,19,28,2846,2846.72,100,ok,0,0,0,0.00,0,0,0,0,0,N/A
2025-10-12 18:56:04,0,4439.24,19,28,2846,2846.72,100,ok,0,0,0,0.00,0,0,0,0,0,N/A
2025-10-12 18:56:08,0,4439.24,22,28,2846,2846.72,100,ok,0,0,0,0.00,0,0,0,0,0,N/A
2025-10-12 18:56:11,0,4439.24,22,28,2846,2846.72,100,ok,0,0,0,0.00,0,0,0,0,0,N/A
2025-10-12 18:56:14,0,4439.24,22,28,2846,2846.72,100,ok,0,0,0,0.00,0,0,0,0,0,N/A
2025-10-12 18:56:17,0,4439.24,25,28,2846,2846.72,100,ok,0,0,0,0.00,0,0,0,0,0,N/A
2025-10-12 18:56:20,0,4439.24,25,28,2846,2846.72,100,ok,0,0,0,0.00,0,0,0,0,0,N/A
2025-10-12 18:56:24,0,4439.24,25,28,2846,2846.72,100,ok,0,0,0,0.00,0,0,0,0,0,N/A
2025-10-12 18:56:28,0,4439.24,29,28,2846,2846.72,100,ok,0,0,0,0.00,0,0,0,0,0,N/A
2025-10-12 18:56:31,0,4439.24,29,28,2846,2846.72,100,ok,0,0,0,0.00,0,0,0,0,0,N/A
2025-10-12 18:56:34,0,4439.24,29,28,2846,2846.72,100,ok,0,0,0,0.00,0,0,0,0,0,N/A
2025-10-12 18:56:38,0,4439.24,32,28,2846,2846.72,100,ok,0,0,0,0.00,0,0,0,0,0,N/A
2025-10-12 18:56:42,0,4439.24,32,28,2846,2846.72,100,ok,0,0,0,0.00,0,0,0,0,0,N/A
2025-10-12 18:56:47,0,4439.24,35,28,2846,2846.72,100,ok,0,0,0,0.00,0,0,0,0,0,N/A
2025-10-12 18:56:50,0,4439.24,35,28,2846,2846.72,100,ok,0,0,0,0.00,0,0,0,0,0,N/A
2025-10-12 18:56:54,0,4439.24,35,28,2846,2846.72,100,ok,0,0,0,0.00,0,0,0,0,0,N/A
2025-10-12 18:56:58,0,4439.24,39,28,2846,2846.72,100,ok,0,0,0,0.00,0,0,0,0,0,N/A
2025-10-12 18:57:07,0,4439.24,42,28,2846,2846.72,100,ok,0,0,0,0.00,0,0,0,0,0,N/A
2025-10-12 18:57:10,0,4439.24,42,28,2846,2846.72,100,ok,0,0,0,0.00,0,0,0,0,0,N/A
2025-10-12 18:57:14,0,4439.24,42,28,2846,2846.72,100,ok,0,0,0,0.00,0,0,0,0,0,N/A
2025-10-12 18:57:18,0,4439.24,46,28,2846,2846.72,100,ok,0,0,0,0.00,0,0,0,0,0,N/A
2025-10-12 18:57:21,0,4439.24,46,28,2846,2846.72,100,ok,0,0,0,0.00,0,0,0,0,0,N/A
2025-10-12 18:57:24,0,4439.24,46,28,2846,2846.72,100,ok,0,0,0,0.00,0,0,0,0,0,N/A
2025-10-12 18:57:28,0,4439.24,49,28,2846,2846.72,100,ok,0,0,0,0.00,0,0,0,0,0,N/A
2025-10-12 18:57:31,0,4439.24,49,28,2846,2846.72,100,ok,0,0,0,0.00,0,0,0,0,0,N/A
2025-10-12 18:57:39,0,4439.24,52,28,2846,2846.72,100,ok,0,0,0,0.00,0,0,0,0,0,N/A
2025-10-12 18:57:42,0,4439.24,52,28,2846,2846.72,100,ok,0,0,0,0.00,0,0,0,0,0,N/A
2025-10-12 18:57:53,0,4439.24,56,28,2846,2846.72,100,ok,0,0,0,0.00,0,0,0,0,0,N/A
2025-10-12 18:58:05,0,4439.24,59,28,2846,2846.72,100,ok,0,0,0,0.00,0,0,0,0,0,N/A
2025-10-12 18:58:18,0,4439.24,63,28,2846,2846.72,100,ok,0,0,0,0.00,0,0,0,0,0,N/A
2025-10-12 18:58:21,0,4439.24,66,28,2846,2846.72,100,ok,0,0,0,0.00,0,0,0,0,0,N/A
2025-10-12 18:58:26,0,4439.24,66,28,2846,2846.72,100,ok,0,0,0,0.00,0,0,0,0,0,N/A
2025-10-12 18:58:30,0,4439.24,66,28,2846,2846.72,100,ok,0,0,0,0.00,0,0,0,0,0,N/A
2025-10-12 18:58:34,0,4439.24,71,28,2846,2846.72,100,ok,0,0,0,0.00,0,0,0,0,0,N/A
2025-10-12 18:58:37,0,4439.24,71,28,2846,2846.72,100,ok,0,0,0,0.00,0,0,0,0,0,N/A
2025-10-12 18:58:42,0,4439.24,71,28,2846,2846.72,100,ok,0,0,0,0.00,0,0,0,0,0,N/A
2025-10-12 18:58:47,0,4439.24,75,28,2846,2846.72,100,ok,0,0,0,0.00,0,0,0,0,0,N/A
2025-10-12 18:58:50,0,4439.24,75,28,2846,2846.72,100,ok,0,0,0,0.00,0,0,0,0,0,N/A
2025-10-12 18:58:54,0,4439.24,75,28,2846,2846.72,100,ok,0,0,0,0.00,0,0,0,0,0,N/A
2025-10-12 18:58:58,0,4439.24,78,28,2846,2846.72,100,ok,0,0,0,0.00,0,0,0,0,0,N/A
2025-10-12 18:59:02,0,4439.24,78,28,2846,2846.72,100,ok,0,0,0,0.00,0,0,0,0,0,N/A
2025-10-12 18:59:07,0,4439.24,82,28,2846,2846.72,100,ok,0,0,0,0.00,0,0,0,0,0,N/A
2025-10-12 18:59:10,0,4439.24,82,28,2846,2846.72,100,ok,0,0,0,0.00,0,0,0,0,0,N/A
2025-10-12 18:59:14,0,4439.24,82,28,2846,2846.72,100,ok,0,0,0,0.00,0,0,0,0,0,N/A
2025-10-12 18:59:18,0,4439.24,85,28,2846,2846.72,100,ok,0,0,0,0.00,0,0,0,0,0,N/A
2025-10-12 18:59:22,0,4439.24,85,28,2846,2846.72,100,ok,0,0,0,0.00,0,0,0,0,0,N/A
2025-10-12 18:59:26,0,4439.24,85,28,2846,2846.72,100,ok,0,0,0,0.00,0,0,0,0,0,N/A
2025-10-12 18:59:30,0,4439.24,17,29,2846,2846.72,100,ok,0,0,0,0.00,0,0,0,0,0,N/A
2025-10-12 18:59:34,0,4439.24,17,29,2846,2846.72,100,ok,0,0,0,0.00,0,0,0,0,0,N/A
2025-10-12 18:59:38,0,4439.24,17,29,2846,2846.72,100,ok,0,0,0,0.00,0,0,0,0,0,N/A
2025-10-12 18:59:41,0,4439.24,21,29,2846,2846.72,100,ok,0,0,0,0.00,0,0,0,0,0,N/A
2025-10-12 18:59:44,0,4439.24,21,29,2846,2846.72,100,ok,0,0,0,0.00,0,0,0,0,0,N/A
2025-10-12 18:59:47,0,4439.24,21,29,2846,2846.72,100,ok,0,0,0,0.00,0,0,0,0,0,N/A
2025-10-12 18:59:51,0,4439.24,24,29,2846,2846.72,100,ok,0,0,0,0.00,0,0,0,0,0,N/A
2025-10-12 18:59:54,0,4439.24,24,29,2846,2846.72,100,ok,0,0,0,0.00,0,0,0,0,0,N/A
2025-10-12 18:59:58,0,4439.24,24,29,2846,2846.72,100,ok,0,0,0,0.00,0,0,0,0,0,N/A
2025-10-12 19:00:01,0,4439.24,24,29,2846,2846.72,100,ok,0,0,0,0.00,0,0,0,0,0,N/A
2025-10-12 19:00:04,0,4439.24,27,29,2846,2846.72,100,ok,0,0,0,0.00,0,0,0,0,0,N/A
2025-10-12 19:00:08,0,4439.24,27,29,2846,2846.72,100,ok,0,0,0,0.00,0,0,0,0,0,N/A
2025-10-12 19:00:12,0,4439.24,31,29,2846,2846.72,100,ok,0,0,0,0.00,0,0,0,0,0,N/A
2025-10-12 19:00:17,0,4439.24,31,29,2846,2846.72,100,ok,0,0,0,0.00,0,0,0,0,0,N/A
2025-10-12 19:00:20,0,4439.24,31,29,2846,2846.72,100,ok,0,0,0,0.00,0,0,0,0,0,N/A
2025-10-12 19:00:24,0,4439.24,34,29,2846,2846.72,100,ok,0,0,0,0.00,0,0,0,0,0,N/A
2025-10-12 19:00:28,0,4439.24,34,29,2846,2846.72,100,ok,0,0,0,0.00,0,0,0,0,0,N/A
2025-10-12 19:00:31,0,4439.24,34,29,2846,2846.72,100,ok,0,0,0,0.00,0,0,0,0,0,N/A
2025-10-12 19:00:36,0,4439.24,37,29,2846,2846.72,100,ok,0,0,0,0.00,0,0,0,0,0,N/A
2025-10-12 19:00:40,0,4439.24,37,29,2846,2846.72,100,ok,0,0,0,0.00,0,0,0,0,0,N/A
2025-10-12 19:00:44,0,4439.24,43,29,2846,2846.72,100,ok,0,0,0,0.00,0,0,0,0,0,N/A
2025-10-12 19:00:48,0,4439.24,43,29,2846,2846.72,100,ok,0,0,0,0.00,0,0,0,0,0,N/A
2025-10-12 19:00:51,0,4439.24,43,29,2846,2846.72,100,ok,0,0,0,0.00,0,0,0,0,0,N/A
2025-10-12 19:00:56,0,4439.24,46,29,2846,2846.72,100,ok,0,0,0,0.00,0,0,0,0,0,N/A
2025-10-12 19:00:59,0,4439.24,46,29,2846,2846.72,100,ok,0,0,0,0.00,0,0,0,0,0,N/A
2025-10-12 19:01:03,0,4439.24,46,29,2846,2846.72,100,ok,0,0,0,0.00,0,0,0,0,0,N/A
2025-10-12 19:01:08,0,4439.24,50,29,2846,2846.72,100,ok,0,0,0,0.00,0,0,0,0,0,N/A
2025-10-12 19:01:11,0,4439.24,50,29,2846,2846.72,100,ok,0,0,0,0.00,0,0,0,0,0,N/A
2025-10-12 19:01:16,0,4439.24,50,29,2846,2846.72,100,ok,0,0,0,0.00,0,0,0,0,0,N/A
2025-10-12 19:01:19,0,4439.24,53,29,2846,2846.72,100,ok,0,0,0,0.00,0,0,0,0,0,N/A
2025-10-12 19:01:23,0,4439.24,53,29,2846,2846.72,100,ok,0,0,0,0.00,0,0,0,0,0,N/A
2025-10-12 19:01:28,0,4439.24,53,29,2846,2846.72,100,ok,0,0,0,0.00,0,0,0,0,0,N/A
2025-10-12 19:01:31,0,4439.24,57,29,2846,2846.72,100,ok,0,0,0,0.00,0,0,0,0,0,N/A
2025-10-12 19:01:36,0,4439.24,57,29,2846,2846.72,100,ok,0,0,0,0.00,0,0,0,0,0,N/A
2025-10-12 19:01:40,0,4439.24,60,29,2846,2846.72,100,ok,0,0,0,0.00,0,0,0,0,0,N/A
2025-10-12 19:01:43,0,4439.24,60,29,2846,2846.72,100,ok,0,0,0,0.00,0,0,0,0,0,N/A
2025-10-12 19:01:47,0,4439.24,60,29,2846,2846.72,100,ok,0,0,0,0.00,0,0,0,0,0,N/A
2025-10-12 19:01:51,0,4439.24,63,29,2846,2846.72,100,ok,0,0,0,0.00,0,0,0,0,0,N/A
2025-10-12 19:01:54,0,4439.24,63,29,2846,2846.72,100,ok,0,0,0,0.00,0,0,0,0,0,N/A
2025-10-12 19:01:58,0,4439.24,63,29,2846,2846.72,100,ok,0,0,0,0.00,0,0,0,0,0,N/A
2025-10-12 19:02:02,0,4439.24,67,29,2846,2846.72,100,ok,0,0,0,0.00,0,0,0,0,0,N/A
2025-10-12 19:02:07,0,4439.24,67,29,2846,2846.72,100,ok,0,0,0,0.00,0,0,0,0,0,N/A
2025-10-12 19:02:10,0,4439.24,67,29,2846,2846.72,100,ok,0,0,0,0.00,0,0,0,0,0,N/A
2025-10-12 19:02:14,0,4439.24,72,29,2846,2846.72,100,ok,0,0,0,0.00,0,0,0,0,0,N/A
2025-10-12 19:02:18,0,4439.24,72,29,2846,2846.72,100,ok,0,0,0,0.00,0,0,0,0,0,N/A
2025-10-12 19:02:21,0,4439.24,72,29,2846,2846.72,100,ok,0,0,0,0.00,0,0,0,0,0,N/A
2025-10-12 19:02:26,0,4439.24,76,29,2846,2846.72,100,ok,0,0,0,0.00,0,0,0,0,0,N/A
2025-10-12 19:02:29,0,4439.24,76,29,2846,2846.72,100,ok,0,0,0,0.00,0,0,0,0,0,N/A
2025-10-12 19:02:32,0,4439.24,76,29,2846,2846.72,100,ok,0,0,0,0.00,0,0,0,0,0,N/A
2025-10-12 19:02:38,0,4439.24,79,29,2846,2846.72,100,ok,0,0,0,0.00,0,0,0,0,0,N/A
2025-10-12 19:02:42,0,4439.24,79,29,2846,2846.72,100,ok,0,0,0,0.00,0,0,0,0,0,N/A
2025-10-12 19:02:46,0,4439.24,83,29,2846,2846.72,100,ok,0,0,0,0.00,0,0,0,0,0,N/A
2025-10-12 19:02:50,0,4439.24,83,29,2846,2846.72,100,ok,0,0,0,0.00,0,0,0,0,0,N/A
2025-10-12 19:02:54,0,4439.24,83,29,2846,2846.72,100,ok,0,0,0,0.00,0,0,0,0,0,N/A
2025-10-12 19:02:57,0,4439.24,16,29,2846,2846.72,100,ok,0,0,0,0.00,0,0,0,0,0,N/A
2025-10-12 19:03:01,0,4439.24,16,29,2846,2846.72,100,ok,0,0,0,0.00,0,0,0,0,0,N/A
2025-10-12 19:03:06,0,4439.24,16,29,2846,2846.72,100,ok,0,0,0,0.00,0,0,0,0,0,N/A
2025-10-12 19:03:10,0,4439.24,19,29,2846,2846.72,100,ok,0,0,0,0.00,0,0,0,0,0,N/A
2025-10-12 19:03:19,0,4439.24,22,29,2846,2846.72,100,ok,0,0,0,0.00,0,0,0,0,0,N/A
2025-10-12 19:03:22,0,4439.24,22,29,2846,2846.72,100,ok,0,0,0,0.00,0,0,0,0,0,N/A
2025-10-12 19:03:27,0,4439.24,22,29,2846,2846.72,100,ok,0,0,0,0.00,0,0,0,0,0,N/A
2025-10-12 19:03:30,0,4439.24,26,29,2846,2846.72,100,ok,0,0,0,0.00,0,0,0,0,0,N/A
2025-10-12 19:03:33,0,4439.24,26,29,2846,2846.72,100,ok,0,0,0,0.00,0,0,0,0,0,N/A
2025-10-12 19:03:38,0,4439.24,26,29,2846,2846.72,100,ok,0,0,0,0.00,0,0,0,0,0,N/A
2025-10-12 19:03:41,0,4439.24,29,29,2846,2846.72,100,ok,0,0,0,0.00,0,0,0,0,0,N/A
2025-10-12 19:03:44,0,4439.24,29,29,2846,2846.72,100,ok,0,0,0,0.00,0,0,0,0,0,N/A
2025-10-12 19:03:48,0,4439.24,29,29,2846,2846.72,100,ok,0,0,0,0.00,0,0,0,0,0,N/A
2025-10-12 19:03:51,0,4439.24,33,29,2846,2846.72,100,ok,0,0,0,0.00,0,0,0,0,0,N/A
2025-10-12 19:03:54,0,4439.24,33,29,2846,2846.72,100,ok,0,0,0,0.00,0,0,0,0,0,N/A
2025-10-12 19:03:58,0,4439.24,33,29,2846,2846.72,100,ok,0,0,0,0.00,0,0,0,0,0,N/A
2025-10-12 19:04:01,0,4439.24,36,29,2846,2846.72,100,ok,0,0,0,0.00,0,0,0,0,0,N/A
2025-10-12 19:04:04,0,4439.24,36,29,2846,2846.72,100,ok,0,0,0,0.00,0,0,0,0,0,N/A
2025-10-12 19:04:08,0,4439.24,36,29,2846,2846.72,100,ok,0,0,0,0.00,0,0,0,0,0,N/A
2025-10-12 19:04:11,0,4439.24,39,29,2846,2846.72,100,ok,0,0,0,0.00,0,0,0,0,0,N/A
2025-10-12 19:04:15,0,4439.24,39,29,2846,2846.72,100,ok,0,0,0,0.00,0,0,0,0,0,N/A
2025-10-12 19:04:18,0,4439.24,39,29,2846,2846.72,100,ok,0,0,0,0.00,0,0,0,0,0,N/A
2025-10-12 19:04:21,0,4439.24,39,29,2846,2846.72,100,ok,0,0,0,0.00,0,0,0,0,0,N/A
2025-10-12 19:04:24,0,4439.24,43,29,2846,2846.72,100,ok,0,0,0,0.00,0,0,0,0,0,N/A
2025-10-12 19:04:28,0,4439.24,43,29,2846,2846.72,100,ok,0,0,0,0.00,0,0,0,0,0,N/A
2025-10-12 19:04:31,0,4439.24,43,29,2846,2846.72,100,ok,0,0,0,0.00,0,0,0,0,0,N/A
2025-10-12 19:04:34,0,4439.24,46,29,2846,2846.72,100,ok,0,0,0,0.00,0,0,0,0,0,N/A
2025-10-12 19:04:38,0,4439.24,46,29,2846,2846.72,100,ok,0,0,0,0.00,0,0,0,0,0,N/A
2025-10-12 19:04:41,0,4439.24,46,29,2846,2846.72,100,ok,0,0,0,0.00,0,0,0,0,0,N/A
2025-10-12 19:04:44,0,4439.24,50,29,2846,2846.72,100,ok,0,0,0,0.00,0,0,0,0,0,N/A
2025-10-12 19:04:48,0,4439.24,50,29,2846,2846.72,100,ok,0,0,0,0.00,0,0,0,0,0,N/A
2025-10-12 19:04:52,0,4439.24,53,29,2846,2846.72,100,ok,0,0,0,0.00,0,0,0,0,0,N/A
2025-10-12 19:04:56,0,4439.24,53,29,2846,2846.72,100,ok,0,0,0,0.00,0,0,0,0,0,N/A
2025-10-12 19:04:59,0,4439.24,53,29,2846,2846.72,100,ok,0,0,0,0.00,0,0,0,0,0,N/A
2025-10-12 19:05:03,0,4439.24,57,29,2846,2846.72,100,ok,0,0,0,0.00,0,0,0,0,0,N/A
2025-10-12 19:05:08,0,4439.24,57,29,2846,2846.72,100,ok,0,0,0,0.00,0,0,0,0,0,N/A
2025-10-12 19:05:12,0,4439.24,57,29,2846,2846.72,100,ok,0,0,0,0.00,0,0,0,0,0,N/A
2025-10-12 19:05:17,0,4439.24,61,29,2846,2846.72,100,ok,0,0,0,0.00,0,0,0,0,0,N/A
2025-10-12 19:05:20,0,4439.24,61,29,2846,2846.72,100,ok,0,0,0,0.00,0,0,0,0,0,N/A
2025-10-12 19:05:24,0,4439.24,65,29,2846,2846.72,100,ok,0,0,0,0.00,0,0,0,0,0,N/A
2025-10-12 19:05:28,0,4439.24,65,29,2846,2846.72,100,ok,0,0,0,0.00,0,0,0,0,0,N/A
2025-10-12 19:05:31,0,4439.24,65,29,2846,2846.72,100,ok,0,0,0,0.00,0,0,0,0,0,N/A
2025-10-12 19:05:34,0,4439.24,68,29,2846,2846.72,100,ok,0,0,0,0.00,0,0,0,0,0,N/A
2025-10-12 19:05:38,0,4439.24,68,29,2846,2846.72,100,ok,0,0,0,0.00,0,0,0,0,0,N/A
2025-10-12 19:05:41,0,4439.24,68,29,2846,2846.72,100,ok,0,0,0,0.00,0,0,0,0,0,N/A
2025-10-12 19:05:45,0,4439.24,68,29,2846,2846.72,100,ok,0,0,0,0.00,0,0,0,0,0,N/A
2025-10-12 19:05:48,0,4439.24,72,29,2846,2846.72,100,ok,0,0,0,0.00,0,0,0,0,0,N/A
2025-10-12 19:05:51,0,4439.24,72,29,2846,2846.72,100,ok,0,0,0,0.00,0,0,0,0,0,N/A
2025-10-12 19:05:56,0,4439.24,75,29,2846,2846.72,100,ok,0,0,0,0.00,0,0,0,0,0,N/A
2025-10-12 19:06:00,0,4439.24,75,29,2846,2846.72,100,ok,0,0,0,0.00,0,0,0,0,0,N/A
2025-10-12 19:06:03,0,4439.24,75,29,2846,2846.72,100,ok,0,0,0,0.00,0,0,0,0,0,N/A
2025-10-12 19:06:08,0,4439.24,79,29,2846,2846.72,100,ok,0,0,0,0.00,0,0,0,0,0,N/A
2025-10-12 19:06:11,0,4439.24,79,29,2846,2846.72,100,ok,0,0,0,0.00,0,0,0,0,0,N/A
2025-10-12 19:06:14,0,4439.24,79,29,2846,2846.72,100,ok,0,0,0,0.00,0,0,0,0,0,N/A
2025-10-12 19:06:18,0,4439.24,82,29,2846,2846.72,100,ok,0,0,0,0.00,0,0,0,0,0,N/A
2025-10-12 19:06:21,0,4439.24,82,29,2846,2846.72,100,ok,0,0,0,0.00,0,0,0,0,0,N/A
2025-10-12 19:06:24,0,4439.24,82,29,2846,2846.72,100,ok,0,0,0,0.00,0,0,0,0,0,N/A
2025-10-12 19:06:28,0,4439.24,86,29,2846,2846.72,100,ok,0,0,0,0.00,0,0,0,0,0,N/A
2025-10-12 19:06:32,0,4439.24,86,29,2846,2846.72,100,ok,0,0,0,0.00,0,0,0,0,0,N/A
2025-10-12 19:06:37,0,4439.24,86,29,2846,2846.72,100,ok,0,0,0,0.00,0,0,0,0,0,N/A
2025-10-12 19:06:41,0,4439.24,17,29,2846,2846.72,100,ok,0,0,0,0.00,0,0,0,0,0,N/A
2025-10-12 19:06:44,0,4439.24,17,29,2846,2846.72,100,ok,0,0,0,0.00,0,0,0,0,0,N/A
2025-10-12 19:06:48,0,4439.24,17,29,2846,2846.72,100,ok,0,0,0,0.00,0,0,0,0,0,N/A
2025-10-12 19:06:51,0,4439.24,21,29,2846,2846.72,100,ok,0,0,0,0.00,0,0,0,0,0,N/A
2025-10-12 19:06:54,0,4439.24,21,29,2846,2846.72,100,ok,0,0,0,0.00,0,0,0,0,0,N/A
2025-10-12 19:06:58,0,4439.24,21,29,2846,2846.72,100,ok,0,0,0,0.00,0,0,0,0,0,N/A
2025-10-12 19:07:02,0,4439.24,24,29,2846,2846.72,100,ok,0,0,0,0.00,0,0,0,0,0,N/A
2025-10-12 19:07:07,0,4439.24,24,29,2846,2846.72,100,ok,0,0,0,0.00,0,0,0,0,0,N/A
2025-10-12 19:07:11,0,4439.24,28,29,2846,2846.72,100,ok,0,0,0,0.00,0,0,0,0,0,N/A
2025-10-12 19:07:16,0,4439.24,28,29,2846,2846.72,100,ok,0,0,0,0.00,0,0,0,0,0,N/A
2025-10-12 19:07:19,0,4439.24,31,29,2846,2846.72,100,ok,0,0,0,0.00,0,0,0,0,0,N/A
2025-10-12 19:07:23,0,4439.24,31,29,2846,2846.72,100,ok,0,0,0,0.00,0,0,0,0,0,N/A
2025-10-12 19:07:27,0,4439.24,31,29,2846,2846.72,100,ok,0,0,0,0.00,0,0,0,0,0,N/A
2025-10-12 19:07:31,0,4439.24,35,29,2846,2846.72,100,ok,0,0,0,0.00,0,0,0,0,0,N/A
2025-10-12 19:07:36,0,4439.24,35,29,2846,2846.72,100,ok,0,0,0,0.00,0,0,0,0,0,N/A
2025-10-12 19:07:40,0,4439.24,35,29,2846,2846.72,100,ok,0,0,0,0.00,0,0,0,0,0,N/A
2025-10-12 19:07:43,0,4439.24,39,29,2846,2846.72,100,ok,0,0,0,0.00,0,0,0,0,0,N/A
2025-10-12 19:07:48,0,4439.24,39,29,2846,2846.72,100,ok,0,0,0,0.00,0,0,0,0,0,N/A
2025-10-12 19:07:51,0,4439.24,39,29,2846,2846.72,100,ok,0,0,0,0.00,0,0,0,0,0,N/A
2025-10-12 19:07:56,0,4439.24,44,29,2846,2846.72,100,ok,0,0,0,0.00,0,0,0,0,0,N/A
2025-10-12 19:08:00,0,4439.24,44,29,2846,2846.72,100,ok,0,0,0,0.00,0,0,0,0,0,N/A
2025-10-12 19:08:03,0,4439.24,44,29,2846,2846.72,100,ok,0,0,0,0.00,0,0,0,0,0,N/A
2025-10-12 19:08:08,0,4439.24,47,29,2846,2846.72,100,ok,0,0,0,0.00,0,0,0,0,0,N/A
2025-10-12 19:08:11,0,4439.24,47,29,2846,2846.72,100,ok,0,0,0,0.00,0,0,0,0,0,N/A
2025-10-12 19:08:19,0,4439.24,50,29,2846,2846.72,100,ok,0,0,0,0.00,0,0,0,0,0,N/A
2025-10-12 19:08:22,0,4439.24,50,29,2846,2846.72,100,ok,0,0,0,0.00,0,0,0,0,0,N/A
2025-10-12 19:08:27,0,4439.24,50,29,2846,2846.72,100,ok,0,0,0,0.00,0,0,0,0,0,N/A
2025-10-12 19:08:30,0,4439.24,54,29,2846,2846.72,100,ok,0,0,0,0.00,0,0,0,0,0,N/A
2025-10-12 19:08:34,0,4439.24,54,29,2846,2846.72,100,ok,0,0,0,0.00,0,0,0,0,0,N/A
2025-10-12 19:08:37,0,4439.24,54,29,2846,2846.72,100,ok,0,0,0,0.00,0,0,0,0,0,N/A
2025-10-12 19:08:41,0,4439.24,57,29,2846,2846.72,100,ok,0,0,0,0.00,0,0,0,0,0,N/A
2025-10-12 19:08:44,0,4439.24,57,29,2846,2846.72,100,ok,0,0,0,0.00,0,0,0,0,0,N/A
2025-10-12 19:08:47,0,4439.24,57,29,2846,2846.72,100,ok,0,0,0,0.00,0,0,0,0,0,N/A
2025-10-12 19:08:51,0,4439.24,61,29,2846,2846.72,100,ok,0,0,0,0.00,0,0,0,0,0,N/A
2025-10-12 19:08:54,0,4439.24,61,29,2846,2846.72,100,ok,0,0,0,0.00,0,0,0,0,0,N/A
2025-10-12 19:08:58,0,4439.24,61,29,2846,2846.72,100,ok,0,0,0,0.00,0,0,0,0,0,N/A
2025-10-12 19:09:01,0,4439.24,64,29,2846,2846.72,100,ok,0,0,0,0.00,0,0,0,0,0,N/A
2025-10-12 19:09:06,0,4439.24,64,29,2846,2846.72,100,ok,0,0,0,0.00,0,0,0,0,0,N/A
2025-10-12 19:09:10,0,4439.24,64,29,2846,2846.72,100,ok,0,0,0,0.00,0,0,0,0,0,N/A
2025-10-12 19:09:13,0,4439.24,69,29,2846,2846.72,100,ok,0,0,0,0.00,0,0,0,0,0,N/A
2025-10-12 19:09:17,0,4439.24,69,29,2846,2846.72,100,ok,0,0,0,0.00,0,0,0,0,0,N/A
2025-10-12 19:09:21,0,4439.24,69,29,2846,2846.72,100,ok,0,0,0,0.00,0,0,0,0,0,N/A
2025-10-12 19:09:24,0,4439.24,73,29,2846,2846.72,100,ok,0,0,0,0.00,0,0,0,0,0,N/A
2025-10-12 19:09:28,0,4439.24,73,29,2846,2846.72,100,ok,0,0,0,0.00,0,0,0,0,0,N/A
2025-10-12 19:09:31,0,4439.24,73,29,2846,2846.72,100,ok,0,0,0,0.00,0,0,0,0,0,N/A
2025-10-12 19:09:34,0,4439.24,76,29,2846,2846.72,100,ok,0,0,0,0.00,0,0,0,0,0,N/A
2025-10-12 19:09:38,0,4439.24,76,29,2846,2846.72,100,ok,0,0,0,0.00,0,0,0,0,0,N/A
2025-10-12 19:09:42,0,4439.24,76,29,2846,2846.72,100,ok,0,0,0,0.00,0,0,0,0,0,N/A
2025-10-12 19:09:47,0,4439.24,80,29,2846,2846.72,100,ok,0,0,0,0.00,0,0,0,0,0,N/A
2025-10-12 19:09:51,0,4439.24,80,29,2846,2846.72,100,ok,0,0,0,0.00,0,0,0,0,0,N/A
2025-10-12 19:09:54,0,4439.24,80,29,2846,2846.72,100,ok,0,0,0,0.00,0,0,0,0,0,N/A
2025-10-12 19:09:58,0,4439.24,83,29,2846,2846.72,100,ok,0,0,0,0.00,0,0,0,0,0,N/A
2025-10-12 19:10:01,0,4439.24,83,29,2846,2846.72,100,ok,0,0,0,0.00,0,0,0,0,0,N/A
2025-10-12 19:10:05,0,4439.24,83,29,2846,2846.72,100,ok,0,0,0,0.00,0,0,0,0,0,N/A
2025-10-12 19:10:08,0,4439.24,16,29,2846,2846.72,100,ok,0,0,0,0.00,0,0,0,0,0,N/A
2025-10-12 19:10:11,0,4439.24,16,29,2846,2846.72,100,ok,0,0,0,0.00,0,0,0,0,0,N/A
2025-10-12 19:10:15,0,4439.24,16,29,2846,2846.72,100,ok,0,0,0,0.00,0,0,0,0,0,N/A
2025-10-12 19:10:18,0,4439.24,20,29,2846,2846.72,100,ok,0,0,0,0.00,0,0,0,0,0,N/A
2025-10-12 19:10:21,0,4439.24,20,29,2846,2846.72,100,ok,0,0,0,0.00,0,0,0,0,0,N/A
2025-10-12 19:10:24,0,4439.24,20,29,2846,2846.72,100,ok,0,0,0,0.00,0,0,0,0,0,N/A
2025-10-12 19:10:28,0,4439.24,20,29,2846,2846.72,100,ok,0,0,0,0.00,0,0,0,0,0,N/A
2025-10-12 19:10:31,0,4439.24,23,29,2846,2846.72,100,ok,0,0,0,0.00,0,0,0,0,0,N/A
2025-10-12 19:10:35,0,4439.24,23,29,2846,2846.72,100,ok,0,0,0,0.00,0,0,0,0,0,N/A
2025-10-12 19:10:38,0,4439.24,23,29,2846,2846.72,100,ok,0,0,0,0.00,0,0,0,0,0,N/A
2025-10-12 19:10:41,0,4439.24,26,29,2846,2846.72,100,ok,0,0,0,0.00,0,0,0,0,0,N/A
2025-10-12 19:10:45,0,4439.24,26,29,2846,2846.72,100,ok,0,0,0,0.00,0,0,0,0,0,N/A
2025-10-12 19:10:48,0,4439.24,26,29,2846,2846.72,100,ok,0,0,0,0.00,0,0,0,0,0,N/A
2025-10-12 19:10:52,0,4439.24,30,29,2846,2846.72,100,ok,0,0,0,0.00,0,0,0,0,0,N/A
2025-10-12 19:10:57,0,4439.24,30,29,2846,2846.72,100,ok,0,0,0,0.00,0,0,0,0,0,N/A
2025-10-12 19:11:01,0,4439.24,33,29,2846,2846.72,100,ok,0,0,0,0.00,0,0,0,0,0,N/A
2025-10-12 19:11:04,0,4439.24,33,29,2846,2846.72,100,ok,0,0,0,0.00,0,0,0,0,0,N/A
2025-10-12 19:11:08,0,4439.24,33,29,2846,2846.72,100,ok,0,0,0,0.00,0,0,0,0,0,N/A
2025-10-12 19:11:11,0,4439.24,37,29,2846,2846.72,100,ok,0,0,0,0.00,0,0,0,0,0,N/A
2025-10-12 19:11:14,0,4439.24,37,29,2846,2846.72,100,ok,0,0,0,0.00,0,0,0,0,0,N/A
2025-10-12 19:11:18,0,4439.24,37,29,2846,2846.72,100,ok,0,0,0,0.00,0,0,0,0,0,N/A
2025-10-12 19:11:21,0,4439.24,40,29,2846,2846.72,100,ok,0,0,0,0.00,0,0,0,0,0,N/A
2025-10-12 19:11:25,0,4439.24,40,29,2846,2846.72,100,ok,0,0,0,0.00,0,0,0,0,0,N/A
2025-10-12 19:11:28,0,4439.24,40,29,2846,2846.72,100,ok,0,0,0,0.00,0,0,0,0,0,N/A
2025-10-12 19:11:31,0,4439.24,43,29,2846,2846.72,100,ok,0,0,0,0.00,0,0,0,0,0,N/A
2025-10-12 19:11:34,0,4439.24,43,29,2846,2846.72,100,ok,0,0,0,0.00,0,0,0,0,0,N/A
2025-10-12 19:11:38,0,4439.24,43,29,2846,2846.72,100,ok,0,0,0,0.00,0,0,0,0,0,N/A
2025-10-12 19:11:41,0,4439.24,47,29,2846,2846.72,100,ok,0,0,0,0.00,0,0,0,0,0,N/A
2025-10-12 19:11:47,0,4439.24,47,29,2846,2846.72,100,ok,0,0,0,0.00,0,0,0,0,0,N/A
2025-10-12 19:11:50,0,4439.24,50,29,2846,2846.72,100,ok,0,0,0,0.00,0,0,0,0,0,N/A
2025-10-12 19:11:54,0,4439.24,50,29,2846,2846.72,100,ok,0,0,0,0.00,0,0,0,0,0,N/A
2025-10-12 19:11:57,0,4439.24,50,29,2846,2846.72,100,ok,0,0,0,0.00,0,0,0,0,0,N/A
2025-10-12 19:12:01,0,4439.24,54,29,2846,2846.72,100,ok,0,0,0,0.00,0,0,0,0,0,N/A
2025-10-12 19:12:05,0,4439.24,54,29,2846,2846.72,100,ok,0,0,0,0.00,0,0,0,0,0,N/A
2025-10-12 19:12:08,0,4439.24,54,29,2846,2846.72,100,ok,0,0,0,0.00,0,0,0,0,0,N/A
2025-10-12 19:12:12,0,4439.24,57,29,2846,2846.72,100,ok,0,0,0,0.00,0,0,0,0,0,N/A
2025-10-12 19:12:17,0,4439.24,57,29,2846,2846.72,100,ok,0,0,0,0.00,0,0,0,0,0,N/A
2025-10-12 19:12:21,0,4439.24,57,29,2846,2846.72,100,ok,0,0,0,0.00,0,0,0,0,0,N/A
2025-10-12 19:12:26,0,4439.24,60,29,2846,2846.72,100,ok,0,0,0,0.00,0,0,0,0,0,N/A
2025-10-12 19:12:30,0,4439.24,60,29,2846,2846.72,100,ok,0,0,0,0.00,0,0,0,0,0,N/A
2025-10-12 19:12:34,0,4439.24,65,29,2846,2846.72,100,ok,0,0,0,0.00,0,0,0,0,0,N/A
2025-10-12 19:12:38,0,4439.24,65,29,2846,2846.72,100,ok,0,0,0,0.00,0,0,0,0,0,N/A
2025-10-12 19:12:41,0,4439.24,65,29,2846,2846.72,100,ok,0,0,0,0.00,0,0,0,0,0,N/A
2025-10-12 19:12:46,0,4439.24,69,29,2846,2846.72,100,ok,0,0,0,0.00,0,0,0,0,0,N/A
2025-10-12 19:12:50,0,4439.24,69,29,2846,2846.72,100,ok,0,0,0,0.00,0,0,0,0,0,N/A
2025-10-12 19:12:53,0,4439.24,69,29,2846,2846.72,100,ok,0,0,0,0.00,0,0,0,0,0,N/A
2025-10-12 19:12:57,0,4439.24,73,29,2846,2846.72,100,ok,0,0,0,0.00,0,0,0,0,0,N/A
2025-10-12 19:13:01,0,4439.24,73,29,2846,2846.72,100,ok,0,0,0,0.00,0,0,0,0,0,N/A
2025-10-12 19:13:04,0,4439.24,73,29,2846,2846.72,100,ok,0,0,0,0.00,0,0,0,0,0,N/A
2025-10-12 19:13:07,0,4439.24,73,29,2846,2846.72,100,ok,0,0,0,0.00,0,0,0,0,0,N/A
2025-10-12 19:13:11,0,4439.24,76,29,2846,2846.72,100,ok,0,0,0,0.00,0,0,0,0,0,N/A
2025-10-12 19:13:18,0,4439.24,80,29,2846,2846.72,100,ok,0,0,0,0.00,0,0,0,0,0,N/A
2025-10-12 19:13:21,0,4439.24,80,29,2846,2846.72,100,ok,0,0,0,0.00,0,0,0,0,0,N/A
2025-10-12 19:13:24,0,4439.24,80,29,2846,2846.72,100,ok,0,0,0,0.00,0,0,0,0,0,N/A
2025-10-12 19:13:28,0,4439.24,83,29,2846,2846.72,100,ok,0,0,0,0.00,0,0,0,0,0,N/A
2025-10-12 19:13:32,0,4439.24,83,29,2846,2846.72,100,ok,0,0,0,0.00,0,0,0,0,0,N/A
2025-10-12 19:13:37,0,4439.24,83,29,2846,2846.72,100,ok,0,0,0,0.00,0,0,0,0,0,N/A
2025-10-12 19:13:40,0,4439.24,83,29,2846,2846.72,100,ok,0,0,0,0.00,0,0,0,0,0,N/A
2025-10-12 19:13:44,0,4439.24,15,29,2846,2846.72,100,ok,0,0,0,0.00,0,0,0,0,0,N/A
2025-10-12 19:13:47,0,4439.24,15,29,2846,2846.72,100,ok,0,0,0,0.00,0,0,0,0,0,N/A
2025-10-12 19:13:51,0,4439.24,19,29,2846,2846.72,100,ok,0,0,0,0.00,0,0,0,0,0,N/A
2025-10-12 19:13:54,0,4439.24,19,29,2846,2846.72,100,ok,0,0,0,0.00,0,0,0,0,0,N/A
2025-10-12 19:13:58,0,4439.24,19,29,2846,2846.72,100,ok,0,0,0,0.00,0,0,0,0,0,N/A
2025-10-12 19:14:01,0,4439.24,22,29,2846,2846.72,100,ok,0,0,0,0.00,0,0,0,0,0,N/A
2025-10-12 19:14:06,0,4439.24,22,29,2846,2846.72,100,ok,0,0,0,0.00,0,0,0,0,0,N/A
2025-10-12 19:14:10,0,4439.24,22,29,2846,2846.72,100,ok,0,0,0,0.00,0,0,0,0,0,N/A
2025-10-12 19:14:14,0,4439.24,25,29,2846,2846.72,100,ok,0,0,0,0.00,0,0,0,0,0,N/A
2025-10-12 19:14:18,0,4439.24,25,29,2846,2846.72,100,ok,0,0,0,0.00,0,0,0,0,0,N/A
2025-10-12 19:14:21,0,4439.24,25,29,2846,2846.72,100,ok,0,0,0,0.00,0,0,0,0,0,N/A
2025-10-12 19:14:24,0,4439.24,29,29,2846,2846.72,100,ok,0,0,0,0.00,0,0,0,0,0,N/A
2025-10-12 19:14:28,0,4439.24,29,29,2846,2846.72,100,ok,0,0,0,0.00,0,0,0,0,0,N/A
2025-10-12 19:14:31,0,4439.24,32,29,2846,2846.72,100,ok,0,0,0,0.00,0,0,0,0,0,N/A
2025-10-12 19:14:36,0,4439.24,32,29,2846,2846.72,100,ok,0,0,0,0.00,0,0,0,0,0,N/A
2025-10-12 19:14:40,0,4439.24,32,29,2846,2846.72,100,ok,0,0,0,0.00,0,0,0,0,0,N/A
2025-10-12 19:14:44,0,4439.24,36,29,2846,2846.72,100,ok,0,0,0,0.00,0,0,0,0,0,N/A
2025-10-12 19:14:48,0,4439.24,36,29,2846,2846.72,100,ok,0,0,0,0.00,0,0,0,0,0,N/A
2025-10-12 19:14:51,0,4439.24,36,29,2846,2846.72,100,ok,0,0,0,0.00,0,0,0,0,0,N/A
2025-10-12 19:14:55,0,4439.24,39,29,2846,2846.72,100,ok,0,0,0,0.00,0,0,0,0,0,N/A
2025-10-12 19:14:58,0,4439.24,39,29,2846,2846.72,100,ok,0,0,0,0.00,0,0,0,0,0,N/A
2025-10-12 19:15:02,0,4439.24,42,29,2846,2846.72,100,ok,0,0,0,0.00,0,0,0,0,0,N/A
2025-10-12 19:15:07,0,4439.24,42,29,2846,2846.72,100,ok,0,0,0,0.00,0,0,0,0,0,N/A
2025-10-12 19:15:11,0,4439.24,42,29,2846,2846.72,100,ok,0,0,0,0.00,0,0,0,0,0,N/A
2025-10-12 19:15:15,0,4439.24,46,29,2846,2846.72,100,ok,0,0,0,0.00,0,0,0,0,0,N/A
2025-10-12 19:15:18,0,4439.24,46,29,2846,2846.72,100,ok,0,0,0,0.00,0,0,0,0,0,N/A
2025-10-12 19:15:21,0,4439.24,46,29,2846,2846.72,100,ok,0,0,0,0.00,0,0,0,0,0,N/A
2025-10-12 19:15:26,0,4439.24,49,29,2846,2846.72,100,ok,0,0,0,0.00,0,0,0,0,0,N/A
2025-10-12 19:15:30,0,4439.24,49,29,2846,2846.72,100,ok,0,0,0,0.00,0,0,0,0,0,N/A
2025-10-12 19:15:33,0,4439.24,54,29,2846,2846.72,100,ok,0,0,0,0.00,0,0,0,0,0,N/A
2025-10-12 19:15:38,0,4439.24,54,29,2846,2846.72,100,ok,0,0,0,0.00,0,0,0,0,0,N/A
2025-10-12 19:15:42,0,4439.24,54,29,2846,2846.72,100,ok,0,0,0,0.00,0,0,0,0,0,N/A
2025-10-12 19:15:47,0,4439.24,58,29,2846,2846.72,100,ok,0,0,0,0.00,0,0,0,0,0,N/A
2025-10-12 19:15:50,0,4439.24,58,29,2846,2846.72,100,ok,0,0,0,0.00,0,0,0,0,0,N/A
2025-10-12 19:15:54,0,4439.24,58,29,2846,2846.72,100,ok,0,0,0,0.00,0,0,0,0,0,N/A
2025-10-12 19:15:58,0,4439.24,61,29,2846,2846.72,100,ok,0,0,0,0.00,0,0,0,0,0,N/A
2025-10-12 19:16:01,0,4439.24,61,29,2846,2846.72,100,ok,0,0,0,0.00,0,0,0,0,0,N/A
2025-10-12 19:16:06,0,4439.24,65,29,2846,2846.72,100,ok,0,0,0,0.00,0,0,0,0,0,N/A
2025-10-12 19:16:09,0,4439.24,65,29,2846,2846.72,100,ok,0,0,0,0.00,0,0,0,0,0,N/A
2025-10-12 19:16:13,0,4439.24,65,29,2846,2846.72,100,ok,0,0,0,0.00,0,0,0,0,0,N/A
2025-10-12 19:16:17,0,4439.24,68,29,2846,2846.72,100,ok,0,0,0,0.00,0,0,0,0,0,N/A
2025-10-12 19:16:20,0,4439.24,68,29,2846,2846.72,100,ok,0,0,0,0.00,0,0,0,0,0,N/A
2025-10-12 19:16:24,0,4439.24,68,29,2846,2846.72,100,ok,0,0,0,0.00,0,0,0,0,0,N/A
2025-10-12 19:16:28,0,4439.24,72,29,2846,2846.72,100,ok,0,0,0,0.00,0,0,0,0,0,N/A
2025-10-12 19:16:32,0,4439.24,72,29,2846,2846.72,100,ok,0,0,0,0.00,0,0,0,0,0,N/A
2025-10-12 19:16:37,0,4439.24,72,29,2846,2846.72,100,ok,0,0,0,0.00,0,0,0,0,0,N/A
2025-10-12 19:16:41,0,4439.24,75,29,2846,2846.72,100,ok,0,0,0,0.00,0,0,0,0,0,N/A
2025-10-12 19:16:44,0,4439.24,75,29,2846,2846.72,100,ok,0,0,0,0.00,0,0,0,0,0,N/A
2025-10-12 19:16:48,0,4439.24,75,29,2846,2846.72,100,ok,0,0,0,0.00,0,0,0,0,0,N/A
2025-10-12 19:16:51,0,4439.24,78,29,2846,2846.72,100,ok,0,0,0,0.00,0,0,0,0,0,N/A
2025-10-12 19:16:54,0,4439.24,78,29,2846,2846.72,100,ok,0,0,0,0.00,0,0,0,0,0,N/A
2025-10-12 19:16:58,0,4439.24,82,29,2846,2846.72,100,ok,0,0,0,0.00,0,0,0,0,0,N/A
2025-10-12 19:17:01,0,4439.24,82,29,2846,2846.72,100,ok,0,0,0,0.00,0,0,0,0,0,N/A
2025-10-12 19:17:06,0,4439.24,82,29,2846,2846.72,100,ok,0,0,0,0.00,0,0,0,0,0,N/A
2025-10-12 19:17:10,0,4439.24,85,29,2846,2846.72,100,ok,0,0,0,0.00,0,0,0,0,0,N/A
2025-10-12 19:17:14,0,4439.24,85,29,2846,2846.72,100,ok,0,0,0,0.00,0,0,0,0,0,N/A
2025-10-12 19:17:18,0,4439.24,85,29,2846,2846.72,100,ok,0,0,0,0.00,0,0,0,0,0,N/A
2025-10-12 19:17:21,0,4439.24,17,29,2846,2846.72,100,ok,0,0,0,0.00,0,0,0,0,0,N/A
2025-10-12 19:17:24,0,4439.24,17,29,2846,2846.72,100,ok,0,0,0,0.00,0,0,0,0,0,N/A
2025-10-12 19:17:28,0,4439.24,17,29,2846,2846.72,100,ok,0,0,0,0.00,0,0,0,0,0,N/A
2025-10-12 19:17:31,0,4439.24,20,29,2846,2846.72,100,ok,0,0,0,0.00,0,0,0,0,0,N/A
2025-10-12 19:17:35,0,4439.24,20,29,2846,2846.72,100,ok,0,0,0,0.00,0,0,0,0,0,N/A
2025-10-12 19:17:38,0,4439.24,24,29,2846,2846.72,100,ok,0,0,0,0.00,0,0,0,0,0,N/A
2025-10-12 19:17:42,0,4439.24,24,29,2846,2846.72,100,ok,0,0,0,0.00,0,0,0,0,0,N/A
2025-10-12 19:17:47,0,4439.24,24,29,2846,2846.72,100,ok,0,0,0,0.00,0,0,0,0,0,N/A
2025-10-12 19:17:50,0,4439.24,27,29,2846,2846.72,100,ok,0,0,0,0.00,0,0,0,0,0,N/A
2025-10-12 19:17:54,0,4439.24,27,29,2846,2846.72,100,ok,0,0,0,0.00,0,0,0,0,0,N/A
2025-10-12 19:17:57,0,4439.24,27,29,2846,2846.72,100,ok,0,0,0,0.00,0,0,0,0,0,N/A
2025-10-12 19:18:01,0,4439.24,31,29,2846,2846.72,100,ok,0,0,0,0.00,0,0,0,0,0,N/A
2025-10-12 19:18:04,0,4439.24,31,29,2846,2846.72,100,ok,0,0,0,0.00,0,0,0,0,0,N/A
2025-10-12 19:18:08,0,4439.24,31,29,2846,2846.72,100,ok,0,0,0,0.00,0,0,0,0,0,N/A
2025-10-12 19:18:11,0,4439.24,34,29,2846,2846.72,100,ok,0,0,0,0.00,0,0,0,0,0,N/A
2025-10-12 19:18:21,0,4439.24,34,29,2846,2846.72,100,ok,0,0,0,0.00,0,0,0,0,0,N/A
2025-10-12 19:18:24,0,4439.24,37,29,2846,2846.72,100,ok,0,0,0,0.00,0,0,0,0,0,N/A
2025-10-12 19:18:28,0,4439.24,37,29,2846,2846.72,100,ok,0,0,0,0.00,0,0,0,0,0,N/A
2025-10-12 19:18:31,0,4439.24,37,29,2846,2846.72,100,ok,0,0,0,0.00,0,0,0,0,0,N/A
2025-10-12 19:18:34,0,4439.24,41,29,2846,2846.72,100,ok,0,0,0,0.00,0,0,0,0,0,N/A
2025-10-12 19:18:38,0,4439.24,41,29,2846,2846.72,100,ok,0,0,0,0.00,0,0,0,0,0,N/A
2025-10-12 19:18:41,0,4439.24,41,29,2846,2846.72,100,ok,0,0,0,0.00,0,0,0,0,0,N/A
2025-10-12 19:18:44,0,4439.24,44,29,2846,2846.72,100,ok,0,0,0,0.00,0,0,0,0,0,N/A
2025-10-12 19:18:48,0,4439.24,44,29,2846,2846.72,100,ok,0,0,0,0.00,0,0,0,0,0,N/A
2025-10-12 19:18:51,0,4439.24,44,29,2846,2846.72,100,ok,0,0,0,0.00,0,0,0,0,0,N/A
2025-10-12 19:18:54,0,4439.24,48,29,2846,2846.72,100,ok,0,0,0,0.00,0,0,0,0,0,N/A
2025-10-12 19:18:58,0,4439.24,48,29,2846,2846.72,100,ok,0,0,0,0.00,0,0,0,0,0,N/A
2025-10-12 19:19:01,0,4439.24,48,29,2846,2846.72,100,ok,0,0,0,0.00,0,0,0,0,0,N/A
2025-10-12 19:19:05,0,4439.24,51,29,2846,2846.72,100,ok,0,0,0,0.00,0,0,0,0,0,N/A
2025-10-12 19:19:08,0,4439.24,51,29,2846,2846.72,100,ok,0,0,0,0.00,0,0,0,0,0,N/A
2025-10-12 19:19:11,0,4439.24,51,29,2846,2846.72,100,ok,0,0,0,0.00,0,0,0,0,0,N/A
2025-10-12 19:19:16,0,4439.24,54,29,2846,2846.72,100,ok,0,0,0,0.00,0,0,0,0,0,N/A
2025-10-12 19:19:20,0,4439.24,54,29,2846,2846.72,100,ok,0,0,0,0.00,0,0,0,0,0,N/A
2025-10-12 19:19:24,0,4439.24,59,29,2846,2846.72,100,ok,0,0,0,0.00,0,0,0,0,0,N/A
2025-10-12 19:19:28,0,4439.24,59,29,2846,2846.72,100,ok,0,0,0,0.00,0,0,0,0,0,N/A
2025-10-12 19:19:31,0,4439.24,59,29,2846,2846.72,100,ok,0,0,0,0.00,0,0,0,0,0,N/A
2025-10-12 19:19:34,0,4439.24,63,29,2846,2846.72,100,ok,0,0,0,0.00,0,0,0,0,0,N/A
2025-10-12 19:19:38,0,4439.24,63,29,2846,2846.72,100,ok,0,0,0,0.00,0,0,0,0,0,N/A
2025-10-12 19:19:42,0,4439.24,63,29,2846,2846.72,100,ok,0,0,0,0.00,0,0,0,0,0,N/A
2025-10-12 19:19:47,0,4439.24,67,29,2846,2846.72,100,ok,0,0,0,0.00,0,0,0,0,0,N/A
2025-10-12 19:19:50,0,4439.24,67,29,2846,2846.72,100,ok,0,0,0,0.00,0,0,0,0,0,N/A
2025-10-12 19:19:54,0,4439.24,67,29,2846,2846.72,100,ok,0,0,0,0.00,0,0,0,0,0,N/A
2025-10-12 19:19:57,0,4439.24,70,29,2846,2846.72,100,ok,0,0,0,0.00,0,0,0,0,0,N/A
2025-10-12 19:20:00,0,4439.24,70,29,2846,2846.72,100,ok,0,0,0,0.00,0,0,0,0,0,N/A
2025-10-12 19:20:04,0,4439.24,70,29,2846,2846.72,100,ok,0,0,0,0.00,0,0,0,0,0,N/A
2025-10-12 19:20:07,0,4439.24,70,29,2846,2846.72,100,ok,0,0,0,0.00,0,0,0,0,0,N/A
2025-10-12 19:20:11,0,4439.24,73,29,2846,2846.72,100,ok,0,0,0,0.00,0,0,0,0,0,N/A
2025-10-12 19:20:16,0,4439.24,73,29,2846,2846.72,100,ok,0,0,0,0.00,0,0,0,0,0,N/A
2025-10-12 19:20:20,0,4439.24,77,29,2846,2846.72,100,ok,0,0,0,0.00,0,0,0,0,0,N/A
2025-10-12 19:20:23,0,4439.24,77,29,2846,2846.72,100,ok,0,0,0,0.00,0,0,0,0,0,N/A
2025-10-12 19:20:28,0,4439.24,77,29,2846,2846.72,100,ok,0,0,0,0.00,0,0,0,0,0,N/A
2025-10-12 19:20:31,0,4439.24,80,29,2846,2846.72,100,ok,0,0,0,0.00,0,0,0,0,0,N/A
2025-10-12 19:20:37,0,4439.24,80,29,2846,2846.72,100,ok,0,0,0,0.00,0,0,0,0,0,N/A
2025-10-12 19:20:40,0,4439.24,80,29,2846,2846.72,100,ok,0,0,0,0.00,0,0,0,0,0,N/A
2025-10-12 19:20:44,0,4439.24,15,29,2846,2846.72,100,ok,0,0,0,0.00,0,0,0,0,0,N/A
2025-10-12 19:20:48,0,4439.24,15,29,2846,2846.72,100,ok,0,0,0,0.00,0,0,0,0,0,N/A
2025-10-12 19:20:51,0,4439.24,15,29,2846,2846.72,100,ok,0,0,0,0.00,0,0,0,0,0,N/A
2025-10-12 19:20:54,0,4439.24,15,29,2846,2846.72,100,ok,0,0,0,0.00,0,0,0,0,0,N/A
2025-10-12 19:20:58,0,4439.24,19,29,2846,2846.72,100,ok,0,0,0,0.00,0,0,0,0,0,N/A
2025-10-12 19:21:01,0,4439.24,19,29,2846,2846.72,100,ok,0,0,0,0.00,0,0,0,0,0,N/A
2025-10-12 19:21:06,0,4439.24,22,29,2846,2846.72,100,ok,0,0,0,0.00,0,0,0,0,0,N/A
2025-10-12 19:21:10,0,4439.24,22,29,2846,2846.72,100,ok,0,0,0,0.00,0,0,0,0,0,N/A
2025-10-12 19:21:14,0,4439.24,22,29,2846,2846.72,100,ok,0,0,0,0.00,0,0,0,0,0,N/A
2025-10-12 19:21:17,0,4439.24,26,29,2846,2846.72,100,ok,0,0,0,0.00,0,0,0,0,0,N/A
2025-10-12 19:21:21,0,4439.24,26,29,2846,2846.72,100,ok,0,0,0,0.00,0,0,0,0,0,N/A
2025-10-12 19:21:25,0,4439.24,29,29,2846,2846.72,100,ok,0,0,0,0.00,0,0,0,0,0,N/A
2025-10-12 19:21:28,0,4439.24,29,29,2846,2846.72,100,ok,0,0,0,0.00,0,0,0,0,0,N/A
2025-10-12 19:21:31,0,4439.24,29,29,2846,2846.72,100,ok,0,0,0,0.00,0,0,0,0,0,N/A
2025-10-12 19:21:35,0,4439.24,29,29,2846,2846.72,100,ok,0,0,0,0.00,0,0,0,0,0,N/A
2025-10-12 19:21:38,0,4439.24,32,29,2846,2846.72,100,ok,0,0,0,0.00,0,0,0,0,0,N/A
2025-10-12 19:21:42,0,4439.24,32,29,2846,2846.72,100,ok,0,0,0,0.00,0,0,0,0,0,N/A
2025-10-12 19:21:47,0,4439.24,36,29,2846,2846.72,100,ok,0,0,0,0.00,0,0,0,0,0,N/A
2025-10-12 19:21:51,0,4439.24,36,29,2846,2846.72,100,ok,0,0,0,0.00,0,0,0,0,0,N/A
2025-10-12 19:21:54,0,4439.24,36,29,2846,2846.72,100,ok,0,0,0,0.00,0,0,0,0,0,N/A
2025-10-12 19:21:58,0,4439.24,39,29,2846,2846.72,100,ok,0,0,0,0.00,0,0,0,0,0,N/A
2025-10-12 19:22:02,0,4439.24,39,29,2846,2846.72,100,ok,0,0,0,0.00,0,0,0,0,0,N/A
2025-10-12 19:22:07,0,4439.24,43,29,2846,2846.72,100,ok,0,0,0,0.00,0,0,0,0,0,N/A
2025-10-12 19:22:10,0,4439.24,43,29,2846,2846.72,100,ok,0,0,0,0.00,0,0,0,0,0,N/A
2025-10-12 19:22:14,0,4439.24,43,29,2846,2846.72,100,ok,0,0,0,0.00,0,0,0,0,0,N/A
2025-10-12 19:22:18,0,4439.24,46,29,2846,2846.72,100,ok,0,0,0,0.00,0,0,0,0,0,N/A
2025-10-12 19:22:21,0,4439.24,46,29,2846,2846.72,100,ok,0,0,0,0.00,0,0,0,0,0,N/A
2025-10-12 19:22:24,0,4439.24,46,29,2846,2846.72,100,ok,0,0,0,0.00,0,0,0,0,0,N/A
2025-10-12 19:22:28,0,4439.24,46,29,2846,2846.72,100,ok,0,0,0,0.00,0,0,0,0,0,N/A
2025-10-12 19:22:31,0,4439.24,49,29,2846,2846.72,100,ok,0,0,0,0.00,0,0,0,0,0,N/A
2025-10-12 19:22:35,0,4439.24,49,29,2846,2846.72,100,ok,0,0,0,0.00,0,0,0,0,0,N/A
2025-10-12 19:22:39,0,4439.24,53,29,2846,2846.72,100,ok,0,0,0,0.00,0,0,0,0,0,N/A
2025-10-12 19:22:42,0,4439.24,53,29,2846,2846.72,100,ok,0,0,0,0.00,0,0,0,0,0,N/A
2025-10-12 19:22:47,0,4439.24,53,29,2846,2846.72,100,ok,0,0,0,0.00,0,0,0,0,0,N/A
2025-10-12 19:22:50,0,4439.24,56,29,2846,2846.72,100,ok,0,0,0,0.00,0,0,0,0,0,N/A
2025-10-12 19:22:54,0,4439.24,56,29,2846,2846.72,100,ok,0,0,0,0.00,0,0,0,0,0,N/A
2025-10-12 19:22:57,0,4439.24,56,29,2846,2846.72,100,ok,0,0,0,0.00,0,0,0,0,0,N/A
2025-10-12 19:23:01,0,4439.24,60,29,2846,2846.72,100,ok,0,0,0,0.00,0,0,0,0,0,N/A
2025-10-12 19:23:04,0,4439.24,60,29,2846,2846.72,100,ok,0,0,0,0.00,0,0,0,0,0,N/A
2025-10-12 19:23:08,0,4439.24,60,29,2846,2846.72,100,ok,0,0,0,0.00,0,0,0,0,0,N/A
2025-10-12 19:23:11,0,4439.24,63,29,2846,2846.72,100,ok,0,0,0,0.00,0,0,0,0,0,N/A
2025-10-12 19:23:20,0,4439.24,63,29,2846,2846.72,100,ok,0,0,0,0.00,0,0,0,0,0,N/A
2025-10-12 19:23:24,0,4439.24,68,29,2846,2846.72,100,ok,0,0,0,0.00,0,0,0,0,0,N/A
2025-10-12 19:23:28,0,4439.24,68,29,2846,2846.72,100,ok,0,0,0,0.00,0,0,0,0,0,N/A
2025-10-12 19:23:31,0,4439.24,68,29,2846,2846.72,100,ok,0,0,0,0.00,0,0,0,0,0,N/A
2025-10-12 19:23:34,0,4439.24,72,29,2846,2846.72,100,ok,0,0,0,0.00,0,0,0,0,0,N/A
2025-10-12 19:23:38,0,4439.24,72,29,2846,2846.72,100,ok,0,0,0,0.00,0,0,0,0,0,N/A
2025-10-12 19:23:41,0,4439.24,72,29,2846,2846.72,100,ok,0,0,0,0.00,0,0,0,0,0,N/A
2025-10-12 19:23:46,0,4439.24,75,29,2846,2846.72,100,ok,0,0,0,0.00,0,0,0,0,0,N/A
2025-10-12 19:23:50,0,4439.24,75,29,2846,2846.72,100,ok,0,0,0,0.00,0,0,0,0,0,N/A
2025-10-12 19:23:54,0,4439.24,75,29,2846,2846.72,100,ok,0,0,0,0.00,0,0,0,0,0,N/A
2025-10-12 19:23:58,0,4439.24,79,29,2846,2846.72,100,ok,0,0,0,0.00,0,0,0,0,0,N/A
2025-10-12 19:24:01,0,4439.24,79,29,2846,2846.72,100,ok,0,0,0,0.00,0,0,0,0,0,N/A
2025-10-12 19:24:04,0,4439.24,79,29,2846,2846.72,100,ok,0,0,0,0.00,0,0,0,0,0,N/A
2025-10-12 19:24:08,0,4439.24,79,29,2846,2846.72,100,ok,0,0,0,0.00,0,0,0,0,0,N/A
2025-10-12 19:24:11,0,4439.24,82,29,2846,2846.72,100,ok,0,0,0,0.00,0,0,0,0,0,N/A
2025-10-12 19:24:15,0,4439.24,82,29,2846,2846.72,100,ok,0,0,0,0.00,0,0,0,0,0,N/A
2025-10-12 19:24:18,0,4439.24,86,29,2846,2846.72,100,ok,0,0,0,0.00,0,0,0,0,0,N/A
2025-10-12 19:24:21,0,4439.24,86,29,2846,2846.72,100,ok,0,0,0,0.00,0,0,0,0,0,N/A
2025-10-12 19:24:24,0,4439.24,86,29,2846,2846.72,100,ok,0,0,0,0.00,0,0,0,0,0,N/A
2025-10-12 19:24:28,0,4439.24,86,29,2846,2846.72,100,ok,0,0,0,0.00,0,0,0,0,0,N/A
2025-10-12 19:24:31,0,4439.24,18,29,2846,2846.72,100,ok,0,0,0,0.00,0,0,0,0,0,N/A
2025-10-12 19:24:34,0,4439.24,18,29,2846,2846.72,100,ok,0,0,0,0.00,0,0,0,0,0,N/A
2025-10-12 19:24:38,0,4439.24,18,29,2846,2846.72,100,ok,0,0,0,0.00,0,0,0,0,0,N/A
2025-10-12 19:24:41,0,4439.24,21,29,2846,2846.72,100,ok,0,0,0,0.00,0,0,0,0,0,N/A
2025-10-12 19:24:44,0,4439.24,21,29,2846,2846.72,100,ok,0,0,0,0.00,0,0,0,0,0,N/A
2025-10-12 19:24:48,0,4439.24,21,29,2846,2846.72,100,ok,0,0,0,0.00,0,0,0,0,0,N/A
2025-10-12 19:24:51,0,4439.24,24,29,2846,2846.72,100,ok,0,0,0,0.00,0,0,0,0,0,N/A
2025-10-12 19:24:55,0,4439.24,24,29,2846,2846.72,100,ok,0,0,0,0.00,0,0,0,0,0,N/A
2025-10-12 19:24:58,0,4439.24,24,29,2846,2846.72,100,ok,0,0,0,0.00,0,0,0,0,0,N/A
2025-10-12 19:25:01,0,4439.24,28,29,2846,2846.72,100,ok,0,0,0,0.00,0,0,0,0,0,N/A
2025-10-12 19:25:04,0,4439.24,28,29,2846,2846.72,100,ok,0,0,0,0.00,0,0,0,0,0,N/A
2025-10-12 19:25:08,0,4439.24,28,29,2846,2846.72,100,ok,0,0,0,0.00,0,0,0,0,0,N/A
2025-10-12 19:25:11,0,4439.24,31,29,2846,2846.72,100,ok,0,0,0,0.00,0,0,0,0,0,N/A
2025-10-12 19:25:14,0,4439.24,31,29,2846,2846.72,100,ok,0,0,0,0.00,0,0,0,0,0,N/A
2025-10-12 19:25:18,0,4439.24,31,29,2846,2846.72,100,ok,0,0,0,0.00,0,0,0,0,0,N/A
2025-10-12 19:25:21,0,4439.24,34,29,2846,2846.72,100,ok,0,0,0,0.00,0,0,0,0,0,N/A
2025-10-12 19:25:25,0,4439.24,34,29,2846,2846.72,100,ok,0,0,0,0.00,0,0,0,0,0,N/A
2025-10-12 19:25:28,0,4439.24,34,29,2846,2846.72,100,ok,0,0,0,0.00,0,0,0,0,0,N/A
2025-10-12 19:25:31,0,4439.24,38,29,2846,2846.72,100,ok,0,0,0,0.00,0,0,0,0,0,N/A
2025-10-12 19:25:35,0,4439.24,38,29,2846,2846.72,100,ok,0,0,0,0.00,0,0,0,0,0,N/A
2025-10-12 19:25:38,0,4439.24,38,29,2846,2846.72,100,ok,0,0,0,0.00,0,0,0,0,0,N/A
2025-10-12 19:25:42,0,4439.24,41,29,2846,2846.72,100,ok,0,0,0,0.00,0,0,0,0,0,N/A
2025-10-12 19:25:47,0,4439.24,41,29,2846,2846.72,100,ok,0,0,0,0.00,0,0,0,0,0,N/A
2025-10-12 19:25:51,0,4439.24,45,29,2846,2846.72,100,ok,0,0,0,0.00,0,0,0,0,0,N/A
2025-10-12 19:25:54,0,4439.24,45,29,2846,2846.72,100,ok,0,0,0,0.00,0,0,0,0,0,N/A
2025-10-12 19:25:58,0,4439.24,45,29,2846,2846.72,100,ok,0,0,0,0.00,0,0,0,0,0,N/A
2025-10-12 19:26:01,0,4439.24,48,29,2846,2846.72,100,ok,0,0,0,0.00,0,0,0,0,0,N/A
2025-10-12 19:26:07,0,4439.24,48,29,2846,2846.72,100,ok,0,0,0,0.00,0,0,0,0,0,N/A
2025-10-12 19:26:10,0,4439.24,51,29,2846,2846.72,100,ok,0,0,0,0.00,0,0,0,0,0,N/A
2025-10-12 19:26:14,0,4439.24,51,29,2846,2846.72,100,ok,0,0,0,0.00,0,0,0,0,0,N/A
2025-10-12 19:26:18,0,4439.24,51,29,2846,2846.72,100,ok,0,0,0,0.00,0,0,0,0,0,N/A
2025-10-12 19:26:22,0,4439.24,55,29,2846,2846.72,100,ok,0,0,0,0.00,0,0,0,0,0,N/A
2025-10-12 19:26:27,0,4439.24,55,29,2846,2846.72,100,ok,0,0,0,0.00,0,0,0,0,0,N/A
2025-10-12 19:26:30,0,4439.24,55,29,2846,2846.72,100,ok,0,0,0,0.00,0,0,0,0,0,N/A
2025-10-12 19:26:34,0,4439.24,60,29,2846,2846.72,100,ok,0,0,0,0.00,0,0,0,0,0,N/A
2025-10-12 19:26:37,0,4439.24,60,29,2846,2846.72,100,ok,0,0,0,0.00,0,0,0,0,0,N/A
2025-10-12 19:26:41,0,4439.24,60,29,2846,2846.72,100,ok,0,0,0,0.00,0,0,0,0,0,N/A
2025-10-12 19:26:48,0,4439.24,62,29,2846,2846.72,100,ok,0,0,0,0.00,0,0,0,0,0,N/A
2025-10-12 19:26:52,0,4439.24,62,29,2846,2846.72,100,ok,0,0,0,0.00,0,0,0,0,0,N/A
2025-10-12 19:26:57,0,4439.24,67,29,2846,2846.72,100,ok,0,0,0,0.00,0,0,0,0,0,N/A
2025-10-12 19:27:01,0,4439.24,67,29,2846,2846.72,100,ok,0,0,0,0.00,0,0,0,0,0,N/A
2025-10-12 19:27:04,0,4439.24,67,29,2846,2846.72,100,ok,0,0,0,0.00,0,0,0,0,0,N/A
2025-10-12 19:27:08,0,4439.24,70,29,2846,2846.72,100,ok,0,0,0,0.00,0,0,0,0,0,N/A
2025-10-12 19:27:12,0,4439.24,70,29,2846,2846.72,100,ok,0,0,0,0.00,0,0,0,0,0,N/A
2025-10-12 19:27:17,0,4439.24,74,29,2846,2846.72,100,ok,0,0,0,0.00,0,0,0,0,0,N/A
2025-10-12 19:27:21,0,4439.24,74,29,2846,2846.72,100,ok,0,0,0,0.00,0,0,0,0,0,N/A
2025-10-12 19:27:24,0,4439.24,74,29,2846,2846.72,100,ok,0,0,0,0.00,0,0,0,0,0,N/A
2025-10-12 19:27:28,0,4439.24,77,29,2846,2846.72,100,ok,0,0,0,0.00,0,0,0,0,0,N/A
2025-10-12 19:27:32,0,4439.24,77,29,2846,2846.72,100,ok,0,0,0,0.00,0,0,0,0,0,N/A
2025-10-12 19:27:36,0,4439.24,81,29,2846,2846.72,100,ok,0,0,0,0.00,0,0,0,0,0,N/A
2025-10-12 19:27:40,0,4439.24,81,29,2846,2846.72,100,ok,0,0,0,0.00,0,0,0,0,0,N/A
2025-10-12 19:27:43,0,4439.24,81,29,2846,2846.72,100,ok,0,0,0,0.00,0,0,0,0,0,N/A
2025-10-12 19:27:47,0,4439.24,84,29,2846,2846.72,100,ok,0,0,0,0.00,0,0,0,0,0,N/A
2025-10-12 19:27:50,0,4439.24,84,29,2846,2846.72,100,ok,0,0,0,0.00,0,0,0,0,0,N/A
2025-10-12 19:27:54,0,4439.24,84,29,2846,2846.72,100,ok,0,0,0,0.00,0,0,0,0,0,N/A
2025-10-12 19:27:58,0,4439.24,17,29,2846,2846.72,100,ok,0,0,0,0.00,0,0,0,0,0,N/A
2025-10-12 19:28:01,0,4439.24,17,29,2846,2846.72,100,ok,0,0,0,0.00,0,0,0,0,0,N/A
2025-10-12 19:28:04,0,4439.24,17,29,2846,2846.72,100,ok,0,0,0,0.00,0,0,0,0,0,N/A
2025-10-12 19:28:08,0,4439.24,20,29,2846,2846.72,100,ok,0,0,0,0.00,0,0,0,0,0,N/A
2025-10-12 19:28:11,0,4439.24,20,29,2846,2846.72,100,ok,0,0,0,0.00,0,0,0,0,0,N/A
2025-10-12 19:28:19,0,4439.24,23,29,2846,2846.72,100,ok,0,0,0,0.00,0,0,0,0,0,N/A
2025-10-12 19:28:22,0,4439.24,23,29,2846,2846.72,100,ok,0,0,0,0.00,0,0,0,0,0,N/A
2025-10-12 19:28:27,0,4439.24,23,29,2846,2846.72,100,ok,0,0,0,0.00,0,0,0,0,0,N/A
2025-10-12 19:28:30,0,4439.24,27,29,2846,2846.72,100,ok,0,0,0,0.00,0,0,0,0,0,N/A
2025-10-12 19:28:34,0,4439.24,27,29,2846,2846.72,100,ok,0,0,0,0.00,0,0,0,0,0,N/A
2025-10-12 19:28:38,0,4439.24,27,29,2846,2846.72,100,ok,0,0,0,0.00,0,0,0,0,0,N/A
2025-10-12 19:28:41,0,4439.24,30,29,2846,2846.72,100,ok,0,0,0,0.00,0,0,0,0,0,N/A
2025-10-12 19:28:45,0,4439.24,30,29,2846,2846.72,100,ok,0,0,0,0.00,0,0,0,0,0,N/A
2025-10-12 19:28:48,0,4439.24,33,29,2846,2846.72,100,ok,0,0,0,0.00,0,0,0,0,0,N/A
2025-10-12 19:28:52,0,4439.24,33,29,2846,2846.72,100,ok,0,0,0,0.00,0,0,0,0,0,N/A
2025-10-12 19:28:57,0,4439.24,33,29,2846,2846.72,100,ok,0,0,0,0.00,0,0,0,0,0,N/A
2025-10-12 19:29:00,0,4439.24,37,29,2846,2846.72,100,ok,0,0,0,0.00,0,0,0,0,0,N/A
2025-10-12 19:29:04,0,4439.24,37,29,2846,2846.72,100,ok,0,0,0,0.00,0,0,0,0,0,N/A
2025-10-12 19:29:08,0,4439.24,37,29,2846,2846.72,100,ok,0,0,0,0.00,0,0,0,0,0,N/A
2025-10-12 19:29:12,0,4439.24,37,29,2846,2846.72,100,ok,0,0,0,0.00,0,0,0,0,0,N/A
2025-10-12 19:29:17,0,4439.24,40,29,2846,2846.72,100,ok,0,0,0,0.00,0,0,0,0,0,N/A
2025-10-12 19:29:21,0,4439.24,40,29,2846,2846.72,100,ok,0,0,0,0.00,0,0,0,0,0,N/A
2025-10-12 19:29:25,0,4439.24,44,29,2846,2846.72,100,ok,0,0,0,0.00,0,0,0,0,0,N/A
2025-10-12 19:29:28,0,4439.24,44,29,2846,2846.72,100,ok,0,0,0,0.00,0,0,0,0,0,N/A
2025-10-12 19:29:32,0,4439.24,44,29,2846,2846.72,100,ok,0,0,0,0.00,0,0,0,0,0,N/A
2025-10-12 19:29:37,0,4439.24,47,29,2846,2846.72,100,ok,0,0,0,0.00,0,0,0,0,0,N/A
2025-10-12 19:29:40,0,4439.24,47,29,2846,2846.72,100,ok,0,0,0,0.00,0,0,0,0,0,N/A
2025-10-12 19:29:44,0,4439.24,47,29,2846,2846.72,100,ok,0,0,0,0.00,0,0,0,0,0,N/A
2025-10-12 19:29:48,0,4439.24,52,29,2846,2846.72,100,ok,0,0,0,0.00,0,0,0,0,0,N/A
2025-10-12 19:29:51,0,4439.24,52,29,2846,2846.72,100,ok,0,0,0,0.00,0,0,0,0,0,N/A
2025-10-12 19:29:54,0,4439.24,56,29,2846,2846.72,100,ok,0,0,0,0.00,0,0,0,0,0,N/A
2025-10-12 19:29:58,0,4439.24,56,29,2846,2846.72,100,ok,0,0,0,0.00,0,0,0,0,0,N/A
2025-10-12 19:30:01,0,4439.24,56,29,2846,2846.72,100,ok,0,0,0,0.00,0,0,0,0,0,N/A
2025-10-12 19:30:04,0,4439.24,56,29,2846,2846.72,100,ok,0,0,0,0.00,0,0,0,0,0,N/A
2025-10-12 19:30:08,0,4439.24,59,29,2846,2846.72,100,ok,0,0,0,0.00,0,0,0,0,0,N/A
2025-10-12 19:30:11,0,4439.24,59,29,2846,2846.72,100,ok,0,0,0,0.00,0,0,0,0,0,N/A
2025-10-12 19:30:14,0,4439.24,59,29,2846,2846.72,100,ok,0,0,0,0.00,0,0,0,0,0,N/A
2025-10-12 19:30:18,0,4439.24,63,29,2846,2846.72,100,ok,0,0,0,0.00,0,0,0,0,0,N/A
2025-10-12 19:30:21,0,4439.24,63,29,2846,2846.72,100,ok,0,0,0,0.00,0,0,0,0,0,N/A
2025-10-12 19:30:25,0,4439.24,66,29,2846,2846.72,100,ok,0,0,0,0.00,0,0,0,0,0,N/A
2025-10-12 19:30:28,0,4439.24,66,29,2846,2846.72,100,ok,0,0,0,0.00,0,0,0,0,0,N/A
2025-10-12 19:30:31,0,4439.24,66,29,2846,2846.72,100,ok,0,0,0,0.00,0,0,0,0,0,N/A
2025-10-12 19:30:36,0,4439.24,70,29,2846,2846.72,100,ok,0,0,0,0.00,0,0,0,0,0,N/A
2025-10-12 19:30:40,0,4439.24,70,29,2846,2846.72,100,ok,0,0,0,0.00,0,0,0,0,0,N/A
2025-10-12 19:30:44,0,4439.24,70,29,2846,2846.72,100,ok,0,0,0,0.00,0,0,0,0,0,N/A
2025-10-12 19:30:47,0,4439.24,73,29,2846,2846.72,100,ok,0,0,0,0.00,0,0,0,0,0,N/A
2025-10-12 19:30:51,0,4439.24,73,29,2846,2846.72,100,ok,0,0,0,0.00,0,0,0,0,0,N/A
2025-10-12 19:30:54,0,4439.24,73,29,2846,2846.72,100,ok,0,0,0,0.00,0,0,0,0,0,N/A
2025-10-12 19:30:57,0,4439.24,76,29,2846,2846.72,100,ok,0,0,0,0.00,0,0,0,0,0,N/A
2025-10-12 19:31:01,0,4439.24,76,29,2846,2846.72,100,ok,0,0,0,0.00,0,0,0,0,0,N/A
2025-10-12 19:31:05,0,4439.24,76,29,2846,2846.72,100,ok,0,0,0,0.00,0,0,0,0,0,N/A
2025-10-12 19:31:08,0,4439.24,80,29,2846,2846.72,100,ok,0,0,0,0.00,0,0,0,0,0,N/A
2025-10-12 19:31:11,0,4439.24,80,29,2846,2846.72,100,ok,0,0,0,0.00,0,0,0,0,0,N/A
2025-10-12 19:31:14,0,4439.24,80,29,2846,2846.72,100,ok,0,0,0,0.00,0,0,0,0,0,N/A
2025-10-12 19:31:18,0,4439.24,83,29,2846,2846.72,100,ok,0,0,0,0.00,0,0,0,0,0,N/A
2025-10-12 19:31:21,0,4439.24,83,29,2846,2846.72,100,ok,0,0,0,0.00,0,0,0,0,0,N/A
2025-10-12 19:31:26,0,4439.24,83,29,2846,2846.72,100,ok,0,0,0,0.00,0,0,0,0,0,N/A
2025-10-12 19:31:29,0,4439.24,15,29,2846,2846.72,100,ok,0,0,0,0.00,0,0,0,0,0,N/A
2025-10-12 19:31:32,0,4439.24,15,29,2846,2846.72,100,ok,0,0,0,0.00,0,0,0,0,0,N/A
2025-10-12 19:31:37,0,4439.24,15,29,2846,2846.72,100,ok,0,0,0,0.00,0,0,0,0,0,N/A
2025-10-12 19:31:40,0,4439.24,19,29,2846,2846.72,100,ok,0,0,0,0.00,0,0,0,0,0,N/A
2025-10-12 19:31:44,0,4439.24,19,29,2846,2846.72,100,ok,0,0,0,0.00,0,0,0,0,0,N/A
2025-10-12 19:31:48,0,4439.24,19,29,2846,2846.72,100,ok,0,0,0,0.00,0,0,0,0,0,N/A
2025-10-12 19:31:51,0,4439.24,22,29,2846,2846.72,100,ok,0,0,0,0.00,0,0,0,0,0,N/A
2025-10-12 19:31:56,0,4439.24,22,29,2846,2846.72,100,ok,0,0,0,0.00,0,0,0,0,0,N/A
2025-10-12 19:31:59,0,4439.24,22,29,2846,2846.72,100,ok,0,0,0,0.00,0,0,0,0,0,N/A
2025-10-12 19:32:03,0,4439.24,27,29,2846,2846.72,100,ok,0,0,0,0.00,0,0,0,0,0,N/A
2025-10-12 19:32:08,0,4439.24,27,29,2846,2846.72,100,ok,0,0,0,0.00,0,0,0,0,0,N/A
2025-10-12 19:32:11,0,4439.24,27,29,2846,2846.72,100,ok,0,0,0,0.00,0,0,0,0,0,N/A
2025-10-12 19:32:16,0,4439.24,32,29,2846,2846.72,100,ok,0,0,0,0.00,0,0,0,0,0,N/A
2025-10-12 19:32:20,0,4439.24,32,29,2846,2846.72,100,ok,0,0,0,0.00,0,0,0,0,0,N/A
2025-10-12 19:32:24,0,4439.24,32,29,2846,2846.72,100,ok,0,0,0,0.00,0,0,0,0,0,N/A
2025-10-12 19:32:28,0,4439.24,35,29,2846,2846.72,100,ok,0,0,0,0.00,0,0,0,0,0,N/A
2025-10-12 19:32:32,0,4439.24,35,29,2846,2846.72,100,ok,0,0,0,0.00,0,0,0,0,0,N/A
2025-10-12 19:32:37,0,4439.24,35,29,2846,2846.72,100,ok,0,0,0,0.00,0,0,0,0,0,N/A
2025-10-12 19:32:41,0,4439.24,38,29,2846,2846.72,100,ok,0,0,0,0.00,0,0,0,0,0,N/A
2025-10-12 19:32:46,0,4439.24,38,29,2846,2846.72,100,ok,0,0,0,0.00,0,0,0,0,0,N/A
2025-10-12 19:32:50,0,4439.24,42,29,2846,2846.72,100,ok,0,0,0,0.00,0,0,0,0,0,N/A
2025-10-12 19:32:54,0,4439.24,42,29,2846,2846.72,100,ok,0,0,0,0.00,0,0,0,0,0,N/A
2025-10-12 19:32:58,0,4439.24,42,29,2846,2846.72,100,ok,0,0,0,0.00,0,0,0,0,0,N/A
2025-10-12 19:33:02,0,4439.24,45,29,2846,2846.72,100,ok,0,0,0,0.00,0,0,0,0,0,N/A
2025-10-12 19:33:07,0,4439.24,45,29,2846,2846.72,100,ok,0,0,0,0.00,0,0,0,0,0,N/A
2025-10-12 19:33:11,0,4439.24,48,29,2846,2846.72,100,ok,0,0,0,0.00,0,0,0,0,0,N/A
2025-10-12 19:33:21,0,4439.24,52,29,2846,2846.72,100,ok,0,0,0,0.00,0,0,0,0,0,N/A
2025-10-12 19:33:24,0,4439.24,52,29,2846,2846.72,100,ok,0,0,0,0.00,0,0,0,0,0,N/A
2025-10-12 19:33:28,0,4439.24,52,29,2846,2846.72,100,ok,0,0,0,0.00,0,0,0,0,0,N/A
2025-10-12 19:33:31,0,4439.24,55,29,2846,2846.72,100,ok,0,0,0,0.00,0,0,0,0,0,N/A
2025-10-12 19:33:35,0,4439.24,55,29,2846,2846.72,100,ok,0,0,0,0.00,0,0,0,0,0,N/A
2025-10-12 19:33:38,0,4439.24,55,29,2846,2846.72,100,ok,0,0,0,0.00,0,0,0,0,0,N/A
2025-10-12 19:33:41,0,4439.24,55,29,2846,2846.72,100,ok,0,0,0,0.00,0,0,0,0,0,N/A
2025-10-12 19:33:44,0,4439.24,59,29,2846,2846.72,100,ok,0,0,0,0.00,0,0,0,0,0,N/A
2025-10-12 19:33:47,0,4439.24,59,29,2846,2846.72,100,ok,0,0,0,0.00,0,0,0,0,0,N/A
2025-10-12 19:33:51,0,4439.24,59,29,2846,2846.72,100,ok,0,0,0,0.00,0,0,0,0,0,N/A
2025-10-12 19:33:54,0,4439.24,62,29,2846,2846.72,100,ok,0,0,0,0.00,0,0,0,0,0,N/A
2025-10-12 19:33:58,0,4439.24,62,29,2846,2846.72,100,ok,0,0,0,0.00,0,0,0,0,0,N/A
2025-10-12 19:34:02,0,4439.24,65,29,2846,2846.72,100,ok,0,0,0,0.00,0,0,0,0,0,N/A
2025-10-12 19:34:07,0,4439.24,65,29,2846,2846.72,100,ok,0,0,0,0.00,0,0,0,0,0,N/A
2025-10-12 19:34:10,0,4439.24,65,29,2846,2846.72,100,ok,0,0,0,0.00,0,0,0,0,0,N/A
2025-10-12 19:34:14,0,4439.24,70,29,2846,2846.72,100,ok,0,0,0,0.00,0,0,0,0,0,N/A
2025-10-12 19:34:18,0,4439.24,70,29,2846,2846.72,100,ok,0,0,0,0.00,0,0,0,0,0,N/A
2025-10-12 19:34:21,0,4439.24,70,29,2846,2846.72,100,ok,0,0,0,0.00,0,0,0,0,0,N/A
2025-10-12 19:34:24,0,4439.24,74,29,2846,2846.72,100,ok,0,0,0,0.00,0,0,0,0,0,N/A
2025-10-12 19:34:28,0,4439.24,74,29,2846,2846.72,100,ok,0,0,0,0.00,0,0,0,0,0,N/A
2025-10-12 19:34:31,0,4439.24,74,29,2846,2846.72,100,ok,0,0,0,0.00,0,0,0,0,0,N/A
2025-10-12 19:34:35,0,4439.24,78,29,2846,2846.72,100,ok,0,0,0,0.00,0,0,0,0,0,N/A
2025-10-12 19:34:38,0,4439.24,78,29,2846,2846.72,100,ok,0,0,0,0.00,0,0,0,0,0,N/A
2025-10-12 19:34:41,0,4439.24,78,29,2846,2846.72,100,ok,0,0,0,0.00,0,0,0,0,0,N/A
2025-10-12 19:34:46,0,4439.24,81,29,2846,2846.72,100,ok,0,0,0,0.00,0,0,0,0,0,N/A
2025-10-12 19:34:49,0,4439.24,81,29,2846,2846.72,100,ok,0,0,0,0.00,0,0,0,0,0,N/A
2025-10-12 19:34:53,0,4439.24,81,29,2846,2846.72,100,ok,0,0,0,0.00,0,0,0,0,0,N/A
2025-10-12 19:34:57,0,4439.24,84,29,2846,2846.72,100,ok,0,0,0,0.00,0,0,0,0,0,N/A
2025-10-12 19:35:01,0,4439.24,84,29,2846,2846.72,100,ok,0,0,0,0.00,0,0,0,0,0,N/A
2025-10-12 19:35:07,0,4439.24,84,29,2846,2846.72,100,ok,0,0,0,0.00,0,0,0,0,0,N/A
2025-10-12 19:35:10,0,4439.24,17,29,2846,2846.72,100,ok,0,0,0,0.00,0,0,0,0,0,N/A
2025-10-12 19:35:14,0,4439.24,17,29,2846,2846.72,100,ok,0,0,0,0.00,0,0,0,0,0,N/A
2025-10-12 19:35:18,0,4439.24,20,29,2846,2846.72,100,ok,0,0,0,0.00,0,0,0,0,0,N/A
2025-10-12 19:35:22,0,4439.24,20,29,2846,2846.72,100,ok,0,0,0,0.00,0,0,0,0,0,N/A
2025-10-12 19:35:26,0,4439.24,20,29,2846,2846.72,100,ok,0,0,0,0.00,0,0,0,0,0,N/A
